[2026-07-05 16:07:17] local.ERROR: PHP Parse error: Syntax error, unexpected T_NS_SEPARATOR on line 1 {"exception":"[object] (Psy\\Exception\\ParseErrorException(code: 0): PHP Parse error: Syntax error, unexpected T_NS_SEPARATOR on line 1 at D:/Global Supply/supply-chain-platform/vendor/psy/psysh/src/Exception/ParseErrorException.php:44)
[stacktrace]
#0 D:/Global Supply/supply-chain-platform/vendor/psy/psysh/src/CodeCleaner.php(657): Psy/Exception/ParseErrorException::fromParseError(Object(PhpParser/Error))
#1 D:/Global Supply/supply-chain-platform/vendor/psy/psysh/src/CodeCleaner.php(273): Psy/CodeCleaner->parse('<?php  try { // ...', false)
#2 D:/Global Supply/supply-chain-platform/vendor/psy/psysh/src/Shell.php(1399): Psy/CodeCleaner->clean(Array, false)
#3 D:/Global Supply/supply-chain-platform/vendor/psy/psysh/src/Shell.php(1506): Psy/Shell->appendCode(' try { // = app(...', true, false)
#4 D:/Global Supply/supply-chain-platform/vendor/psy/psysh/src/Shell.php(2215): Psy/Shell->setCode(' try { // = app(...', true)
#5 D:/Global Supply/supply-chain-platform/vendor/laravel/tinker/src/Console/TinkerCommand.php(77): Psy/Shell->execute(' try { // = app(...')
#6 D:/Global Supply/supply-chain-platform/vendor/laravel/framework/src/Illuminate/Container/BoundMethod.php(36): Laravel/Tinker/Console/TinkerCommand->handle()
#7 D:/Global Supply/supply-chain-platform/vendor/laravel/framework/src/Illuminate/Container/Util.php(43): Illuminate/Container/BoundMethod::Illuminate/Container/{closure}()
#8 D:/Global Supply/supply-chain-platform/vendor/laravel/framework/src/Illuminate/Container/BoundMethod.php(95): Illuminate/Container/Util::unwrapIfClosure(Object(Closure))
#9 D:/Global Supply/supply-chain-platform/vendor/laravel/framework/src/Illuminate/Container/BoundMethod.php(35): Illuminate/Container/BoundMethod::callBoundMethod(Object(Illuminate/Foundation/Application), Array, Object(Closure))
#10 D:/Global Supply/supply-chain-platform/vendor/laravel/framework/src/Illuminate/Container/Container.php(696): Illuminate/Container/BoundMethod::call(Object(Illuminate/Foundation/Application), Array, Array, NULL)
#11 D:/Global Supply/supply-chain-platform/vendor/laravel/framework/src/Illuminate/Console/Command.php(213): Illuminate/Container/Container->call(Array)
#12 D:/Global Supply/supply-chain-platform/vendor/symfony/console/Command/Command.php(341): Illuminate/Console/Command->execute(Object(Symfony/Component/Console/Input/ArgvInput), Object(Illuminate/Console/OutputStyle))
#13 D:/Global Supply/supply-chain-platform/vendor/laravel/framework/src/Illuminate/Console/Command.php(182): Symfony/Component/Console/Command/Command->run(Object(Symfony/Component/Console/Input/ArgvInput), Object(Illuminate/Console/OutputStyle))
#14 D:/Global Supply/supply-chain-platform/vendor/symfony/console/Application.php(1117): Illuminate/Console/Command->run(Object(Symfony/Component/Console/Input/ArgvInput), Object(Symfony/Component/Console/Output/ConsoleOutput))
#15 D:/Global Supply/supply-chain-platform/vendor/symfony/console/Application.php(356): Symfony/Component/Console/Application->doRunCommand(Object(Laravel/Tinker/Console/TinkerCommand), Object(Symfony/Component/Console/Input/ArgvInput), Object(Symfony/Component/Console/Output/ConsoleOutput))
#16 D:/Global Supply/supply-chain-platform/vendor/symfony/console/Application.php(195): Symfony/Component/Console/Application->doRun(Object(Symfony/Component/Console/Input/ArgvInput), Object(Symfony/Component/Console/Output/ConsoleOutput))
#17 D:/Global Supply/supply-chain-platform/vendor/laravel/framework/src/Illuminate/Foundation/Console/Kernel.php(198): Symfony/Component/Console/Application->run(Object(Symfony/Component/Console/Input/ArgvInput), Object(Symfony/Component/Console/Output/ConsoleOutput))
#18 D:/Global Supply/supply-chain-platform/vendor/laravel/framework/src/Illuminate/Foundation/Application.php(1235): Illuminate/Foundation/Console/Kernel->handle(Object(Symfony/Component/Console/Input/ArgvInput), Object(Symfony/Component/Console/Output/ConsoleOutput))
#19 D:/Global Supply/supply-chain-platform/artisan(17): Illuminate/Foundation/Application->handleCommand(Object(Symfony/Component/Console/Input/ArgvInput))
#20 {main}
"} 
[2026-07-05 16:09:05] local.ERROR: [worldbank] cURL error 28: Operation timed out after 15004 milliseconds with 0 bytes received (see https://curl.se/libcurl/c/libcurl-errors.html) for https://api.worldbank.org/v2/country/DE/indicator/NY.GDP.MKTP.CD?format=json&date=2025%3A2025&per_page=1  
[2026-07-05 16:09:33] local.ERROR: [worldbank] cURL error 28: Operation timed out after 15008 milliseconds with 0 bytes received (see https://curl.se/libcurl/c/libcurl-errors.html) for https://api.worldbank.org/v2/country/DE/indicator/NE.IMP.GNFS.CD?format=json&date=2025%3A2025&per_page=1  
[2026-07-05 16:17:46] local.ERROR: Maximum execution time of 60 seconds exceeded {"userId":2,"exception":"[object] (Symfony\\Component\\ErrorHandler\\Error\\FatalError(code: 0): Maximum execution time of 60 seconds exceeded at D:/Global Supply/supply-chain-platform/vendor/guzzlehttp/guzzle/src/Handler/CurlFactory.php:1918)
[stacktrace]
#0 {main}
"} 
[2026-07-05 16:18:20] local.ERROR: [worldbank] cURL error 28: Operation timed out after 15088 milliseconds with 0 bytes received (see https://curl.se/libcurl/c/libcurl-errors.html) for https://api.worldbank.org/v2/country/JP/indicator/FP.CPI.TOTL.ZG?format=json&date=2025%3A2025&per_page=1  
[2026-07-05 16:22:14] local.ERROR: [worldbank] cURL error 28: Operation timed out after 15003 milliseconds with 0 bytes received (see https://curl.se/libcurl/c/libcurl-errors.html) for https://api.worldbank.org/v2/country/BR/indicator/SP.POP.TOTL?format=json&date=2025%3A2025&per_page=1  
[2026-07-05 16:41:25] local.ERROR: [worldbank] cURL error 28: Operation timed out after 15010 milliseconds with 0 bytes received (see https://curl.se/libcurl/c/libcurl-errors.html) for https://api.worldbank.org/v2/country/FR/indicator/NY.GDP.PCAP.CD?format=json&date=2025%3A2025&per_page=1  
[2026-07-05 16:41:40] local.ERROR: [worldbank] cURL error 28: Operation timed out after 15003 milliseconds with 0 bytes received (see https://curl.se/libcurl/c/libcurl-errors.html) for https://api.worldbank.org/v2/country/FR/indicator/FP.CPI.TOTL.ZG?format=json&date=2025%3A2025&per_page=1  
[2026-07-05 16:42:06] local.ERROR: Maximum execution time of 60 seconds exceeded {"userId":2,"exception":"[object] (Symfony\\Component\\ErrorHandler\\Error\\FatalError(code: 0): Maximum execution time of 60 seconds exceeded at D:/Global Supply/supply-chain-platform/vendor/guzzlehttp/guzzle/src/Handler/CurlFactory.php:1918)
[stacktrace]
#0 {main}
"} 
[2026-07-05 16:42:35] local.ERROR: [worldbank] cURL error 28: Operation timed out after 15004 milliseconds with 0 bytes received (see https://curl.se/libcurl/c/libcurl-errors.html) for https://api.worldbank.org/v2/country/FR/indicator/NE.EXP.GNFS.CD?format=json&date=2025%3A2025&per_page=1  
[2026-07-08 00:00:19] local.ERROR: [openmeteo] cURL error 28: SSL connection timeout (see https://curl.se/libcurl/c/libcurl-errors.html) for https://api.open-meteo.com/v1/forecast?latitude=-0.7893&longitude=113.9213&current=temperature_2m%2Capparent_temperature%2Cprecipitation%2Cwindspeed_10m%2Cwindgusts_10m%2Cweathercode%2Ccloudcover%2Crelativehumidity_2m&timezone=auto&forecast_days=1  
[2026-07-08 00:01:06] local.ERROR: [worldbank] cURL error 28: Operation timed out after 15007 milliseconds with 0 bytes received (see https://curl.se/libcurl/c/libcurl-errors.html) for https://api.worldbank.org/v2/country/CN/indicator/NY.GDP.PCAP.CD?format=json&date=2025%3A2025&per_page=1  
[2026-07-08 00:01:12] local.ERROR: Maximum execution time of 60 seconds exceeded {"userId":3,"exception":"[object] (Symfony\\Component\\ErrorHandler\\Error\\FatalError(code: 0): Maximum execution time of 60 seconds exceeded at D:/Global Supply/supply-chain-platform/vendor/guzzlehttp/guzzle/src/Handler/CurlFactory.php:1918)
[stacktrace]
#0 {main}
"} 
[2026-07-08 00:01:35] local.ERROR: [worldbank] cURL error 28: Operation timed out after 15012 milliseconds with 0 bytes received (see https://curl.se/libcurl/c/libcurl-errors.html) for https://api.worldbank.org/v2/country/CN/indicator/NY.GDP.PCAP.CD?format=json&date=2025%3A2025&per_page=1  
[2026-07-08 00:02:07] local.ERROR: [worldbank] cURL error 28: Operation timed out after 15012 milliseconds with 0 bytes received (see https://curl.se/libcurl/c/libcurl-errors.html) for https://api.worldbank.org/v2/country/DE/indicator/NY.GDP.MKTP.CD?format=json&date=2025%3A2025&per_page=1  
[2026-07-08 00:02:07] local.ERROR: [worldbank] cURL error 6: Could not resolve host: api.worldbank.org (see https://curl.se/libcurl/c/libcurl-errors.html) for https://api.worldbank.org/v2/country/DE/indicator/NY.GDP.PCAP.CD?format=json&date=2025%3A2025&per_page=1  
[2026-07-08 00:02:07] local.ERROR: [worldbank] cURL error 6: Could not resolve host: api.worldbank.org (see https://curl.se/libcurl/c/libcurl-errors.html) for https://api.worldbank.org/v2/country/DE/indicator/FP.CPI.TOTL.ZG?format=json&date=2025%3A2025&per_page=1  
[2026-07-08 00:02:07] local.ERROR: [worldbank] cURL error 6: Could not resolve host: api.worldbank.org (see https://curl.se/libcurl/c/libcurl-errors.html) for https://api.worldbank.org/v2/country/DE/indicator/SL.UEM.TOTL.ZS?format=json&date=2025%3A2025&per_page=1  
[2026-07-08 00:02:07] local.ERROR: [worldbank] cURL error 6: Could not resolve host: api.worldbank.org (see https://curl.se/libcurl/c/libcurl-errors.html) for https://api.worldbank.org/v2/country/DE/indicator/SP.POP.TOTL?format=json&date=2025%3A2025&per_page=1  
[2026-07-08 00:02:07] local.ERROR: [worldbank] cURL error 6: Could not resolve host: api.worldbank.org (see https://curl.se/libcurl/c/libcurl-errors.html) for https://api.worldbank.org/v2/country/DE/indicator/NE.EXP.GNFS.CD?format=json&date=2025%3A2025&per_page=1  
[2026-07-08 00:02:07] local.ERROR: [worldbank] cURL error 6: Could not resolve host: api.worldbank.org (see https://curl.se/libcurl/c/libcurl-errors.html) for https://api.worldbank.org/v2/country/DE/indicator/NE.IMP.GNFS.CD?format=json&date=2025%3A2025&per_page=1  
[2026-07-08 00:02:07] local.ERROR: [openmeteo] cURL error 6: Could not resolve host: api.open-meteo.com (see https://curl.se/libcurl/c/libcurl-errors.html) for https://api.open-meteo.com/v1/forecast?latitude=-25&longitude=133&current=temperature_2m%2Capparent_temperature%2Cprecipitation%2Cwindspeed_10m%2Cwindgusts_10m%2Cweathercode%2Ccloudcover%2Crelativehumidity_2m&timezone=auto&forecast_days=1  
[2026-07-08 00:02:07] local.ERROR: [worldbank] cURL error 6: Could not resolve host: api.worldbank.org (see https://curl.se/libcurl/c/libcurl-errors.html) for https://api.worldbank.org/v2/country/AU/indicator/NY.GDP.MKTP.CD?format=json&date=2025%3A2025&per_page=1  
[2026-07-08 00:02:07] local.ERROR: [worldbank] cURL error 6: Could not resolve host: api.worldbank.org (see https://curl.se/libcurl/c/libcurl-errors.html) for https://api.worldbank.org/v2/country/AU/indicator/NY.GDP.PCAP.CD?format=json&date=2025%3A2025&per_page=1  
[2026-07-08 00:02:07] local.ERROR: [worldbank] cURL error 6: Could not resolve host: api.worldbank.org (see https://curl.se/libcurl/c/libcurl-errors.html) for https://api.worldbank.org/v2/country/AU/indicator/FP.CPI.TOTL.ZG?format=json&date=2025%3A2025&per_page=1  
[2026-07-08 00:02:07] local.ERROR: [worldbank] cURL error 6: Could not resolve host: api.worldbank.org (see https://curl.se/libcurl/c/libcurl-errors.html) for https://api.worldbank.org/v2/country/AU/indicator/SL.UEM.TOTL.ZS?format=json&date=2025%3A2025&per_page=1  
[2026-07-08 00:02:07] local.ERROR: [worldbank] cURL error 6: Could not resolve host: api.worldbank.org (see https://curl.se/libcurl/c/libcurl-errors.html) for https://api.worldbank.org/v2/country/AU/indicator/SP.POP.TOTL?format=json&date=2025%3A2025&per_page=1  
[2026-07-08 00:02:07] local.ERROR: [worldbank] cURL error 6: Could not resolve host: api.worldbank.org (see https://curl.se/libcurl/c/libcurl-errors.html) for https://api.worldbank.org/v2/country/AU/indicator/NE.EXP.GNFS.CD?format=json&date=2025%3A2025&per_page=1  
[2026-07-08 00:02:07] local.ERROR: [worldbank] cURL error 6: Could not resolve host: api.worldbank.org (see https://curl.se/libcurl/c/libcurl-errors.html) for https://api.worldbank.org/v2/country/AU/indicator/NE.IMP.GNFS.CD?format=json&date=2025%3A2025&per_page=1  
[2026-07-08 00:02:07] local.ERROR: [openmeteo] cURL error 6: Could not resolve host: api.open-meteo.com (see https://curl.se/libcurl/c/libcurl-errors.html) for https://api.open-meteo.com/v1/forecast?latitude=38&longitude=-97&current=temperature_2m%2Capparent_temperature%2Cprecipitation%2Cwindspeed_10m%2Cwindgusts_10m%2Cweathercode%2Ccloudcover%2Crelativehumidity_2m&timezone=auto&forecast_days=1  
[2026-07-08 00:02:07] local.ERROR: [worldbank] cURL error 6: Could not resolve host: api.worldbank.org (see https://curl.se/libcurl/c/libcurl-errors.html) for https://api.worldbank.org/v2/country/US/indicator/NY.GDP.MKTP.CD?format=json&date=2025%3A2025&per_page=1  
[2026-07-08 00:02:07] local.ERROR: [worldbank] cURL error 6: Could not resolve host: api.worldbank.org (see https://curl.se/libcurl/c/libcurl-errors.html) for https://api.worldbank.org/v2/country/US/indicator/NY.GDP.PCAP.CD?format=json&date=2025%3A2025&per_page=1  
[2026-07-08 00:02:07] local.ERROR: [worldbank] cURL error 6: Could not resolve host: api.worldbank.org (see https://curl.se/libcurl/c/libcurl-errors.html) for https://api.worldbank.org/v2/country/US/indicator/FP.CPI.TOTL.ZG?format=json&date=2025%3A2025&per_page=1  
[2026-07-08 00:02:08] local.ERROR: [worldbank] cURL error 6: Could not resolve host: api.worldbank.org (see https://curl.se/libcurl/c/libcurl-errors.html) for https://api.worldbank.org/v2/country/US/indicator/SL.UEM.TOTL.ZS?format=json&date=2025%3A2025&per_page=1  
[2026-07-08 00:02:08] local.ERROR: [worldbank] cURL error 6: Could not resolve host: api.worldbank.org (see https://curl.se/libcurl/c/libcurl-errors.html) for https://api.worldbank.org/v2/country/US/indicator/SP.POP.TOTL?format=json&date=2025%3A2025&per_page=1  
[2026-07-08 00:02:08] local.ERROR: [worldbank] cURL error 6: Could not resolve host: api.worldbank.org (see https://curl.se/libcurl/c/libcurl-errors.html) for https://api.worldbank.org/v2/country/US/indicator/NE.EXP.GNFS.CD?format=json&date=2025%3A2025&per_page=1  
[2026-07-08 00:02:08] local.ERROR: [worldbank] cURL error 6: Could not resolve host: api.worldbank.org (see https://curl.se/libcurl/c/libcurl-errors.html) for https://api.worldbank.org/v2/country/US/indicator/NE.IMP.GNFS.CD?format=json&date=2025%3A2025&per_page=1  
[2026-07-08 00:02:08] local.ERROR: [openmeteo] cURL error 6: Could not resolve host: api.open-meteo.com (see https://curl.se/libcurl/c/libcurl-errors.html) for https://api.open-meteo.com/v1/forecast?latitude=36.2048&longitude=138.2529&current=temperature_2m%2Capparent_temperature%2Cprecipitation%2Cwindspeed_10m%2Cwindgusts_10m%2Cweathercode%2Ccloudcover%2Crelativehumidity_2m&timezone=auto&forecast_days=1  
[2026-07-08 00:02:08] local.ERROR: [worldbank] cURL error 6: Could not resolve host: api.worldbank.org (see https://curl.se/libcurl/c/libcurl-errors.html) for https://api.worldbank.org/v2/country/JP/indicator/NY.GDP.MKTP.CD?format=json&date=2025%3A2025&per_page=1  
[2026-07-08 00:02:08] local.ERROR: [worldbank] cURL error 6: Could not resolve host: api.worldbank.org (see https://curl.se/libcurl/c/libcurl-errors.html) for https://api.worldbank.org/v2/country/JP/indicator/NY.GDP.PCAP.CD?format=json&date=2025%3A2025&per_page=1  
[2026-07-08 00:02:08] local.ERROR: [worldbank] cURL error 6: Could not resolve host: api.worldbank.org (see https://curl.se/libcurl/c/libcurl-errors.html) for https://api.worldbank.org/v2/country/JP/indicator/FP.CPI.TOTL.ZG?format=json&date=2025%3A2025&per_page=1  
[2026-07-08 00:02:08] local.ERROR: [worldbank] cURL error 6: Could not resolve host: api.worldbank.org (see https://curl.se/libcurl/c/libcurl-errors.html) for https://api.worldbank.org/v2/country/JP/indicator/SL.UEM.TOTL.ZS?format=json&date=2025%3A2025&per_page=1  
[2026-07-08 00:02:08] local.ERROR: [worldbank] cURL error 6: Could not resolve host: api.worldbank.org (see https://curl.se/libcurl/c/libcurl-errors.html) for https://api.worldbank.org/v2/country/JP/indicator/SP.POP.TOTL?format=json&date=2025%3A2025&per_page=1  
[2026-07-08 00:02:08] local.ERROR: [worldbank] cURL error 6: Could not resolve host: api.worldbank.org (see https://curl.se/libcurl/c/libcurl-errors.html) for https://api.worldbank.org/v2/country/JP/indicator/NE.EXP.GNFS.CD?format=json&date=2025%3A2025&per_page=1  
[2026-07-08 00:02:08] local.ERROR: [worldbank] cURL error 6: Could not resolve host: api.worldbank.org (see https://curl.se/libcurl/c/libcurl-errors.html) for https://api.worldbank.org/v2/country/JP/indicator/NE.IMP.GNFS.CD?format=json&date=2025%3A2025&per_page=1  
[2026-07-08 00:05:12] local.ERROR: [worldbank] cURL error 6: Could not resolve host: api.worldbank.org (see https://curl.se/libcurl/c/libcurl-errors.html) for https://api.worldbank.org/v2/country/FR/indicator/NY.GDP.MKTP.CD?format=json&date=2025%3A2025&per_page=1  
[2026-07-08 00:05:12] local.ERROR: [worldbank] cURL error 6: Could not resolve host: api.worldbank.org (see https://curl.se/libcurl/c/libcurl-errors.html) for https://api.worldbank.org/v2/country/FR/indicator/NY.GDP.PCAP.CD?format=json&date=2025%3A2025&per_page=1  
[2026-07-08 00:05:12] local.ERROR: [worldbank] cURL error 6: Could not resolve host: api.worldbank.org (see https://curl.se/libcurl/c/libcurl-errors.html) for https://api.worldbank.org/v2/country/FR/indicator/FP.CPI.TOTL.ZG?format=json&date=2025%3A2025&per_page=1  
[2026-07-08 00:05:12] local.ERROR: [worldbank] cURL error 6: Could not resolve host: api.worldbank.org (see https://curl.se/libcurl/c/libcurl-errors.html) for https://api.worldbank.org/v2/country/FR/indicator/SL.UEM.TOTL.ZS?format=json&date=2025%3A2025&per_page=1  
[2026-07-08 00:05:12] local.ERROR: [worldbank] cURL error 6: Could not resolve host: api.worldbank.org (see https://curl.se/libcurl/c/libcurl-errors.html) for https://api.worldbank.org/v2/country/FR/indicator/SP.POP.TOTL?format=json&date=2025%3A2025&per_page=1  
[2026-07-08 00:05:12] local.ERROR: [worldbank] cURL error 6: Could not resolve host: api.worldbank.org (see https://curl.se/libcurl/c/libcurl-errors.html) for https://api.worldbank.org/v2/country/FR/indicator/NE.EXP.GNFS.CD?format=json&date=2025%3A2025&per_page=1  
[2026-07-08 00:05:12] local.ERROR: [worldbank] cURL error 6: Could not resolve host: api.worldbank.org (see https://curl.se/libcurl/c/libcurl-errors.html) for https://api.worldbank.org/v2/country/FR/indicator/NE.IMP.GNFS.CD?format=json&date=2025%3A2025&per_page=1  
[2026-07-08 00:05:12] local.ERROR: [openmeteo] cURL error 6: Could not resolve host: api.open-meteo.com (see https://curl.se/libcurl/c/libcurl-errors.html) for https://api.open-meteo.com/v1/forecast?latitude=46.2276&longitude=2.2137&current=temperature_2m%2Capparent_temperature%2Cprecipitation%2Cwindspeed_10m%2Cwindgusts_10m%2Cweathercode%2Ccloudcover%2Crelativehumidity_2m&timezone=auto&forecast_days=1  
[2026-07-08 00:05:12] local.ERROR: [openmeteo] cURL error 6: Could not resolve host: api.open-meteo.com (see https://curl.se/libcurl/c/libcurl-errors.html) for https://api.open-meteo.com/v1/forecast?latitude=46.2276&longitude=2.2137&current=temperature_2m%2Capparent_temperature%2Cprecipitation%2Cwindspeed_10m%2Cwindgusts_10m%2Cweathercode%2Ccloudcover%2Crelativehumidity_2m&timezone=auto&forecast_days=1  
[2026-07-08 00:05:12] local.ERROR: [worldbank] cURL error 6: Could not resolve host: api.worldbank.org (see https://curl.se/libcurl/c/libcurl-errors.html) for https://api.worldbank.org/v2/country/FR/indicator/NY.GDP.MKTP.CD?format=json&date=2021%3A2025&per_page=5  
[2026-07-08 00:05:12] local.ERROR: [worldbank] cURL error 6: Could not resolve host: api.worldbank.org (see https://curl.se/libcurl/c/libcurl-errors.html) for https://api.worldbank.org/v2/country/FR/indicator/FP.CPI.TOTL.ZG?format=json&date=2021%3A2025&per_page=5  
[2026-07-08 00:05:12] local.ERROR: [openmeteo] cURL error 6: Could not resolve host: api.open-meteo.com (see https://curl.se/libcurl/c/libcurl-errors.html) for https://api.open-meteo.com/v1/forecast?latitude=46.2276&longitude=2.2137&current=temperature_2m%2Capparent_temperature%2Cprecipitation%2Cwindspeed_10m%2Cwindgusts_10m%2Cweathercode%2Ccloudcover%2Crelativehumidity_2m&timezone=auto&forecast_days=1  
[2026-07-08 00:05:56] local.ERROR: [worldbank] cURL error 6: Could not resolve host: api.worldbank.org (see https://curl.se/libcurl/c/libcurl-errors.html) for https://api.worldbank.org/v2/country/AU/indicator/NY.GDP.MKTP.CD?format=json&date=2021%3A2025&per_page=5  
[2026-07-08 00:05:56] local.ERROR: [worldbank] cURL error 6: Could not resolve host: api.worldbank.org (see https://curl.se/libcurl/c/libcurl-errors.html) for https://api.worldbank.org/v2/country/AU/indicator/FP.CPI.TOTL.ZG?format=json&date=2021%3A2025&per_page=5  
[2026-07-08 00:06:49] local.ERROR: [openmeteo] cURL error 6: Could not resolve host: api.open-meteo.com (see https://curl.se/libcurl/c/libcurl-errors.html) for https://api.open-meteo.com/v1/forecast?latitude=-25&longitude=133&current=temperature_2m%2Capparent_temperature%2Cprecipitation%2Cwindspeed_10m%2Cwindgusts_10m%2Cweathercode%2Ccloudcover%2Crelativehumidity_2m&timezone=auto&forecast_days=1  
[2026-07-08 00:08:23] local.ERROR: [worldbank] cURL error 6: Could not resolve host: api.worldbank.org (see https://curl.se/libcurl/c/libcurl-errors.html) for https://api.worldbank.org/v2/country/EG/indicator/NY.GDP.MKTP.CD?format=json&date=2025%3A2025&per_page=1  
[2026-07-08 00:08:23] local.ERROR: [worldbank] cURL error 6: Could not resolve host: api.worldbank.org (see https://curl.se/libcurl/c/libcurl-errors.html) for https://api.worldbank.org/v2/country/EG/indicator/NY.GDP.PCAP.CD?format=json&date=2025%3A2025&per_page=1  
[2026-07-08 00:08:23] local.ERROR: [worldbank] cURL error 6: Could not resolve host: api.worldbank.org (see https://curl.se/libcurl/c/libcurl-errors.html) for https://api.worldbank.org/v2/country/EG/indicator/FP.CPI.TOTL.ZG?format=json&date=2025%3A2025&per_page=1  
[2026-07-08 00:08:23] local.ERROR: [worldbank] cURL error 6: Could not resolve host: api.worldbank.org (see https://curl.se/libcurl/c/libcurl-errors.html) for https://api.worldbank.org/v2/country/EG/indicator/SL.UEM.TOTL.ZS?format=json&date=2025%3A2025&per_page=1  
[2026-07-08 00:08:23] local.ERROR: [worldbank] cURL error 6: Could not resolve host: api.worldbank.org (see https://curl.se/libcurl/c/libcurl-errors.html) for https://api.worldbank.org/v2/country/EG/indicator/SP.POP.TOTL?format=json&date=2025%3A2025&per_page=1  
[2026-07-08 00:08:23] local.ERROR: [worldbank] cURL error 6: Could not resolve host: api.worldbank.org (see https://curl.se/libcurl/c/libcurl-errors.html) for https://api.worldbank.org/v2/country/EG/indicator/NE.EXP.GNFS.CD?format=json&date=2025%3A2025&per_page=1  
[2026-07-08 00:08:23] local.ERROR: [worldbank] cURL error 6: Could not resolve host: api.worldbank.org (see https://curl.se/libcurl/c/libcurl-errors.html) for https://api.worldbank.org/v2/country/EG/indicator/NE.IMP.GNFS.CD?format=json&date=2025%3A2025&per_page=1  
[2026-07-08 00:08:23] local.ERROR: [openmeteo] cURL error 6: Could not resolve host: api.open-meteo.com (see https://curl.se/libcurl/c/libcurl-errors.html) for https://api.open-meteo.com/v1/forecast?latitude=26.8206&longitude=30.8025&current=temperature_2m%2Capparent_temperature%2Cprecipitation%2Cwindspeed_10m%2Cwindgusts_10m%2Cweathercode%2Ccloudcover%2Crelativehumidity_2m&timezone=auto&forecast_days=1  
[2026-07-08 00:08:23] local.ERROR: [openmeteo] cURL error 6: Could not resolve host: api.open-meteo.com (see https://curl.se/libcurl/c/libcurl-errors.html) for https://api.open-meteo.com/v1/forecast?latitude=26.8206&longitude=30.8025&current=temperature_2m%2Capparent_temperature%2Cprecipitation%2Cwindspeed_10m%2Cwindgusts_10m%2Cweathercode%2Ccloudcover%2Crelativehumidity_2m&timezone=auto&forecast_days=1  
[2026-07-08 00:08:23] local.ERROR: [worldbank] cURL error 6: Could not resolve host: api.worldbank.org (see https://curl.se/libcurl/c/libcurl-errors.html) for https://api.worldbank.org/v2/country/EG/indicator/NY.GDP.MKTP.CD?format=json&date=2021%3A2025&per_page=5  
[2026-07-08 00:08:23] local.ERROR: [worldbank] cURL error 6: Could not resolve host: api.worldbank.org (see https://curl.se/libcurl/c/libcurl-errors.html) for https://api.worldbank.org/v2/country/EG/indicator/FP.CPI.TOTL.ZG?format=json&date=2021%3A2025&per_page=5  
[2026-07-08 00:08:24] local.ERROR: [openmeteo] cURL error 6: Could not resolve host: api.open-meteo.com (see https://curl.se/libcurl/c/libcurl-errors.html) for https://api.open-meteo.com/v1/forecast?latitude=26.8206&longitude=30.8025&current=temperature_2m%2Capparent_temperature%2Cprecipitation%2Cwindspeed_10m%2Cwindgusts_10m%2Cweathercode%2Ccloudcover%2Crelativehumidity_2m&timezone=auto&forecast_days=1  
[2026-07-08 00:08:27] local.ERROR: [openmeteo] cURL error 6: Could not resolve host: api.open-meteo.com (see https://curl.se/libcurl/c/libcurl-errors.html) for https://api.open-meteo.com/v1/forecast?latitude=26.8206&longitude=30.8025&current=temperature_2m%2Capparent_temperature%2Cprecipitation%2Cwindspeed_10m%2Cwindgusts_10m%2Cweathercode%2Ccloudcover%2Crelativehumidity_2m&timezone=auto&forecast_days=1  
[2026-07-08 00:08:27] local.ERROR: [openmeteo] cURL error 6: Could not resolve host: api.open-meteo.com (see https://curl.se/libcurl/c/libcurl-errors.html) for https://api.open-meteo.com/v1/forecast?latitude=26.8206&longitude=30.8025&daily=weathercode%2Ctemperature_2m_max%2Ctemperature_2m_min%2Cprecipitation_sum%2Cwindspeed_10m_max&timezone=auto&forecast_days=7  
[2026-07-08 00:08:40] local.ERROR: [worldbank] cURL error 6: Could not resolve host: api.worldbank.org (see https://curl.se/libcurl/c/libcurl-errors.html) for https://api.worldbank.org/v2/country/DE/indicator/NY.GDP.MKTP.CD?format=json&date=2021%3A2025&per_page=5  
[2026-07-08 00:08:40] local.ERROR: [worldbank] cURL error 6: Could not resolve host: api.worldbank.org (see https://curl.se/libcurl/c/libcurl-errors.html) for https://api.worldbank.org/v2/country/DE/indicator/FP.CPI.TOTL.ZG?format=json&date=2021%3A2025&per_page=5  
[2026-07-12 22:17:16] local.ERROR: [openmeteo] cURL error 6: Could not resolve host: api.open-meteo.com (see https://curl.se/libcurl/c/libcurl-errors.html) for https://api.open-meteo.com/v1/forecast?latitude=-0.7893&longitude=113.9213&current=temperature_2m%2Capparent_temperature%2Cprecipitation%2Cwindspeed_10m%2Cwindgusts_10m%2Cweathercode%2Ccloudcover%2Crelativehumidity_2m&timezone=auto&forecast_days=1  
[2026-07-12 22:17:26] local.ERROR: [worldbank] cURL error 28: Resolving timed out after 10016 milliseconds (see https://curl.se/libcurl/c/libcurl-errors.html) for https://api.worldbank.org/v2/country/ID/indicator/NY.GDP.MKTP.CD?format=json&date=2025%3A2025&per_page=1  
[2026-07-12 22:17:37] local.ERROR: [worldbank] cURL error 28: Resolving timed out after 10005 milliseconds (see https://curl.se/libcurl/c/libcurl-errors.html) for https://api.worldbank.org/v2/country/ID/indicator/NY.GDP.PCAP.CD?format=json&date=2025%3A2025&per_page=1  
[2026-07-12 22:17:46] local.ERROR: [worldbank] cURL error 6: Could not resolve host: api.worldbank.org (see https://curl.se/libcurl/c/libcurl-errors.html) for https://api.worldbank.org/v2/country/ID/indicator/FP.CPI.TOTL.ZG?format=json&date=2025%3A2025&per_page=1  
[2026-07-12 22:17:56] local.ERROR: [worldbank] cURL error 28: Resolving timed out after 10012 milliseconds (see https://curl.se/libcurl/c/libcurl-errors.html) for https://api.worldbank.org/v2/country/ID/indicator/SL.UEM.TOTL.ZS?format=json&date=2025%3A2025&per_page=1  
[2026-07-12 22:18:07] local.ERROR: Maximum execution time of 60 seconds exceeded {"userId":1,"exception":"[object] (Symfony\\Component\\ErrorHandler\\Error\\FatalError(code: 0): Maximum execution time of 60 seconds exceeded at D:/Global Supply/supply-chain-platform/vendor/guzzlehttp/guzzle/src/Handler/CurlHandler.php:68)
[stacktrace]
#0 {main}
"} 
[2026-07-12 22:20:21] local.ERROR: Maximum execution time of 60 seconds exceeded {"userId":1,"exception":"[object] (Symfony\\Component\\ErrorHandler\\Error\\FatalError(code: 0): Maximum execution time of 60 seconds exceeded at D:/Global Supply/supply-chain-platform/vendor/guzzlehttp/guzzle/src/Handler/CurlFactory.php:1918)
[stacktrace]
#0 {main}
"} 
[2026-07-12 23:46:35] local.WARNING: [exchangerate] HTTP 404 → https://v6.exchangerate-api.com/v6/your_exchangerate_api_key_here/latest/USD  
[2026-07-12 23:48:47] local.WARNING: [gnews] HTTP 400 → https://gnews.io/api/v4/search  
[2026-07-13 00:01:06] local.WARNING: [exchangerate] HTTP 404 → https://v6.exchangerate-api.com/v6/your_exchangerate_api_key_here/latest/USD  
[2026-07-13 00:01:07] local.WARNING: [exchangerate] HTTP 404 → https://v6.exchangerate-api.com/v6/your_exchangerate_api_key_here/latest/USD  
[2026-07-13 00:01:08] local.WARNING: [exchangerate] HTTP 404 → https://v6.exchangerate-api.com/v6/your_exchangerate_api_key_here/latest/USD  
[2026-07-13 00:01:18] local.WARNING: [exchangerate] HTTP 404 → https://v6.exchangerate-api.com/v6/your_exchangerate_api_key_here/latest/USD  
[2026-07-13 00:01:19] local.WARNING: [exchangerate] HTTP 404 → https://v6.exchangerate-api.com/v6/your_exchangerate_api_key_here/latest/USD  
[2026-07-13 00:01:20] local.WARNING: [exchangerate] HTTP 404 → https://v6.exchangerate-api.com/v6/your_exchangerate_api_key_here/latest/USD  
[2026-07-13 00:02:24] local.WARNING: [exchangerate] HTTP 404 → https://v6.exchangerate-api.com/v6/your_exchangerate_api_key_here/latest/USD  
[2026-07-13 00:02:25] local.WARNING: [exchangerate] HTTP 404 → https://v6.exchangerate-api.com/v6/your_exchangerate_api_key_here/latest/USD  
[2026-07-13 00:02:26] local.WARNING: [exchangerate] HTTP 404 → https://v6.exchangerate-api.com/v6/your_exchangerate_api_key_here/latest/USD  
[2026-07-13 00:02:29] local.WARNING: [exchangerate] HTTP 404 → https://v6.exchangerate-api.com/v6/your_exchangerate_api_key_here/latest/USD  
[2026-07-13 00:02:30] local.WARNING: [exchangerate] HTTP 404 → https://v6.exchangerate-api.com/v6/your_exchangerate_api_key_here/latest/USD  
[2026-07-13 00:02:31] local.WARNING: [exchangerate] HTTP 404 → https://v6.exchangerate-api.com/v6/your_exchangerate_api_key_here/latest/USD  
[2026-07-13 02:07:03] local.WARNING: [exchangerate] HTTP 404 → https://v6.exchangerate-api.com/v6/your_exchangerate_api_key_here/latest/USD  
[2026-07-13 02:07:05] local.WARNING: [exchangerate] HTTP 404 → https://v6.exchangerate-api.com/v6/your_exchangerate_api_key_here/latest/USD  
[2026-07-13 02:07:05] local.WARNING: [exchangerate] HTTP 404 → https://v6.exchangerate-api.com/v6/your_exchangerate_api_key_here/latest/USD  
[2026-07-13 02:32:03] local.WARNING: [exchangerate] HTTP 404 → https://v6.exchangerate-api.com/v6/your_exchangerate_api_key_here/latest/USD  
[2026-07-13 02:32:04] local.WARNING: [exchangerate] HTTP 404 → https://v6.exchangerate-api.com/v6/your_exchangerate_api_key_here/latest/USD  
[2026-07-13 02:32:05] local.WARNING: [exchangerate] HTTP 404 → https://v6.exchangerate-api.com/v6/your_exchangerate_api_key_here/latest/USD  
[2026-07-13 02:32:12] local.WARNING: [gnews] HTTP 400 → https://gnews.io/api/v4/search  
[2026-07-13 02:32:15] local.WARNING: [exchangerate] HTTP 404 → https://v6.exchangerate-api.com/v6/your_exchangerate_api_key_here/latest/USD  
[2026-07-13 02:32:16] local.WARNING: [exchangerate] HTTP 404 → https://v6.exchangerate-api.com/v6/your_exchangerate_api_key_here/latest/USD  
[2026-07-13 02:32:16] local.WARNING: [exchangerate] HTTP 404 → https://v6.exchangerate-api.com/v6/your_exchangerate_api_key_here/latest/USD  
[2026-07-13 02:35:34] local.WARNING: [exchangerate] HTTP 404 → https://v6.exchangerate-api.com/v6/your_exchangerate_api_key_here/latest/USD  
[2026-07-13 02:35:35] local.WARNING: [exchangerate] HTTP 404 → https://v6.exchangerate-api.com/v6/your_exchangerate_api_key_here/latest/USD  
[2026-07-13 02:35:36] local.WARNING: [exchangerate] HTTP 404 → https://v6.exchangerate-api.com/v6/your_exchangerate_api_key_here/latest/USD  
[2026-07-13 02:35:38] local.WARNING: [exchangerate] HTTP 404 → https://v6.exchangerate-api.com/v6/your_exchangerate_api_key_here/latest/USD  
[2026-07-13 02:35:40] local.WARNING: [exchangerate] HTTP 404 → https://v6.exchangerate-api.com/v6/your_exchangerate_api_key_here/latest/USD  
[2026-07-13 02:35:40] local.WARNING: [exchangerate] HTTP 404 → https://v6.exchangerate-api.com/v6/your_exchangerate_api_key_here/latest/USD  
[2026-07-13 02:35:44] local.WARNING: [exchangerate] HTTP 404 → https://v6.exchangerate-api.com/v6/your_exchangerate_api_key_here/latest/USD  
[2026-07-13 02:35:46] local.WARNING: [exchangerate] HTTP 404 → https://v6.exchangerate-api.com/v6/your_exchangerate_api_key_here/latest/USD  
[2026-07-13 02:35:46] local.WARNING: [exchangerate] HTTP 404 → https://v6.exchangerate-api.com/v6/your_exchangerate_api_key_here/latest/USD  
[2026-07-13 02:35:54] local.WARNING: [exchangerate] HTTP 404 → https://v6.exchangerate-api.com/v6/your_exchangerate_api_key_here/latest/EUR  
[2026-07-13 02:35:55] local.WARNING: [exchangerate] HTTP 404 → https://v6.exchangerate-api.com/v6/your_exchangerate_api_key_here/latest/USD  
[2026-07-13 02:35:56] local.WARNING: [exchangerate] HTTP 404 → https://v6.exchangerate-api.com/v6/your_exchangerate_api_key_here/latest/USD  
[2026-07-13 02:36:15] local.WARNING: [exchangerate] HTTP 404 → https://v6.exchangerate-api.com/v6/your_exchangerate_api_key_here/latest/USD  
[2026-07-13 02:37:29] local.WARNING: [exchangerate] HTTP 404 → https://v6.exchangerate-api.com/v6/your_exchangerate_api_key_here/latest/USD  
[2026-07-13 02:37:30] local.WARNING: [exchangerate] HTTP 404 → https://v6.exchangerate-api.com/v6/your_exchangerate_api_key_here/latest/USD  
[2026-07-13 02:37:31] local.WARNING: [exchangerate] HTTP 404 → https://v6.exchangerate-api.com/v6/your_exchangerate_api_key_here/latest/USD  
[2026-07-13 02:38:11] local.WARNING: [exchangerate] HTTP 404 → https://v6.exchangerate-api.com/v6/your_exchangerate_api_key_here/latest/USD  
[2026-07-13 02:38:12] local.WARNING: [exchangerate] HTTP 404 → https://v6.exchangerate-api.com/v6/your_exchangerate_api_key_here/latest/USD  
[2026-07-13 02:38:13] local.WARNING: [exchangerate] HTTP 404 → https://v6.exchangerate-api.com/v6/your_exchangerate_api_key_here/latest/USD  
[2026-07-13 02:38:24] local.WARNING: [exchangerate] HTTP 404 → https://v6.exchangerate-api.com/v6/your_exchangerate_api_key_here/latest/USD  
[2026-07-13 02:39:10] local.WARNING: [exchangerate] HTTP 404 → https://v6.exchangerate-api.com/v6/your_exchangerate_api_key_here/latest/USD  
[2026-07-13 02:39:10] local.ERROR: Unclosed '{' does not match ')' {"userId":2,"exception":"[object] (Spatie\\LaravelIgnition\\Exceptions\\ViewException(code: 0): Unclosed '{' does not match ')' at D:/laragon/www/Global Supply/supply-chain-platform/resources/views/visualization/show.blade.php:43)
[stacktrace]
#0 D:/laragon/www/Global Supply/supply-chain-platform/vendor/laravel/framework/src/Illuminate/Filesystem/Filesystem.php(124): Illuminate/Filesystem/Filesystem::Illuminate/Filesystem/{closure}()
#1 D:/laragon/www/Global Supply/supply-chain-platform/vendor/laravel/framework/src/Illuminate/View/Engines/PhpEngine.php(58): Illuminate/Filesystem/Filesystem->getRequire('D://laragon//www//...', Array)
#2 D:/laragon/www/Global Supply/supply-chain-platform/vendor/laravel/framework/src/Illuminate/View/Engines/CompilerEngine.php(75): Illuminate/View/Engines/PhpEngine->evaluatePath('D://laragon//www//...', Array)
#3 D:/laragon/www/Global Supply/supply-chain-platform/vendor/laravel/framework/src/Illuminate/View/View.php(209): Illuminate/View/Engines/CompilerEngine->get('D://laragon//www//...', Array)
#4 D:/laragon/www/Global Supply/supply-chain-platform/vendor/laravel/framework/src/Illuminate/View/View.php(192): Illuminate/View/View->getContents()
#5 D:/laragon/www/Global Supply/supply-chain-platform/vendor/laravel/framework/src/Illuminate/View/View.php(161): Illuminate/View/View->renderContents()
#6 D:/laragon/www/Global Supply/supply-chain-platform/vendor/laravel/framework/src/Illuminate/Http/Response.php(79): Illuminate/View/View->render()
#7 D:/laragon/www/Global Supply/supply-chain-platform/vendor/laravel/framework/src/Illuminate/Http/Response.php(35): Illuminate/Http/Response->setContent(Object(Illuminate/View/View))
#8 D:/laragon/www/Global Supply/supply-chain-platform/vendor/laravel/framework/src/Illuminate/Routing/Router.php(920): Illuminate/Http/Response->__construct(Object(Illuminate/View/View), 200, Array)
#9 D:/laragon/www/Global Supply/supply-chain-platform/vendor/laravel/framework/src/Illuminate/Routing/Router.php(887): Illuminate/Routing/Router::toResponse(Object(Illuminate/Http/Request), Object(Illuminate/View/View))
#10 D:/laragon/www/Global Supply/supply-chain-platform/vendor/laravel/framework/src/Illuminate/Routing/Router.php(807): Illuminate/Routing/Router->prepareResponse(Object(Illuminate/Http/Request), Object(Illuminate/View/View))
#11 D:/laragon/www/Global Supply/supply-chain-platform/vendor/laravel/framework/src/Illuminate/Pipeline/Pipeline.php(170): Illuminate/Routing/Router->Illuminate/Routing/{closure}(Object(Illuminate/Http/Request))
#12 D:/laragon/www/Global Supply/supply-chain-platform/vendor/laravel/framework/src/Illuminate/Routing/Middleware/SubstituteBindings.php(51): Illuminate/Pipeline/Pipeline->Illuminate/Pipeline/{closure}(Object(Illuminate/Http/Request))
#13 D:/laragon/www/Global Supply/supply-chain-platform/vendor/laravel/framework/src/Illuminate/Pipeline/Pipeline.php(209): Illuminate/Routing/Middleware/SubstituteBindings->handle(Object(Illuminate/Http/Request), Object(Closure))
#14 D:/laragon/www/Global Supply/supply-chain-platform/vendor/laravel/framework/src/Illuminate/Auth/Middleware/Authenticate.php(64): Illuminate/Pipeline/Pipeline->Illuminate/Pipeline/{closure}(Object(Illuminate/Http/Request))
#15 D:/laragon/www/Global Supply/supply-chain-platform/vendor/laravel/framework/src/Illuminate/Pipeline/Pipeline.php(209): Illuminate/Auth/Middleware/Authenticate->handle(Object(Illuminate/Http/Request), Object(Closure))
#16 D:/laragon/www/Global Supply/supply-chain-platform/vendor/laravel/framework/src/Illuminate/Foundation/Http/Middleware/VerifyCsrfToken.php(88): Illuminate/Pipeline/Pipeline->Illuminate/Pipeline/{closure}(Object(Illuminate/Http/Request))
#17 D:/laragon/www/Global Supply/supply-chain-platform/vendor/laravel/framework/src/Illuminate/Pipeline/Pipeline.php(209): Illuminate/Foundation/Http/Middleware/VerifyCsrfToken->handle(Object(Illuminate/Http/Request), Object(Closure))
#18 D:/laragon/www/Global Supply/supply-chain-platform/vendor/laravel/framework/src/Illuminate/View/Middleware/ShareErrorsFromSession.php(49): Illuminate/Pipeline/Pipeline->Illuminate/Pipeline/{closure}(Object(Illuminate/Http/Request))
#19 D:/laragon/www/Global Supply/supply-chain-platform/vendor/laravel/framework/src/Illuminate/Pipeline/Pipeline.php(209): Illuminate/View/Middleware/ShareErrorsFromSession->handle(Object(Illuminate/Http/Request), Object(Closure))
#20 D:/laragon/www/Global Supply/supply-chain-platform/vendor/laravel/framework/src/Illuminate/Session/Middleware/StartSession.php(121): Illuminate/Pipeline/Pipeline->Illuminate/Pipeline/{closure}(Object(Illuminate/Http/Request))
#21 D:/laragon/www/Global Supply/supply-chain-platform/vendor/laravel/framework/src/Illuminate/Session/Middleware/StartSession.php(64): Illuminate/Session/Middleware/StartSession->handleStatefulRequest(Object(Illuminate/Http/Request), Object(Illuminate/Session/Store), Object(Closure))
#22 D:/laragon/www/Global Supply/supply-chain-platform/vendor/laravel/framework/src/Illuminate/Pipeline/Pipeline.php(209): Illuminate/Session/Middleware/StartSession->handle(Object(Illuminate/Http/Request), Object(Closure))
#23 D:/laragon/www/Global Supply/supply-chain-platform/vendor/laravel/framework/src/Illuminate/Cookie/Middleware/AddQueuedCookiesToResponse.php(37): Illuminate/Pipeline/Pipeline->Illuminate/Pipeline/{closure}(Object(Illuminate/Http/Request))
#24 D:/laragon/www/Global Supply/supply-chain-platform/vendor/laravel/framework/src/Illuminate/Pipeline/Pipeline.php(209): Illuminate/Cookie/Middleware/AddQueuedCookiesToResponse->handle(Object(Illuminate/Http/Request), Object(Closure))
#25 D:/laragon/www/Global Supply/supply-chain-platform/vendor/laravel/framework/src/Illuminate/Cookie/Middleware/EncryptCookies.php(75): Illuminate/Pipeline/Pipeline->Illuminate/Pipeline/{closure}(Object(Illuminate/Http/Request))
#26 D:/laragon/www/Global Supply/supply-chain-platform/vendor/laravel/framework/src/Illuminate/Pipeline/Pipeline.php(209): Illuminate/Cookie/Middleware/EncryptCookies->handle(Object(Illuminate/Http/Request), Object(Closure))
#27 D:/laragon/www/Global Supply/supply-chain-platform/vendor/laravel/framework/src/Illuminate/Pipeline/Pipeline.php(127): Illuminate/Pipeline/Pipeline->Illuminate/Pipeline/{closure}(Object(Illuminate/Http/Request))
#28 D:/laragon/www/Global Supply/supply-chain-platform/vendor/laravel/framework/src/Illuminate/Routing/Router.php(807): Illuminate/Pipeline/Pipeline->then(Object(Closure))
#29 D:/laragon/www/Global Supply/supply-chain-platform/vendor/laravel/framework/src/Illuminate/Routing/Router.php(786): Illuminate/Routing/Router->runRouteWithinStack(Object(Illuminate/Routing/Route), Object(Illuminate/Http/Request))
#30 D:/laragon/www/Global Supply/supply-chain-platform/vendor/laravel/framework/src/Illuminate/Routing/Router.php(750): Illuminate/Routing/Router->runRoute(Object(Illuminate/Http/Request), Object(Illuminate/Routing/Route))
#31 D:/laragon/www/Global Supply/supply-chain-platform/vendor/laravel/framework/src/Illuminate/Routing/Router.php(739): Illuminate/Routing/Router->dispatchToRoute(Object(Illuminate/Http/Request))
#32 D:/laragon/www/Global Supply/supply-chain-platform/vendor/laravel/framework/src/Illuminate/Foundation/Http/Kernel.php(201): Illuminate/Routing/Router->dispatch(Object(Illuminate/Http/Request))
#33 D:/laragon/www/Global Supply/supply-chain-platform/vendor/laravel/framework/src/Illuminate/Pipeline/Pipeline.php(170): Illuminate/Foundation/Http/Kernel->Illuminate/Foundation/Http/{closure}(Object(Illuminate/Http/Request))
#34 D:/laragon/www/Global Supply/supply-chain-platform/vendor/laravel/framework/src/Illuminate/Foundation/Http/Middleware/TransformsRequest.php(21): Illuminate/Pipeline/Pipeline->Illuminate/Pipeline/{closure}(Object(Illuminate/Http/Request))
#35 D:/laragon/www/Global Supply/supply-chain-platform/vendor/laravel/framework/src/Illuminate/Foundation/Http/Middleware/ConvertEmptyStringsToNull.php(31): Illuminate/Foundation/Http/Middleware/TransformsRequest->handle(Object(Illuminate/Http/Request), Object(Closure))
#36 D:/laragon/www/Global Supply/supply-chain-platform/vendor/laravel/framework/src/Illuminate/Pipeline/Pipeline.php(209): Illuminate/Foundation/Http/Middleware/ConvertEmptyStringsToNull->handle(Object(Illuminate/Http/Request), Object(Closure))
#37 D:/laragon/www/Global Supply/supply-chain-platform/vendor/laravel/framework/src/Illuminate/Foundation/Http/Middleware/TransformsRequest.php(21): Illuminate/Pipeline/Pipeline->Illuminate/Pipeline/{closure}(Object(Illuminate/Http/Request))
#38 D:/laragon/www/Global Supply/supply-chain-platform/vendor/laravel/framework/src/Illuminate/Foundation/Http/Middleware/TrimStrings.php(51): Illuminate/Foundation/Http/Middleware/TransformsRequest->handle(Object(Illuminate/Http/Request), Object(Closure))
#39 D:/laragon/www/Global Supply/supply-chain-platform/vendor/laravel/framework/src/Illuminate/Pipeline/Pipeline.php(209): Illuminate/Foundation/Http/Middleware/TrimStrings->handle(Object(Illuminate/Http/Request), Object(Closure))
#40 D:/laragon/www/Global Supply/supply-chain-platform/vendor/laravel/framework/src/Illuminate/Http/Middleware/ValidatePostSize.php(27): Illuminate/Pipeline/Pipeline->Illuminate/Pipeline/{closure}(Object(Illuminate/Http/Request))
#41 D:/laragon/www/Global Supply/supply-chain-platform/vendor/laravel/framework/src/Illuminate/Pipeline/Pipeline.php(209): Illuminate/Http/Middleware/ValidatePostSize->handle(Object(Illuminate/Http/Request), Object(Closure))
#42 D:/laragon/www/Global Supply/supply-chain-platform/vendor/laravel/framework/src/Illuminate/Foundation/Http/Middleware/PreventRequestsDuringMaintenance.php(110): Illuminate/Pipeline/Pipeline->Illuminate/Pipeline/{closure}(Object(Illuminate/Http/Request))
#43 D:/laragon/www/Global Supply/supply-chain-platform/vendor/laravel/framework/src/Illuminate/Pipeline/Pipeline.php(209): Illuminate/Foundation/Http/Middleware/PreventRequestsDuringMaintenance->handle(Object(Illuminate/Http/Request), Object(Closure))
#44 D:/laragon/www/Global Supply/supply-chain-platform/vendor/laravel/framework/src/Illuminate/Http/Middleware/HandleCors.php(49): Illuminate/Pipeline/Pipeline->Illuminate/Pipeline/{closure}(Object(Illuminate/Http/Request))
#45 D:/laragon/www/Global Supply/supply-chain-platform/vendor/laravel/framework/src/Illuminate/Pipeline/Pipeline.php(209): Illuminate/Http/Middleware/HandleCors->handle(Object(Illuminate/Http/Request), Object(Closure))
#46 D:/laragon/www/Global Supply/supply-chain-platform/vendor/laravel/framework/src/Illuminate/Http/Middleware/TrustProxies.php(58): Illuminate/Pipeline/Pipeline->Illuminate/Pipeline/{closure}(Object(Illuminate/Http/Request))
#47 D:/laragon/www/Global Supply/supply-chain-platform/vendor/laravel/framework/src/Illuminate/Pipeline/Pipeline.php(209): Illuminate/Http/Middleware/TrustProxies->handle(Object(Illuminate/Http/Request), Object(Closure))
#48 D:/laragon/www/Global Supply/supply-chain-platform/vendor/laravel/framework/src/Illuminate/Foundation/Http/Middleware/InvokeDeferredCallbacks.php(22): Illuminate/Pipeline/Pipeline->Illuminate/Pipeline/{closure}(Object(Illuminate/Http/Request))
#49 D:/laragon/www/Global Supply/supply-chain-platform/vendor/laravel/framework/src/Illuminate/Pipeline/Pipeline.php(209): Illuminate/Foundation/Http/Middleware/InvokeDeferredCallbacks->handle(Object(Illuminate/Http/Request), Object(Closure))
#50 D:/laragon/www/Global Supply/supply-chain-platform/vendor/laravel/framework/src/Illuminate/Pipeline/Pipeline.php(127): Illuminate/Pipeline/Pipeline->Illuminate/Pipeline/{closure}(Object(Illuminate/Http/Request))
#51 D:/laragon/www/Global Supply/supply-chain-platform/vendor/laravel/framework/src/Illuminate/Foundation/Http/Kernel.php(176): Illuminate/Pipeline/Pipeline->then(Object(Closure))
#52 D:/laragon/www/Global Supply/supply-chain-platform/vendor/laravel/framework/src/Illuminate/Foundation/Http/Kernel.php(145): Illuminate/Foundation/Http/Kernel->sendRequestThroughRouter(Object(Illuminate/Http/Request))
#53 D:/laragon/www/Global Supply/supply-chain-platform/vendor/laravel/framework/src/Illuminate/Foundation/Application.php(1220): Illuminate/Foundation/Http/Kernel->handle(Object(Illuminate/Http/Request))
#54 D:/laragon/www/Global Supply/supply-chain-platform/public/index.php(20): Illuminate/Foundation/Application->handleRequest(Object(Illuminate/Http/Request))
#55 D:/laragon/www/Global Supply/supply-chain-platform/vendor/laravel/framework/src/Illuminate/Foundation/resources/server.php(23): require_once('D://laragon//www//...')
#56 {main}

[previous exception] [object] (ParseError(code: 0): Unclosed '{' does not match ')' at D:/laragon/www/Global Supply/supply-chain-platform/storage/framework/views/9a9fbb631081f04eca5e5f4205be1980.php:42)
[stacktrace]
#0 D:/laragon/www/Global Supply/supply-chain-platform/vendor/laravel/framework/src/Illuminate/Filesystem/Filesystem.php(124): Illuminate/Filesystem/Filesystem::Illuminate/Filesystem/{closure}()
#1 D:/laragon/www/Global Supply/supply-chain-platform/vendor/laravel/framework/src/Illuminate/View/Engines/PhpEngine.php(58): Illuminate/Filesystem/Filesystem->getRequire('D://laragon//www//...', Array)
#2 D:/laragon/www/Global Supply/supply-chain-platform/vendor/laravel/framework/src/Illuminate/View/Engines/CompilerEngine.php(75): Illuminate/View/Engines/PhpEngine->evaluatePath('D://laragon//www//...', Array)
#3 D:/laragon/www/Global Supply/supply-chain-platform/vendor/laravel/framework/src/Illuminate/View/View.php(209): Illuminate/View/Engines/CompilerEngine->get('D://laragon//www//...', Array)
#4 D:/laragon/www/Global Supply/supply-chain-platform/vendor/laravel/framework/src/Illuminate/View/View.php(192): Illuminate/View/View->getContents()
#5 D:/laragon/www/Global Supply/supply-chain-platform/vendor/laravel/framework/src/Illuminate/View/View.php(161): Illuminate/View/View->renderContents()
#6 D:/laragon/www/Global Supply/supply-chain-platform/vendor/laravel/framework/src/Illuminate/Http/Response.php(79): Illuminate/View/View->render()
#7 D:/laragon/www/Global Supply/supply-chain-platform/vendor/laravel/framework/src/Illuminate/Http/Response.php(35): Illuminate/Http/Response->setContent(Object(Illuminate/View/View))
#8 D:/laragon/www/Global Supply/supply-chain-platform/vendor/laravel/framework/src/Illuminate/Routing/Router.php(920): Illuminate/Http/Response->__construct(Object(Illuminate/View/View), 200, Array)
#9 D:/laragon/www/Global Supply/supply-chain-platform/vendor/laravel/framework/src/Illuminate/Routing/Router.php(887): Illuminate/Routing/Router::toResponse(Object(Illuminate/Http/Request), Object(Illuminate/View/View))
#10 D:/laragon/www/Global Supply/supply-chain-platform/vendor/laravel/framework/src/Illuminate/Routing/Router.php(807): Illuminate/Routing/Router->prepareResponse(Object(Illuminate/Http/Request), Object(Illuminate/View/View))
#11 D:/laragon/www/Global Supply/supply-chain-platform/vendor/laravel/framework/src/Illuminate/Pipeline/Pipeline.php(170): Illuminate/Routing/Router->Illuminate/Routing/{closure}(Object(Illuminate/Http/Request))
#12 D:/laragon/www/Global Supply/supply-chain-platform/vendor/laravel/framework/src/Illuminate/Routing/Middleware/SubstituteBindings.php(51): Illuminate/Pipeline/Pipeline->Illuminate/Pipeline/{closure}(Object(Illuminate/Http/Request))
#13 D:/laragon/www/Global Supply/supply-chain-platform/vendor/laravel/framework/src/Illuminate/Pipeline/Pipeline.php(209): Illuminate/Routing/Middleware/SubstituteBindings->handle(Object(Illuminate/Http/Request), Object(Closure))
#14 D:/laragon/www/Global Supply/supply-chain-platform/vendor/laravel/framework/src/Illuminate/Auth/Middleware/Authenticate.php(64): Illuminate/Pipeline/Pipeline->Illuminate/Pipeline/{closure}(Object(Illuminate/Http/Request))
#15 D:/laragon/www/Global Supply/supply-chain-platform/vendor/laravel/framework/src/Illuminate/Pipeline/Pipeline.php(209): Illuminate/Auth/Middleware/Authenticate->handle(Object(Illuminate/Http/Request), Object(Closure))
#16 D:/laragon/www/Global Supply/supply-chain-platform/vendor/laravel/framework/src/Illuminate/Foundation/Http/Middleware/VerifyCsrfToken.php(88): Illuminate/Pipeline/Pipeline->Illuminate/Pipeline/{closure}(Object(Illuminate/Http/Request))
#17 D:/laragon/www/Global Supply/supply-chain-platform/vendor/laravel/framework/src/Illuminate/Pipeline/Pipeline.php(209): Illuminate/Foundation/Http/Middleware/VerifyCsrfToken->handle(Object(Illuminate/Http/Request), Object(Closure))
#18 D:/laragon/www/Global Supply/supply-chain-platform/vendor/laravel/framework/src/Illuminate/View/Middleware/ShareErrorsFromSession.php(49): Illuminate/Pipeline/Pipeline->Illuminate/Pipeline/{closure}(Object(Illuminate/Http/Request))
#19 D:/laragon/www/Global Supply/supply-chain-platform/vendor/laravel/framework/src/Illuminate/Pipeline/Pipeline.php(209): Illuminate/View/Middleware/ShareErrorsFromSession->handle(Object(Illuminate/Http/Request), Object(Closure))
#20 D:/laragon/www/Global Supply/supply-chain-platform/vendor/laravel/framework/src/Illuminate/Session/Middleware/StartSession.php(121): Illuminate/Pipeline/Pipeline->Illuminate/Pipeline/{closure}(Object(Illuminate/Http/Request))
#21 D:/laragon/www/Global Supply/supply-chain-platform/vendor/laravel/framework/src/Illuminate/Session/Middleware/StartSession.php(64): Illuminate/Session/Middleware/StartSession->handleStatefulRequest(Object(Illuminate/Http/Request), Object(Illuminate/Session/Store), Object(Closure))
#22 D:/laragon/www/Global Supply/supply-chain-platform/vendor/laravel/framework/src/Illuminate/Pipeline/Pipeline.php(209): Illuminate/Session/Middleware/StartSession->handle(Object(Illuminate/Http/Request), Object(Closure))
#23 D:/laragon/www/Global Supply/supply-chain-platform/vendor/laravel/framework/src/Illuminate/Cookie/Middleware/AddQueuedCookiesToResponse.php(37): Illuminate/Pipeline/Pipeline->Illuminate/Pipeline/{closure}(Object(Illuminate/Http/Request))
#24 D:/laragon/www/Global Supply/supply-chain-platform/vendor/laravel/framework/src/Illuminate/Pipeline/Pipeline.php(209): Illuminate/Cookie/Middleware/AddQueuedCookiesToResponse->handle(Object(Illuminate/Http/Request), Object(Closure))
#25 D:/laragon/www/Global Supply/supply-chain-platform/vendor/laravel/framework/src/Illuminate/Cookie/Middleware/EncryptCookies.php(75): Illuminate/Pipeline/Pipeline->Illuminate/Pipeline/{closure}(Object(Illuminate/Http/Request))
#26 D:/laragon/www/Global Supply/supply-chain-platform/vendor/laravel/framework/src/Illuminate/Pipeline/Pipeline.php(209): Illuminate/Cookie/Middleware/EncryptCookies->handle(Object(Illuminate/Http/Request), Object(Closure))
#27 D:/laragon/www/Global Supply/supply-chain-platform/vendor/laravel/framework/src/Illuminate/Pipeline/Pipeline.php(127): Illuminate/Pipeline/Pipeline->Illuminate/Pipeline/{closure}(Object(Illuminate/Http/Request))
#28 D:/laragon/www/Global Supply/supply-chain-platform/vendor/laravel/framework/src/Illuminate/Routing/Router.php(807): Illuminate/Pipeline/Pipeline->then(Object(Closure))
#29 D:/laragon/www/Global Supply/supply-chain-platform/vendor/laravel/framework/src/Illuminate/Routing/Router.php(786): Illuminate/Routing/Router->runRouteWithinStack(Object(Illuminate/Routing/Route), Object(Illuminate/Http/Request))
#30 D:/laragon/www/Global Supply/supply-chain-platform/vendor/laravel/framework/src/Illuminate/Routing/Router.php(750): Illuminate/Routing/Router->runRoute(Object(Illuminate/Http/Request), Object(Illuminate/Routing/Route))
#31 D:/laragon/www/Global Supply/supply-chain-platform/vendor/laravel/framework/src/Illuminate/Routing/Router.php(739): Illuminate/Routing/Router->dispatchToRoute(Object(Illuminate/Http/Request))
#32 D:/laragon/www/Global Supply/supply-chain-platform/vendor/laravel/framework/src/Illuminate/Foundation/Http/Kernel.php(201): Illuminate/Routing/Router->dispatch(Object(Illuminate/Http/Request))
#33 D:/laragon/www/Global Supply/supply-chain-platform/vendor/laravel/framework/src/Illuminate/Pipeline/Pipeline.php(170): Illuminate/Foundation/Http/Kernel->Illuminate/Foundation/Http/{closure}(Object(Illuminate/Http/Request))
#34 D:/laragon/www/Global Supply/supply-chain-platform/vendor/laravel/framework/src/Illuminate/Foundation/Http/Middleware/TransformsRequest.php(21): Illuminate/Pipeline/Pipeline->Illuminate/Pipeline/{closure}(Object(Illuminate/Http/Request))
#35 D:/laragon/www/Global Supply/supply-chain-platform/vendor/laravel/framework/src/Illuminate/Foundation/Http/Middleware/ConvertEmptyStringsToNull.php(31): Illuminate/Foundation/Http/Middleware/TransformsRequest->handle(Object(Illuminate/Http/Request), Object(Closure))
#36 D:/laragon/www/Global Supply/supply-chain-platform/vendor/laravel/framework/src/Illuminate/Pipeline/Pipeline.php(209): Illuminate/Foundation/Http/Middleware/ConvertEmptyStringsToNull->handle(Object(Illuminate/Http/Request), Object(Closure))
#37 D:/laragon/www/Global Supply/supply-chain-platform/vendor/laravel/framework/src/Illuminate/Foundation/Http/Middleware/TransformsRequest.php(21): Illuminate/Pipeline/Pipeline->Illuminate/Pipeline/{closure}(Object(Illuminate/Http/Request))
#38 D:/laragon/www/Global Supply/supply-chain-platform/vendor/laravel/framework/src/Illuminate/Foundation/Http/Middleware/TrimStrings.php(51): Illuminate/Foundation/Http/Middleware/TransformsRequest->handle(Object(Illuminate/Http/Request), Object(Closure))
#39 D:/laragon/www/Global Supply/supply-chain-platform/vendor/laravel/framework/src/Illuminate/Pipeline/Pipeline.php(209): Illuminate/Foundation/Http/Middleware/TrimStrings->handle(Object(Illuminate/Http/Request), Object(Closure))
#40 D:/laragon/www/Global Supply/supply-chain-platform/vendor/laravel/framework/src/Illuminate/Http/Middleware/ValidatePostSize.php(27): Illuminate/Pipeline/Pipeline->Illuminate/Pipeline/{closure}(Object(Illuminate/Http/Request))
#41 D:/laragon/www/Global Supply/supply-chain-platform/vendor/laravel/framework/src/Illuminate/Pipeline/Pipeline.php(209): Illuminate/Http/Middleware/ValidatePostSize->handle(Object(Illuminate/Http/Request), Object(Closure))
#42 D:/laragon/www/Global Supply/supply-chain-platform/vendor/laravel/framework/src/Illuminate/Foundation/Http/Middleware/PreventRequestsDuringMaintenance.php(110): Illuminate/Pipeline/Pipeline->Illuminate/Pipeline/{closure}(Object(Illuminate/Http/Request))
#43 D:/laragon/www/Global Supply/supply-chain-platform/vendor/laravel/framework/src/Illuminate/Pipeline/Pipeline.php(209): Illuminate/Foundation/Http/Middleware/PreventRequestsDuringMaintenance->handle(Object(Illuminate/Http/Request), Object(Closure))
#44 D:/laragon/www/Global Supply/supply-chain-platform/vendor/laravel/framework/src/Illuminate/Http/Middleware/HandleCors.php(49): Illuminate/Pipeline/Pipeline->Illuminate/Pipeline/{closure}(Object(Illuminate/Http/Request))
#45 D:/laragon/www/Global Supply/supply-chain-platform/vendor/laravel/framework/src/Illuminate/Pipeline/Pipeline.php(209): Illuminate/Http/Middleware/HandleCors->handle(Object(Illuminate/Http/Request), Object(Closure))
#46 D:/laragon/www/Global Supply/supply-chain-platform/vendor/laravel/framework/src/Illuminate/Http/Middleware/TrustProxies.php(58): Illuminate/Pipeline/Pipeline->Illuminate/Pipeline/{closure}(Object(Illuminate/Http/Request))
#47 D:/laragon/www/Global Supply/supply-chain-platform/vendor/laravel/framework/src/Illuminate/Pipeline/Pipeline.php(209): Illuminate/Http/Middleware/TrustProxies->handle(Object(Illuminate/Http/Request), Object(Closure))
#48 D:/laragon/www/Global Supply/supply-chain-platform/vendor/laravel/framework/src/Illuminate/Foundation/Http/Middleware/InvokeDeferredCallbacks.php(22): Illuminate/Pipeline/Pipeline->Illuminate/Pipeline/{closure}(Object(Illuminate/Http/Request))
#49 D:/laragon/www/Global Supply/supply-chain-platform/vendor/laravel/framework/src/Illuminate/Pipeline/Pipeline.php(209): Illuminate/Foundation/Http/Middleware/InvokeDeferredCallbacks->handle(Object(Illuminate/Http/Request), Object(Closure))
#50 D:/laragon/www/Global Supply/supply-chain-platform/vendor/laravel/framework/src/Illuminate/Pipeline/Pipeline.php(127): Illuminate/Pipeline/Pipeline->Illuminate/Pipeline/{closure}(Object(Illuminate/Http/Request))
#51 D:/laragon/www/Global Supply/supply-chain-platform/vendor/laravel/framework/src/Illuminate/Foundation/Http/Kernel.php(176): Illuminate/Pipeline/Pipeline->then(Object(Closure))
#52 D:/laragon/www/Global Supply/supply-chain-platform/vendor/laravel/framework/src/Illuminate/Foundation/Http/Kernel.php(145): Illuminate/Foundation/Http/Kernel->sendRequestThroughRouter(Object(Illuminate/Http/Request))
#53 D:/laragon/www/Global Supply/supply-chain-platform/vendor/laravel/framework/src/Illuminate/Foundation/Application.php(1220): Illuminate/Foundation/Http/Kernel->handle(Object(Illuminate/Http/Request))
#54 D:/laragon/www/Global Supply/supply-chain-platform/public/index.php(20): Illuminate/Foundation/Application->handleRequest(Object(Illuminate/Http/Request))
#55 D:/laragon/www/Global Supply/supply-chain-platform/vendor/laravel/framework/src/Illuminate/Foundation/resources/server.php(23): require_once('D://laragon//www//...')
#56 {main}
"} 
[2026-07-13 02:44:25] local.WARNING: [exchangerate] HTTP 404 → https://v6.exchangerate-api.com/v6/your_exchangerate_api_key_here/latest/USD  
[2026-07-13 02:44:37] local.WARNING: [exchangerate] HTTP 404 → https://v6.exchangerate-api.com/v6/your_exchangerate_api_key_here/latest/USD  
[2026-07-13 02:44:42] local.WARNING: [exchangerate] HTTP 404 → https://v6.exchangerate-api.com/v6/your_exchangerate_api_key_here/latest/USD  
[2026-07-13 02:44:58] local.WARNING: [exchangerate] HTTP 404 → https://v6.exchangerate-api.com/v6/your_exchangerate_api_key_here/latest/USD  
[2026-07-13 02:44:59] local.WARNING: [exchangerate] HTTP 404 → https://v6.exchangerate-api.com/v6/your_exchangerate_api_key_here/latest/USD  
[2026-07-13 02:45:00] local.WARNING: [exchangerate] HTTP 404 → https://v6.exchangerate-api.com/v6/your_exchangerate_api_key_here/latest/USD  
[2026-07-13 02:46:08] local.WARNING: [exchangerate] HTTP 404 → https://v6.exchangerate-api.com/v6/your_exchangerate_api_key_here/latest/USD  
[2026-07-13 02:46:27] local.WARNING: [exchangerate] HTTP 404 → https://v6.exchangerate-api.com/v6/your_exchangerate_api_key_here/latest/USD  
[2026-07-13 02:46:28] local.WARNING: [exchangerate] HTTP 404 → https://v6.exchangerate-api.com/v6/your_exchangerate_api_key_here/latest/USD  
[2026-07-13 02:46:29] local.WARNING: [exchangerate] HTTP 404 → https://v6.exchangerate-api.com/v6/your_exchangerate_api_key_here/latest/USD  
[2026-07-13 02:50:20] local.WARNING: [exchangerate] HTTP 404 → https://v6.exchangerate-api.com/v6/your_exchangerate_api_key_here/latest/USD  
[2026-07-13 02:50:21] local.WARNING: [exchangerate] HTTP 404 → https://v6.exchangerate-api.com/v6/your_exchangerate_api_key_here/latest/USD  
[2026-07-13 02:50:22] local.WARNING: [exchangerate] HTTP 404 → https://v6.exchangerate-api.com/v6/your_exchangerate_api_key_here/latest/USD  
[2026-07-13 02:50:35] local.WARNING: [exchangerate] HTTP 404 → https://v6.exchangerate-api.com/v6/your_exchangerate_api_key_here/latest/USD  
[2026-07-13 02:50:36] local.WARNING: [exchangerate] HTTP 404 → https://v6.exchangerate-api.com/v6/your_exchangerate_api_key_here/latest/USD  
[2026-07-13 02:50:37] local.WARNING: [exchangerate] HTTP 404 → https://v6.exchangerate-api.com/v6/your_exchangerate_api_key_here/latest/USD  
[2026-07-13 21:54:11] local.WARNING: [exchangerate] HTTP 404 → https://v6.exchangerate-api.com/v6/your_exchangerate_api_key_here/latest/USD  
[2026-07-13 21:54:12] local.WARNING: [exchangerate] HTTP 404 → https://v6.exchangerate-api.com/v6/your_exchangerate_api_key_here/latest/USD  
[2026-07-13 21:54:13] local.WARNING: [exchangerate] HTTP 404 → https://v6.exchangerate-api.com/v6/your_exchangerate_api_key_here/latest/USD  
[2026-07-13 21:54:18] local.WARNING: [gnews] HTTP 400 → https://gnews.io/api/v4/search  
[2026-07-13 21:54:24] local.WARNING: [gnews] HTTP 400 → https://gnews.io/api/v4/search  
[2026-07-13 21:54:28] local.WARNING: [gnews] HTTP 400 → https://gnews.io/api/v4/search  
[2026-07-13 21:54:32] local.WARNING: [gnews] HTTP 400 → https://gnews.io/api/v4/search  
[2026-07-13 21:54:39] local.WARNING: [gnews] HTTP 400 → https://gnews.io/api/v4/search  
[2026-07-13 21:55:22] local.WARNING: [exchangerate] HTTP 404 → https://v6.exchangerate-api.com/v6/your_exchangerate_api_key_here/latest/USD  
[2026-07-13 21:55:42] local.WARNING: [exchangerate] HTTP 404 → https://v6.exchangerate-api.com/v6/your_exchangerate_api_key_here/latest/USD  
[2026-07-13 21:56:07] local.WARNING: [exchangerate] HTTP 404 → https://v6.exchangerate-api.com/v6/your_exchangerate_api_key_here/latest/USD  
[2026-07-13 21:56:16] local.WARNING: [exchangerate] HTTP 404 → https://v6.exchangerate-api.com/v6/your_exchangerate_api_key_here/latest/USD  
[2026-07-13 21:57:36] local.ERROR: [worldbank] cURL error 28: Operation timed out after 15004 milliseconds with 0 bytes received (see https://curl.se/libcurl/c/libcurl-errors.html) for https://api.worldbank.org/v2/country/BR/indicator/NY.GDP.MKTP.CD?format=json&date=2021%3A2025&per_page=5  
[2026-07-13 21:57:51] local.ERROR: [worldbank] cURL error 28: Operation timed out after 15005 milliseconds with 0 bytes received (see https://curl.se/libcurl/c/libcurl-errors.html) for https://api.worldbank.org/v2/country/BR/indicator/FP.CPI.TOTL.ZG?format=json&date=2021%3A2025&per_page=5  
[2026-07-13 21:57:52] local.WARNING: [exchangerate] HTTP 404 → https://v6.exchangerate-api.com/v6/your_exchangerate_api_key_here/latest/USD  
[2026-07-13 21:58:08] local.ERROR: [worldbank] cURL error 28: Operation timed out after 15009 milliseconds with 0 bytes received (see https://curl.se/libcurl/c/libcurl-errors.html) for https://api.worldbank.org/v2/country/BR/indicator/NY.GDP.MKTP.CD?format=json&date=2025%3A2025&per_page=1  
[2026-07-13 21:58:23] local.ERROR: [worldbank] cURL error 28: Operation timed out after 15004 milliseconds with 0 bytes received (see https://curl.se/libcurl/c/libcurl-errors.html) for https://api.worldbank.org/v2/country/BR/indicator/NY.GDP.PCAP.CD?format=json&date=2025%3A2025&per_page=1  
[2026-07-13 21:58:38] local.ERROR: [worldbank] cURL error 28: Operation timed out after 15014 milliseconds with 0 bytes received (see https://curl.se/libcurl/c/libcurl-errors.html) for https://api.worldbank.org/v2/country/BR/indicator/FP.CPI.TOTL.ZG?format=json&date=2025%3A2025&per_page=1  
[2026-07-13 21:58:53] local.ERROR: [worldbank] cURL error 28: Operation timed out after 15013 milliseconds with 0 bytes received (see https://curl.se/libcurl/c/libcurl-errors.html) for https://api.worldbank.org/v2/country/BR/indicator/SL.UEM.TOTL.ZS?format=json&date=2025%3A2025&per_page=1  
[2026-07-13 21:59:08] local.ERROR: [worldbank] cURL error 28: Operation timed out after 15000 milliseconds with 0 bytes received (see https://curl.se/libcurl/c/libcurl-errors.html) for https://api.worldbank.org/v2/country/BR/indicator/SP.POP.TOTL?format=json&date=2025%3A2025&per_page=1  
[2026-07-13 21:59:23] local.ERROR: [worldbank] cURL error 28: Operation timed out after 15013 milliseconds with 0 bytes received (see https://curl.se/libcurl/c/libcurl-errors.html) for https://api.worldbank.org/v2/country/BR/indicator/NE.EXP.GNFS.CD?format=json&date=2025%3A2025&per_page=1  
[2026-07-13 21:59:38] local.ERROR: [worldbank] cURL error 28: Operation timed out after 15010 milliseconds with 0 bytes received (see https://curl.se/libcurl/c/libcurl-errors.html) for https://api.worldbank.org/v2/country/BR/indicator/NE.IMP.GNFS.CD?format=json&date=2025%3A2025&per_page=1  
[2026-07-13 22:24:03] local.WARNING: [exchangerate] HTTP 404 → https://v6.exchangerate-api.com/v6/your_exchangerate_api_key_here/latest/USD  
[2026-07-13 22:24:21] local.WARNING: [exchangerate] HTTP 404 → https://v6.exchangerate-api.com/v6/your_exchangerate_api_key_here/latest/USD  
[2026-07-13 22:26:40] local.WARNING: [exchangerate] HTTP 404 → https://v6.exchangerate-api.com/v6/your_exchangerate_api_key_here/latest/USD  
[2026-07-13 22:27:15] local.WARNING: [exchangerate] HTTP 404 → https://v6.exchangerate-api.com/v6/your_exchangerate_api_key_here/latest/USD  
[2026-07-13 22:27:25] local.WARNING: [exchangerate] HTTP 404 → https://v6.exchangerate-api.com/v6/your_exchangerate_api_key_here/latest/USD  
[2026-07-13 22:27:31] local.WARNING: [exchangerate] HTTP 404 → https://v6.exchangerate-api.com/v6/your_exchangerate_api_key_here/latest/USD  
[2026-07-13 22:27:44] local.WARNING: [exchangerate] HTTP 404 → https://v6.exchangerate-api.com/v6/your_exchangerate_api_key_here/latest/USD  
[2026-07-13 22:27:55] local.WARNING: [exchangerate] HTTP 404 → https://v6.exchangerate-api.com/v6/your_exchangerate_api_key_here/latest/USD  
[2026-07-13 22:28:24] local.ERROR: [worldbank] cURL error 28: Operation timed out after 15001 milliseconds with 0 bytes received (see https://curl.se/libcurl/c/libcurl-errors.html) for https://api.worldbank.org/v2/country/MY/indicator/NY.GDP.MKTP.CD?format=json&date=2021%3A2025&per_page=5  
[2026-07-13 22:28:39] local.ERROR: [worldbank] cURL error 28: Operation timed out after 15007 milliseconds with 0 bytes received (see https://curl.se/libcurl/c/libcurl-errors.html) for https://api.worldbank.org/v2/country/MY/indicator/FP.CPI.TOTL.ZG?format=json&date=2021%3A2025&per_page=5  
[2026-07-13 22:28:39] local.WARNING: [exchangerate] HTTP 404 → https://v6.exchangerate-api.com/v6/your_exchangerate_api_key_here/latest/USD  
[2026-07-13 22:28:55] local.ERROR: [worldbank] cURL error 28: Operation timed out after 15008 milliseconds with 0 bytes received (see https://curl.se/libcurl/c/libcurl-errors.html) for https://api.worldbank.org/v2/country/MY/indicator/NY.GDP.MKTP.CD?format=json&date=2025%3A2025&per_page=1  
[2026-07-13 22:29:10] local.ERROR: [worldbank] cURL error 28: Operation timed out after 15007 milliseconds with 0 bytes received (see https://curl.se/libcurl/c/libcurl-errors.html) for https://api.worldbank.org/v2/country/MY/indicator/NY.GDP.PCAP.CD?format=json&date=2025%3A2025&per_page=1  
[2026-07-13 22:29:25] local.ERROR: [worldbank] cURL error 28: Operation timed out after 15003 milliseconds with 0 bytes received (see https://curl.se/libcurl/c/libcurl-errors.html) for https://api.worldbank.org/v2/country/MY/indicator/FP.CPI.TOTL.ZG?format=json&date=2025%3A2025&per_page=1  
[2026-07-13 22:29:40] local.ERROR: [worldbank] cURL error 28: Operation timed out after 15012 milliseconds with 0 bytes received (see https://curl.se/libcurl/c/libcurl-errors.html) for https://api.worldbank.org/v2/country/MY/indicator/SL.UEM.TOTL.ZS?format=json&date=2025%3A2025&per_page=1  
[2026-07-13 22:29:55] local.ERROR: [worldbank] cURL error 28: Operation timed out after 15004 milliseconds with 0 bytes received (see https://curl.se/libcurl/c/libcurl-errors.html) for https://api.worldbank.org/v2/country/MY/indicator/SP.POP.TOTL?format=json&date=2025%3A2025&per_page=1  
[2026-07-13 22:30:11] local.ERROR: [worldbank] cURL error 28: Operation timed out after 15015 milliseconds with 0 bytes received (see https://curl.se/libcurl/c/libcurl-errors.html) for https://api.worldbank.org/v2/country/MY/indicator/NE.EXP.GNFS.CD?format=json&date=2025%3A2025&per_page=1  
[2026-07-13 22:30:26] local.ERROR: [worldbank] cURL error 28: Operation timed out after 15003 milliseconds with 0 bytes received (see https://curl.se/libcurl/c/libcurl-errors.html) for https://api.worldbank.org/v2/country/MY/indicator/NE.IMP.GNFS.CD?format=json&date=2025%3A2025&per_page=1  
[2026-07-13 22:34:30] local.WARNING: [exchangerate] HTTP 404 → https://v6.exchangerate-api.com/v6/your_exchangerate_api_key_here/latest/USD  
[2026-07-13 22:40:54] local.WARNING: [exchangerate] HTTP 404 → https://v6.exchangerate-api.com/v6/your_exchangerate_api_key_here/latest/USD  
[2026-07-13 22:42:42] local.WARNING: [exchangerate] HTTP 404 → https://v6.exchangerate-api.com/v6/your_exchangerate_api_key_here/latest/USD  
[2026-07-13 22:42:53] local.WARNING: [exchangerate] HTTP 404 → https://v6.exchangerate-api.com/v6/your_exchangerate_api_key_here/latest/USD  
[2026-07-13 22:42:58] local.WARNING: [exchangerate] HTTP 404 → https://v6.exchangerate-api.com/v6/your_exchangerate_api_key_here/latest/USD  
[2026-07-13 22:43:20] local.ERROR: [worldbank] cURL error 28: Operation timed out after 15013 milliseconds with 0 bytes received (see https://curl.se/libcurl/c/libcurl-errors.html) for https://api.worldbank.org/v2/country/IN/indicator/NY.GDP.MKTP.CD?format=json&date=2021%3A2025&per_page=5  
[2026-07-13 22:43:35] local.ERROR: [worldbank] cURL error 28: Operation timed out after 15002 milliseconds with 0 bytes received (see https://curl.se/libcurl/c/libcurl-errors.html) for https://api.worldbank.org/v2/country/IN/indicator/FP.CPI.TOTL.ZG?format=json&date=2021%3A2025&per_page=5  
[2026-07-13 22:43:36] local.WARNING: [exchangerate] HTTP 404 → https://v6.exchangerate-api.com/v6/your_exchangerate_api_key_here/latest/USD  
[2026-07-13 22:43:52] local.ERROR: [worldbank] cURL error 28: Operation timed out after 15003 milliseconds with 0 bytes received (see https://curl.se/libcurl/c/libcurl-errors.html) for https://api.worldbank.org/v2/country/IN/indicator/NY.GDP.MKTP.CD?format=json&date=2025%3A2025&per_page=1  
[2026-07-13 22:44:07] local.ERROR: [worldbank] cURL error 28: Operation timed out after 15005 milliseconds with 0 bytes received (see https://curl.se/libcurl/c/libcurl-errors.html) for https://api.worldbank.org/v2/country/IN/indicator/NY.GDP.PCAP.CD?format=json&date=2025%3A2025&per_page=1  
[2026-07-13 22:44:22] local.ERROR: [worldbank] cURL error 28: Operation timed out after 15005 milliseconds with 0 bytes received (see https://curl.se/libcurl/c/libcurl-errors.html) for https://api.worldbank.org/v2/country/IN/indicator/FP.CPI.TOTL.ZG?format=json&date=2025%3A2025&per_page=1  
[2026-07-13 22:44:37] local.ERROR: [worldbank] cURL error 28: Operation timed out after 15003 milliseconds with 0 bytes received (see https://curl.se/libcurl/c/libcurl-errors.html) for https://api.worldbank.org/v2/country/IN/indicator/SL.UEM.TOTL.ZS?format=json&date=2025%3A2025&per_page=1  
[2026-07-13 22:44:52] local.ERROR: [worldbank] cURL error 28: Operation timed out after 15068 milliseconds with 0 bytes received (see https://curl.se/libcurl/c/libcurl-errors.html) for https://api.worldbank.org/v2/country/IN/indicator/SP.POP.TOTL?format=json&date=2025%3A2025&per_page=1  
[2026-07-13 22:45:07] local.ERROR: [worldbank] cURL error 28: Operation timed out after 15004 milliseconds with 0 bytes received (see https://curl.se/libcurl/c/libcurl-errors.html) for https://api.worldbank.org/v2/country/IN/indicator/NE.EXP.GNFS.CD?format=json&date=2025%3A2025&per_page=1  
[2026-07-13 22:45:22] local.ERROR: [worldbank] cURL error 28: Operation timed out after 15015 milliseconds with 0 bytes received (see https://curl.se/libcurl/c/libcurl-errors.html) for https://api.worldbank.org/v2/country/IN/indicator/NE.IMP.GNFS.CD?format=json&date=2025%3A2025&per_page=1  
[2026-07-13 22:45:52] local.WARNING: [exchangerate] HTTP 404 → https://v6.exchangerate-api.com/v6/your_exchangerate_api_key_here/latest/USD  
[2026-07-13 22:46:13] local.WARNING: [exchangerate] HTTP 404 → https://v6.exchangerate-api.com/v6/your_exchangerate_api_key_here/latest/USD  
[2026-07-13 22:46:14] local.WARNING: [exchangerate] HTTP 404 → https://v6.exchangerate-api.com/v6/your_exchangerate_api_key_here/latest/USD  
[2026-07-13 22:46:15] local.WARNING: [exchangerate] HTTP 404 → https://v6.exchangerate-api.com/v6/your_exchangerate_api_key_here/latest/USD  
[2026-07-13 22:46:37] local.WARNING: [exchangerate] HTTP 404 → https://v6.exchangerate-api.com/v6/your_exchangerate_api_key_here/latest/EUR  
[2026-07-13 22:46:39] local.WARNING: [exchangerate] HTTP 404 → https://v6.exchangerate-api.com/v6/your_exchangerate_api_key_here/latest/USD  
[2026-07-13 22:46:40] local.WARNING: [exchangerate] HTTP 404 → https://v6.exchangerate-api.com/v6/your_exchangerate_api_key_here/latest/USD  
[2026-07-13 22:49:09] local.WARNING: [exchangerate] HTTP 404 → https://v6.exchangerate-api.com/v6/your_exchangerate_api_key_here/latest/USD  
[2026-07-13 22:49:16] local.WARNING: [exchangerate] HTTP 404 → https://v6.exchangerate-api.com/v6/your_exchangerate_api_key_here/latest/USD  
[2026-07-13 22:49:18] local.WARNING: [exchangerate] HTTP 404 → https://v6.exchangerate-api.com/v6/your_exchangerate_api_key_here/latest/USD  
[2026-07-13 22:49:19] local.WARNING: [exchangerate] HTTP 404 → https://v6.exchangerate-api.com/v6/your_exchangerate_api_key_here/latest/USD  
[2026-07-13 22:55:26] local.WARNING: [exchangerate] HTTP 404 → https://v6.exchangerate-api.com/v6/your_exchangerate_api_key_here/latest/USD  
[2026-07-13 22:55:57] local.ERROR: [worldbank] cURL error 28: Operation timed out after 15014 milliseconds with 0 bytes received (see https://curl.se/libcurl/c/libcurl-errors.html) for https://api.worldbank.org/v2/country/AU/indicator/NY.GDP.PCAP.CD?format=json&date=2025%3A2025&per_page=1  
[2026-07-13 22:56:43] local.ERROR: [worldbank] cURL error 28: Operation timed out after 15011 milliseconds with 0 bytes received (see https://curl.se/libcurl/c/libcurl-errors.html) for https://api.worldbank.org/v2/country/AU/indicator/NE.EXP.GNFS.CD?format=json&date=2025%3A2025&per_page=1  
[2026-07-13 22:56:58] local.ERROR: [worldbank] cURL error 28: Operation timed out after 15011 milliseconds with 0 bytes received (see https://curl.se/libcurl/c/libcurl-errors.html) for https://api.worldbank.org/v2/country/AU/indicator/NE.IMP.GNFS.CD?format=json&date=2025%3A2025&per_page=1  
[2026-07-13 23:01:30] local.WARNING: [exchangerate] HTTP 404 → https://v6.exchangerate-api.com/v6/your_exchangerate_api_key_here/latest/USD  
[2026-07-13 23:01:32] local.WARNING: [exchangerate] HTTP 404 → https://v6.exchangerate-api.com/v6/your_exchangerate_api_key_here/latest/USD  
[2026-07-13 23:01:34] local.WARNING: [exchangerate] HTTP 404 → https://v6.exchangerate-api.com/v6/your_exchangerate_api_key_here/latest/USD  
[2026-07-13 23:01:35] local.WARNING: [exchangerate] HTTP 404 → https://v6.exchangerate-api.com/v6/your_exchangerate_api_key_here/latest/USD  
[2026-07-13 23:09:26] local.WARNING: [exchangerate] HTTP 404 → https://v6.exchangerate-api.com/v6/your_exchangerate_api_key_here/latest/USD  
[2026-07-13 23:09:28] local.WARNING: [exchangerate] HTTP 404 → https://v6.exchangerate-api.com/v6/your_exchangerate_api_key_here/latest/USD  
[2026-07-13 23:09:29] local.WARNING: [exchangerate] HTTP 404 → https://v6.exchangerate-api.com/v6/your_exchangerate_api_key_here/latest/USD  
[2026-07-13 23:16:29] local.WARNING: [exchangerate] HTTP 404 → https://v6.exchangerate-api.com/v6/your_exchangerate_api_key_here/latest/USD  
[2026-07-13 23:16:31] local.WARNING: [exchangerate] HTTP 404 → https://v6.exchangerate-api.com/v6/your_exchangerate_api_key_here/latest/USD  
[2026-07-13 23:16:32] local.WARNING: [exchangerate] HTTP 404 → https://v6.exchangerate-api.com/v6/your_exchangerate_api_key_here/latest/USD  
[2026-07-13 23:17:18] local.WARNING: [exchangerate] HTTP 404 → https://v6.exchangerate-api.com/v6/your_exchangerate_api_key_here/latest/USD  
[2026-07-13 23:17:19] local.ERROR: Class "ExchangeRateService" does not exist {"userId":2,"exception":"[object] (ReflectionException(code: -1): Class \"ExchangeRateService\" does not exist at D:/laragon/www/Global Supply/supply-chain-platform/vendor/laravel/framework/src/Illuminate/Routing/ResolvesRouteDependencies.php:88)
[stacktrace]
#0 D:/laragon/www/Global Supply/supply-chain-platform/vendor/laravel/framework/src/Illuminate/Routing/ResolvesRouteDependencies.php(88): ReflectionClass->__construct('ExchangeRateSer...')
#1 D:/laragon/www/Global Supply/supply-chain-platform/vendor/laravel/framework/src/Illuminate/Routing/ResolvesRouteDependencies.php(51): Illuminate/Routing/CallableDispatcher->transformDependency(Object(ReflectionParameter), Array, Object(stdClass))
#2 D:/laragon/www/Global Supply/supply-chain-platform/vendor/laravel/framework/src/Illuminate/Routing/CallableDispatcher.php(52): Illuminate/Routing/CallableDispatcher->resolveMethodDependencies(Array, Object(ReflectionFunction))
#3 D:/laragon/www/Global Supply/supply-chain-platform/vendor/laravel/framework/src/Illuminate/Routing/CallableDispatcher.php(40): Illuminate/Routing/CallableDispatcher->resolveParameters(Object(Illuminate/Routing/Route), Object(Closure))
#4 D:/laragon/www/Global Supply/supply-chain-platform/vendor/laravel/framework/src/Illuminate/Routing/Route.php(244): Illuminate/Routing/CallableDispatcher->dispatch(Object(Illuminate/Routing/Route), Object(Closure))
#5 D:/laragon/www/Global Supply/supply-chain-platform/vendor/laravel/framework/src/Illuminate/Routing/Route.php(215): Illuminate/Routing/Route->runCallable()
#6 D:/laragon/www/Global Supply/supply-chain-platform/vendor/laravel/framework/src/Illuminate/Routing/Router.php(808): Illuminate/Routing/Route->run()
#7 D:/laragon/www/Global Supply/supply-chain-platform/vendor/laravel/framework/src/Illuminate/Pipeline/Pipeline.php(170): Illuminate/Routing/Router->Illuminate/Routing/{closure}(Object(Illuminate/Http/Request))
#8 D:/laragon/www/Global Supply/supply-chain-platform/vendor/laravel/framework/src/Illuminate/Routing/Middleware/SubstituteBindings.php(51): Illuminate/Pipeline/Pipeline->Illuminate/Pipeline/{closure}(Object(Illuminate/Http/Request))
#9 D:/laragon/www/Global Supply/supply-chain-platform/vendor/laravel/framework/src/Illuminate/Pipeline/Pipeline.php(209): Illuminate/Routing/Middleware/SubstituteBindings->handle(Object(Illuminate/Http/Request), Object(Closure))
#10 D:/laragon/www/Global Supply/supply-chain-platform/vendor/laravel/framework/src/Illuminate/Auth/Middleware/Authenticate.php(64): Illuminate/Pipeline/Pipeline->Illuminate/Pipeline/{closure}(Object(Illuminate/Http/Request))
#11 D:/laragon/www/Global Supply/supply-chain-platform/vendor/laravel/framework/src/Illuminate/Pipeline/Pipeline.php(209): Illuminate/Auth/Middleware/Authenticate->handle(Object(Illuminate/Http/Request), Object(Closure))
#12 D:/laragon/www/Global Supply/supply-chain-platform/vendor/laravel/framework/src/Illuminate/Foundation/Http/Middleware/VerifyCsrfToken.php(88): Illuminate/Pipeline/Pipeline->Illuminate/Pipeline/{closure}(Object(Illuminate/Http/Request))
#13 D:/laragon/www/Global Supply/supply-chain-platform/vendor/laravel/framework/src/Illuminate/Pipeline/Pipeline.php(209): Illuminate/Foundation/Http/Middleware/VerifyCsrfToken->handle(Object(Illuminate/Http/Request), Object(Closure))
#14 D:/laragon/www/Global Supply/supply-chain-platform/vendor/laravel/framework/src/Illuminate/View/Middleware/ShareErrorsFromSession.php(49): Illuminate/Pipeline/Pipeline->Illuminate/Pipeline/{closure}(Object(Illuminate/Http/Request))
#15 D:/laragon/www/Global Supply/supply-chain-platform/vendor/laravel/framework/src/Illuminate/Pipeline/Pipeline.php(209): Illuminate/View/Middleware/ShareErrorsFromSession->handle(Object(Illuminate/Http/Request), Object(Closure))
#16 D:/laragon/www/Global Supply/supply-chain-platform/vendor/laravel/framework/src/Illuminate/Session/Middleware/StartSession.php(121): Illuminate/Pipeline/Pipeline->Illuminate/Pipeline/{closure}(Object(Illuminate/Http/Request))
#17 D:/laragon/www/Global Supply/supply-chain-platform/vendor/laravel/framework/src/Illuminate/Session/Middleware/StartSession.php(64): Illuminate/Session/Middleware/StartSession->handleStatefulRequest(Object(Illuminate/Http/Request), Object(Illuminate/Session/Store), Object(Closure))
#18 D:/laragon/www/Global Supply/supply-chain-platform/vendor/laravel/framework/src/Illuminate/Pipeline/Pipeline.php(209): Illuminate/Session/Middleware/StartSession->handle(Object(Illuminate/Http/Request), Object(Closure))
#19 D:/laragon/www/Global Supply/supply-chain-platform/vendor/laravel/framework/src/Illuminate/Cookie/Middleware/AddQueuedCookiesToResponse.php(37): Illuminate/Pipeline/Pipeline->Illuminate/Pipeline/{closure}(Object(Illuminate/Http/Request))
#20 D:/laragon/www/Global Supply/supply-chain-platform/vendor/laravel/framework/src/Illuminate/Pipeline/Pipeline.php(209): Illuminate/Cookie/Middleware/AddQueuedCookiesToResponse->handle(Object(Illuminate/Http/Request), Object(Closure))
#21 D:/laragon/www/Global Supply/supply-chain-platform/vendor/laravel/framework/src/Illuminate/Cookie/Middleware/EncryptCookies.php(75): Illuminate/Pipeline/Pipeline->Illuminate/Pipeline/{closure}(Object(Illuminate/Http/Request))
#22 D:/laragon/www/Global Supply/supply-chain-platform/vendor/laravel/framework/src/Illuminate/Pipeline/Pipeline.php(209): Illuminate/Cookie/Middleware/EncryptCookies->handle(Object(Illuminate/Http/Request), Object(Closure))
#23 D:/laragon/www/Global Supply/supply-chain-platform/vendor/laravel/framework/src/Illuminate/Pipeline/Pipeline.php(127): Illuminate/Pipeline/Pipeline->Illuminate/Pipeline/{closure}(Object(Illuminate/Http/Request))
#24 D:/laragon/www/Global Supply/supply-chain-platform/vendor/laravel/framework/src/Illuminate/Routing/Router.php(807): Illuminate/Pipeline/Pipeline->then(Object(Closure))
#25 D:/laragon/www/Global Supply/supply-chain-platform/vendor/laravel/framework/src/Illuminate/Routing/Router.php(786): Illuminate/Routing/Router->runRouteWithinStack(Object(Illuminate/Routing/Route), Object(Illuminate/Http/Request))
#26 D:/laragon/www/Global Supply/supply-chain-platform/vendor/laravel/framework/src/Illuminate/Routing/Router.php(750): Illuminate/Routing/Router->runRoute(Object(Illuminate/Http/Request), Object(Illuminate/Routing/Route))
#27 D:/laragon/www/Global Supply/supply-chain-platform/vendor/laravel/framework/src/Illuminate/Routing/Router.php(739): Illuminate/Routing/Router->dispatchToRoute(Object(Illuminate/Http/Request))
#28 D:/laragon/www/Global Supply/supply-chain-platform/vendor/laravel/framework/src/Illuminate/Foundation/Http/Kernel.php(201): Illuminate/Routing/Router->dispatch(Object(Illuminate/Http/Request))
#29 D:/laragon/www/Global Supply/supply-chain-platform/vendor/laravel/framework/src/Illuminate/Pipeline/Pipeline.php(170): Illuminate/Foundation/Http/Kernel->Illuminate/Foundation/Http/{closure}(Object(Illuminate/Http/Request))
#30 D:/laragon/www/Global Supply/supply-chain-platform/vendor/laravel/framework/src/Illuminate/Foundation/Http/Middleware/TransformsRequest.php(21): Illuminate/Pipeline/Pipeline->Illuminate/Pipeline/{closure}(Object(Illuminate/Http/Request))
#31 D:/laragon/www/Global Supply/supply-chain-platform/vendor/laravel/framework/src/Illuminate/Foundation/Http/Middleware/ConvertEmptyStringsToNull.php(31): Illuminate/Foundation/Http/Middleware/TransformsRequest->handle(Object(Illuminate/Http/Request), Object(Closure))
#32 D:/laragon/www/Global Supply/supply-chain-platform/vendor/laravel/framework/src/Illuminate/Pipeline/Pipeline.php(209): Illuminate/Foundation/Http/Middleware/ConvertEmptyStringsToNull->handle(Object(Illuminate/Http/Request), Object(Closure))
#33 D:/laragon/www/Global Supply/supply-chain-platform/vendor/laravel/framework/src/Illuminate/Foundation/Http/Middleware/TransformsRequest.php(21): Illuminate/Pipeline/Pipeline->Illuminate/Pipeline/{closure}(Object(Illuminate/Http/Request))
#34 D:/laragon/www/Global Supply/supply-chain-platform/vendor/laravel/framework/src/Illuminate/Foundation/Http/Middleware/TrimStrings.php(51): Illuminate/Foundation/Http/Middleware/TransformsRequest->handle(Object(Illuminate/Http/Request), Object(Closure))
#35 D:/laragon/www/Global Supply/supply-chain-platform/vendor/laravel/framework/src/Illuminate/Pipeline/Pipeline.php(209): Illuminate/Foundation/Http/Middleware/TrimStrings->handle(Object(Illuminate/Http/Request), Object(Closure))
#36 D:/laragon/www/Global Supply/supply-chain-platform/vendor/laravel/framework/src/Illuminate/Http/Middleware/ValidatePostSize.php(27): Illuminate/Pipeline/Pipeline->Illuminate/Pipeline/{closure}(Object(Illuminate/Http/Request))
#37 D:/laragon/www/Global Supply/supply-chain-platform/vendor/laravel/framework/src/Illuminate/Pipeline/Pipeline.php(209): Illuminate/Http/Middleware/ValidatePostSize->handle(Object(Illuminate/Http/Request), Object(Closure))
#38 D:/laragon/www/Global Supply/supply-chain-platform/vendor/laravel/framework/src/Illuminate/Foundation/Http/Middleware/PreventRequestsDuringMaintenance.php(110): Illuminate/Pipeline/Pipeline->Illuminate/Pipeline/{closure}(Object(Illuminate/Http/Request))
#39 D:/laragon/www/Global Supply/supply-chain-platform/vendor/laravel/framework/src/Illuminate/Pipeline/Pipeline.php(209): Illuminate/Foundation/Http/Middleware/PreventRequestsDuringMaintenance->handle(Object(Illuminate/Http/Request), Object(Closure))
#40 D:/laragon/www/Global Supply/supply-chain-platform/vendor/laravel/framework/src/Illuminate/Http/Middleware/HandleCors.php(49): Illuminate/Pipeline/Pipeline->Illuminate/Pipeline/{closure}(Object(Illuminate/Http/Request))
#41 D:/laragon/www/Global Supply/supply-chain-platform/vendor/laravel/framework/src/Illuminate/Pipeline/Pipeline.php(209): Illuminate/Http/Middleware/HandleCors->handle(Object(Illuminate/Http/Request), Object(Closure))
#42 D:/laragon/www/Global Supply/supply-chain-platform/vendor/laravel/framework/src/Illuminate/Http/Middleware/TrustProxies.php(58): Illuminate/Pipeline/Pipeline->Illuminate/Pipeline/{closure}(Object(Illuminate/Http/Request))
#43 D:/laragon/www/Global Supply/supply-chain-platform/vendor/laravel/framework/src/Illuminate/Pipeline/Pipeline.php(209): Illuminate/Http/Middleware/TrustProxies->handle(Object(Illuminate/Http/Request), Object(Closure))
#44 D:/laragon/www/Global Supply/supply-chain-platform/vendor/laravel/framework/src/Illuminate/Foundation/Http/Middleware/InvokeDeferredCallbacks.php(22): Illuminate/Pipeline/Pipeline->Illuminate/Pipeline/{closure}(Object(Illuminate/Http/Request))
#45 D:/laragon/www/Global Supply/supply-chain-platform/vendor/laravel/framework/src/Illuminate/Pipeline/Pipeline.php(209): Illuminate/Foundation/Http/Middleware/InvokeDeferredCallbacks->handle(Object(Illuminate/Http/Request), Object(Closure))
#46 D:/laragon/www/Global Supply/supply-chain-platform/vendor/laravel/framework/src/Illuminate/Pipeline/Pipeline.php(127): Illuminate/Pipeline/Pipeline->Illuminate/Pipeline/{closure}(Object(Illuminate/Http/Request))
#47 D:/laragon/www/Global Supply/supply-chain-platform/vendor/laravel/framework/src/Illuminate/Foundation/Http/Kernel.php(176): Illuminate/Pipeline/Pipeline->then(Object(Closure))
#48 D:/laragon/www/Global Supply/supply-chain-platform/vendor/laravel/framework/src/Illuminate/Foundation/Http/Kernel.php(145): Illuminate/Foundation/Http/Kernel->sendRequestThroughRouter(Object(Illuminate/Http/Request))
#49 D:/laragon/www/Global Supply/supply-chain-platform/vendor/laravel/framework/src/Illuminate/Foundation/Application.php(1220): Illuminate/Foundation/Http/Kernel->handle(Object(Illuminate/Http/Request))
#50 D:/laragon/www/Global Supply/supply-chain-platform/public/index.php(20): Illuminate/Foundation/Application->handleRequest(Object(Illuminate/Http/Request))
#51 D:/laragon/www/Global Supply/supply-chain-platform/vendor/laravel/framework/src/Illuminate/Foundation/resources/server.php(23): require_once('D://laragon//www//...')
#52 {main}
"} 
[2026-07-13 23:17:20] local.ERROR: Class "ExchangeRateService" does not exist {"userId":2,"exception":"[object] (ReflectionException(code: -1): Class \"ExchangeRateService\" does not exist at D:/laragon/www/Global Supply/supply-chain-platform/vendor/laravel/framework/src/Illuminate/Routing/ResolvesRouteDependencies.php:88)
[stacktrace]
#0 D:/laragon/www/Global Supply/supply-chain-platform/vendor/laravel/framework/src/Illuminate/Routing/ResolvesRouteDependencies.php(88): ReflectionClass->__construct('ExchangeRateSer...')
#1 D:/laragon/www/Global Supply/supply-chain-platform/vendor/laravel/framework/src/Illuminate/Routing/ResolvesRouteDependencies.php(51): Illuminate/Routing/CallableDispatcher->transformDependency(Object(ReflectionParameter), Array, Object(stdClass))
#2 D:/laragon/www/Global Supply/supply-chain-platform/vendor/laravel/framework/src/Illuminate/Routing/CallableDispatcher.php(52): Illuminate/Routing/CallableDispatcher->resolveMethodDependencies(Array, Object(ReflectionFunction))
#3 D:/laragon/www/Global Supply/supply-chain-platform/vendor/laravel/framework/src/Illuminate/Routing/CallableDispatcher.php(40): Illuminate/Routing/CallableDispatcher->resolveParameters(Object(Illuminate/Routing/Route), Object(Closure))
#4 D:/laragon/www/Global Supply/supply-chain-platform/vendor/laravel/framework/src/Illuminate/Routing/Route.php(244): Illuminate/Routing/CallableDispatcher->dispatch(Object(Illuminate/Routing/Route), Object(Closure))
#5 D:/laragon/www/Global Supply/supply-chain-platform/vendor/laravel/framework/src/Illuminate/Routing/Route.php(215): Illuminate/Routing/Route->runCallable()
#6 D:/laragon/www/Global Supply/supply-chain-platform/vendor/laravel/framework/src/Illuminate/Routing/Router.php(808): Illuminate/Routing/Route->run()
#7 D:/laragon/www/Global Supply/supply-chain-platform/vendor/laravel/framework/src/Illuminate/Pipeline/Pipeline.php(170): Illuminate/Routing/Router->Illuminate/Routing/{closure}(Object(Illuminate/Http/Request))
#8 D:/laragon/www/Global Supply/supply-chain-platform/vendor/laravel/framework/src/Illuminate/Routing/Middleware/SubstituteBindings.php(51): Illuminate/Pipeline/Pipeline->Illuminate/Pipeline/{closure}(Object(Illuminate/Http/Request))
#9 D:/laragon/www/Global Supply/supply-chain-platform/vendor/laravel/framework/src/Illuminate/Pipeline/Pipeline.php(209): Illuminate/Routing/Middleware/SubstituteBindings->handle(Object(Illuminate/Http/Request), Object(Closure))
#10 D:/laragon/www/Global Supply/supply-chain-platform/vendor/laravel/framework/src/Illuminate/Auth/Middleware/Authenticate.php(64): Illuminate/Pipeline/Pipeline->Illuminate/Pipeline/{closure}(Object(Illuminate/Http/Request))
#11 D:/laragon/www/Global Supply/supply-chain-platform/vendor/laravel/framework/src/Illuminate/Pipeline/Pipeline.php(209): Illuminate/Auth/Middleware/Authenticate->handle(Object(Illuminate/Http/Request), Object(Closure))
#12 D:/laragon/www/Global Supply/supply-chain-platform/vendor/laravel/framework/src/Illuminate/Foundation/Http/Middleware/VerifyCsrfToken.php(88): Illuminate/Pipeline/Pipeline->Illuminate/Pipeline/{closure}(Object(Illuminate/Http/Request))
#13 D:/laragon/www/Global Supply/supply-chain-platform/vendor/laravel/framework/src/Illuminate/Pipeline/Pipeline.php(209): Illuminate/Foundation/Http/Middleware/VerifyCsrfToken->handle(Object(Illuminate/Http/Request), Object(Closure))
#14 D:/laragon/www/Global Supply/supply-chain-platform/vendor/laravel/framework/src/Illuminate/View/Middleware/ShareErrorsFromSession.php(49): Illuminate/Pipeline/Pipeline->Illuminate/Pipeline/{closure}(Object(Illuminate/Http/Request))
#15 D:/laragon/www/Global Supply/supply-chain-platform/vendor/laravel/framework/src/Illuminate/Pipeline/Pipeline.php(209): Illuminate/View/Middleware/ShareErrorsFromSession->handle(Object(Illuminate/Http/Request), Object(Closure))
#16 D:/laragon/www/Global Supply/supply-chain-platform/vendor/laravel/framework/src/Illuminate/Session/Middleware/StartSession.php(121): Illuminate/Pipeline/Pipeline->Illuminate/Pipeline/{closure}(Object(Illuminate/Http/Request))
#17 D:/laragon/www/Global Supply/supply-chain-platform/vendor/laravel/framework/src/Illuminate/Session/Middleware/StartSession.php(64): Illuminate/Session/Middleware/StartSession->handleStatefulRequest(Object(Illuminate/Http/Request), Object(Illuminate/Session/Store), Object(Closure))
#18 D:/laragon/www/Global Supply/supply-chain-platform/vendor/laravel/framework/src/Illuminate/Pipeline/Pipeline.php(209): Illuminate/Session/Middleware/StartSession->handle(Object(Illuminate/Http/Request), Object(Closure))
#19 D:/laragon/www/Global Supply/supply-chain-platform/vendor/laravel/framework/src/Illuminate/Cookie/Middleware/AddQueuedCookiesToResponse.php(37): Illuminate/Pipeline/Pipeline->Illuminate/Pipeline/{closure}(Object(Illuminate/Http/Request))
#20 D:/laragon/www/Global Supply/supply-chain-platform/vendor/laravel/framework/src/Illuminate/Pipeline/Pipeline.php(209): Illuminate/Cookie/Middleware/AddQueuedCookiesToResponse->handle(Object(Illuminate/Http/Request), Object(Closure))
#21 D:/laragon/www/Global Supply/supply-chain-platform/vendor/laravel/framework/src/Illuminate/Cookie/Middleware/EncryptCookies.php(75): Illuminate/Pipeline/Pipeline->Illuminate/Pipeline/{closure}(Object(Illuminate/Http/Request))
#22 D:/laragon/www/Global Supply/supply-chain-platform/vendor/laravel/framework/src/Illuminate/Pipeline/Pipeline.php(209): Illuminate/Cookie/Middleware/EncryptCookies->handle(Object(Illuminate/Http/Request), Object(Closure))
#23 D:/laragon/www/Global Supply/supply-chain-platform/vendor/laravel/framework/src/Illuminate/Pipeline/Pipeline.php(127): Illuminate/Pipeline/Pipeline->Illuminate/Pipeline/{closure}(Object(Illuminate/Http/Request))
#24 D:/laragon/www/Global Supply/supply-chain-platform/vendor/laravel/framework/src/Illuminate/Routing/Router.php(807): Illuminate/Pipeline/Pipeline->then(Object(Closure))
#25 D:/laragon/www/Global Supply/supply-chain-platform/vendor/laravel/framework/src/Illuminate/Routing/Router.php(786): Illuminate/Routing/Router->runRouteWithinStack(Object(Illuminate/Routing/Route), Object(Illuminate/Http/Request))
#26 D:/laragon/www/Global Supply/supply-chain-platform/vendor/laravel/framework/src/Illuminate/Routing/Router.php(750): Illuminate/Routing/Router->runRoute(Object(Illuminate/Http/Request), Object(Illuminate/Routing/Route))
#27 D:/laragon/www/Global Supply/supply-chain-platform/vendor/laravel/framework/src/Illuminate/Routing/Router.php(739): Illuminate/Routing/Router->dispatchToRoute(Object(Illuminate/Http/Request))
#28 D:/laragon/www/Global Supply/supply-chain-platform/vendor/laravel/framework/src/Illuminate/Foundation/Http/Kernel.php(201): Illuminate/Routing/Router->dispatch(Object(Illuminate/Http/Request))
#29 D:/laragon/www/Global Supply/supply-chain-platform/vendor/laravel/framework/src/Illuminate/Pipeline/Pipeline.php(170): Illuminate/Foundation/Http/Kernel->Illuminate/Foundation/Http/{closure}(Object(Illuminate/Http/Request))
#30 D:/laragon/www/Global Supply/supply-chain-platform/vendor/laravel/framework/src/Illuminate/Foundation/Http/Middleware/TransformsRequest.php(21): Illuminate/Pipeline/Pipeline->Illuminate/Pipeline/{closure}(Object(Illuminate/Http/Request))
#31 D:/laragon/www/Global Supply/supply-chain-platform/vendor/laravel/framework/src/Illuminate/Foundation/Http/Middleware/ConvertEmptyStringsToNull.php(31): Illuminate/Foundation/Http/Middleware/TransformsRequest->handle(Object(Illuminate/Http/Request), Object(Closure))
#32 D:/laragon/www/Global Supply/supply-chain-platform/vendor/laravel/framework/src/Illuminate/Pipeline/Pipeline.php(209): Illuminate/Foundation/Http/Middleware/ConvertEmptyStringsToNull->handle(Object(Illuminate/Http/Request), Object(Closure))
#33 D:/laragon/www/Global Supply/supply-chain-platform/vendor/laravel/framework/src/Illuminate/Foundation/Http/Middleware/TransformsRequest.php(21): Illuminate/Pipeline/Pipeline->Illuminate/Pipeline/{closure}(Object(Illuminate/Http/Request))
#34 D:/laragon/www/Global Supply/supply-chain-platform/vendor/laravel/framework/src/Illuminate/Foundation/Http/Middleware/TrimStrings.php(51): Illuminate/Foundation/Http/Middleware/TransformsRequest->handle(Object(Illuminate/Http/Request), Object(Closure))
#35 D:/laragon/www/Global Supply/supply-chain-platform/vendor/laravel/framework/src/Illuminate/Pipeline/Pipeline.php(209): Illuminate/Foundation/Http/Middleware/TrimStrings->handle(Object(Illuminate/Http/Request), Object(Closure))
#36 D:/laragon/www/Global Supply/supply-chain-platform/vendor/laravel/framework/src/Illuminate/Http/Middleware/ValidatePostSize.php(27): Illuminate/Pipeline/Pipeline->Illuminate/Pipeline/{closure}(Object(Illuminate/Http/Request))
#37 D:/laragon/www/Global Supply/supply-chain-platform/vendor/laravel/framework/src/Illuminate/Pipeline/Pipeline.php(209): Illuminate/Http/Middleware/ValidatePostSize->handle(Object(Illuminate/Http/Request), Object(Closure))
#38 D:/laragon/www/Global Supply/supply-chain-platform/vendor/laravel/framework/src/Illuminate/Foundation/Http/Middleware/PreventRequestsDuringMaintenance.php(110): Illuminate/Pipeline/Pipeline->Illuminate/Pipeline/{closure}(Object(Illuminate/Http/Request))
#39 D:/laragon/www/Global Supply/supply-chain-platform/vendor/laravel/framework/src/Illuminate/Pipeline/Pipeline.php(209): Illuminate/Foundation/Http/Middleware/PreventRequestsDuringMaintenance->handle(Object(Illuminate/Http/Request), Object(Closure))
#40 D:/laragon/www/Global Supply/supply-chain-platform/vendor/laravel/framework/src/Illuminate/Http/Middleware/HandleCors.php(49): Illuminate/Pipeline/Pipeline->Illuminate/Pipeline/{closure}(Object(Illuminate/Http/Request))
#41 D:/laragon/www/Global Supply/supply-chain-platform/vendor/laravel/framework/src/Illuminate/Pipeline/Pipeline.php(209): Illuminate/Http/Middleware/HandleCors->handle(Object(Illuminate/Http/Request), Object(Closure))
#42 D:/laragon/www/Global Supply/supply-chain-platform/vendor/laravel/framework/src/Illuminate/Http/Middleware/TrustProxies.php(58): Illuminate/Pipeline/Pipeline->Illuminate/Pipeline/{closure}(Object(Illuminate/Http/Request))
#43 D:/laragon/www/Global Supply/supply-chain-platform/vendor/laravel/framework/src/Illuminate/Pipeline/Pipeline.php(209): Illuminate/Http/Middleware/TrustProxies->handle(Object(Illuminate/Http/Request), Object(Closure))
#44 D:/laragon/www/Global Supply/supply-chain-platform/vendor/laravel/framework/src/Illuminate/Foundation/Http/Middleware/InvokeDeferredCallbacks.php(22): Illuminate/Pipeline/Pipeline->Illuminate/Pipeline/{closure}(Object(Illuminate/Http/Request))
#45 D:/laragon/www/Global Supply/supply-chain-platform/vendor/laravel/framework/src/Illuminate/Pipeline/Pipeline.php(209): Illuminate/Foundation/Http/Middleware/InvokeDeferredCallbacks->handle(Object(Illuminate/Http/Request), Object(Closure))
#46 D:/laragon/www/Global Supply/supply-chain-platform/vendor/laravel/framework/src/Illuminate/Pipeline/Pipeline.php(127): Illuminate/Pipeline/Pipeline->Illuminate/Pipeline/{closure}(Object(Illuminate/Http/Request))
#47 D:/laragon/www/Global Supply/supply-chain-platform/vendor/laravel/framework/src/Illuminate/Foundation/Http/Kernel.php(176): Illuminate/Pipeline/Pipeline->then(Object(Closure))
#48 D:/laragon/www/Global Supply/supply-chain-platform/vendor/laravel/framework/src/Illuminate/Foundation/Http/Kernel.php(145): Illuminate/Foundation/Http/Kernel->sendRequestThroughRouter(Object(Illuminate/Http/Request))
#49 D:/laragon/www/Global Supply/supply-chain-platform/vendor/laravel/framework/src/Illuminate/Foundation/Application.php(1220): Illuminate/Foundation/Http/Kernel->handle(Object(Illuminate/Http/Request))
#50 D:/laragon/www/Global Supply/supply-chain-platform/public/index.php(20): Illuminate/Foundation/Application->handleRequest(Object(Illuminate/Http/Request))
#51 D:/laragon/www/Global Supply/supply-chain-platform/vendor/laravel/framework/src/Illuminate/Foundation/resources/server.php(23): require_once('D://laragon//www//...')
#52 {main}
"} 
[2026-07-13 23:17:50] local.ERROR: Class "ExchangeRateService" does not exist {"userId":2,"exception":"[object] (ReflectionException(code: -1): Class \"ExchangeRateService\" does not exist at D:/laragon/www/Global Supply/supply-chain-platform/vendor/laravel/framework/src/Illuminate/Routing/ResolvesRouteDependencies.php:88)
[stacktrace]
#0 D:/laragon/www/Global Supply/supply-chain-platform/vendor/laravel/framework/src/Illuminate/Routing/ResolvesRouteDependencies.php(88): ReflectionClass->__construct('ExchangeRateSer...')
#1 D:/laragon/www/Global Supply/supply-chain-platform/vendor/laravel/framework/src/Illuminate/Routing/ResolvesRouteDependencies.php(51): Illuminate/Routing/CallableDispatcher->transformDependency(Object(ReflectionParameter), Array, Object(stdClass))
#2 D:/laragon/www/Global Supply/supply-chain-platform/vendor/laravel/framework/src/Illuminate/Routing/CallableDispatcher.php(52): Illuminate/Routing/CallableDispatcher->resolveMethodDependencies(Array, Object(ReflectionFunction))
#3 D:/laragon/www/Global Supply/supply-chain-platform/vendor/laravel/framework/src/Illuminate/Routing/CallableDispatcher.php(40): Illuminate/Routing/CallableDispatcher->resolveParameters(Object(Illuminate/Routing/Route), Object(Closure))
#4 D:/laragon/www/Global Supply/supply-chain-platform/vendor/laravel/framework/src/Illuminate/Routing/Route.php(244): Illuminate/Routing/CallableDispatcher->dispatch(Object(Illuminate/Routing/Route), Object(Closure))
#5 D:/laragon/www/Global Supply/supply-chain-platform/vendor/laravel/framework/src/Illuminate/Routing/Route.php(215): Illuminate/Routing/Route->runCallable()
#6 D:/laragon/www/Global Supply/supply-chain-platform/vendor/laravel/framework/src/Illuminate/Routing/Router.php(808): Illuminate/Routing/Route->run()
#7 D:/laragon/www/Global Supply/supply-chain-platform/vendor/laravel/framework/src/Illuminate/Pipeline/Pipeline.php(170): Illuminate/Routing/Router->Illuminate/Routing/{closure}(Object(Illuminate/Http/Request))
#8 D:/laragon/www/Global Supply/supply-chain-platform/vendor/laravel/framework/src/Illuminate/Routing/Middleware/SubstituteBindings.php(51): Illuminate/Pipeline/Pipeline->Illuminate/Pipeline/{closure}(Object(Illuminate/Http/Request))
#9 D:/laragon/www/Global Supply/supply-chain-platform/vendor/laravel/framework/src/Illuminate/Pipeline/Pipeline.php(209): Illuminate/Routing/Middleware/SubstituteBindings->handle(Object(Illuminate/Http/Request), Object(Closure))
#10 D:/laragon/www/Global Supply/supply-chain-platform/vendor/laravel/framework/src/Illuminate/Auth/Middleware/Authenticate.php(64): Illuminate/Pipeline/Pipeline->Illuminate/Pipeline/{closure}(Object(Illuminate/Http/Request))
#11 D:/laragon/www/Global Supply/supply-chain-platform/vendor/laravel/framework/src/Illuminate/Pipeline/Pipeline.php(209): Illuminate/Auth/Middleware/Authenticate->handle(Object(Illuminate/Http/Request), Object(Closure))
#12 D:/laragon/www/Global Supply/supply-chain-platform/vendor/laravel/framework/src/Illuminate/Foundation/Http/Middleware/VerifyCsrfToken.php(88): Illuminate/Pipeline/Pipeline->Illuminate/Pipeline/{closure}(Object(Illuminate/Http/Request))
#13 D:/laragon/www/Global Supply/supply-chain-platform/vendor/laravel/framework/src/Illuminate/Pipeline/Pipeline.php(209): Illuminate/Foundation/Http/Middleware/VerifyCsrfToken->handle(Object(Illuminate/Http/Request), Object(Closure))
#14 D:/laragon/www/Global Supply/supply-chain-platform/vendor/laravel/framework/src/Illuminate/View/Middleware/ShareErrorsFromSession.php(49): Illuminate/Pipeline/Pipeline->Illuminate/Pipeline/{closure}(Object(Illuminate/Http/Request))
#15 D:/laragon/www/Global Supply/supply-chain-platform/vendor/laravel/framework/src/Illuminate/Pipeline/Pipeline.php(209): Illuminate/View/Middleware/ShareErrorsFromSession->handle(Object(Illuminate/Http/Request), Object(Closure))
#16 D:/laragon/www/Global Supply/supply-chain-platform/vendor/laravel/framework/src/Illuminate/Session/Middleware/StartSession.php(121): Illuminate/Pipeline/Pipeline->Illuminate/Pipeline/{closure}(Object(Illuminate/Http/Request))
#17 D:/laragon/www/Global Supply/supply-chain-platform/vendor/laravel/framework/src/Illuminate/Session/Middleware/StartSession.php(64): Illuminate/Session/Middleware/StartSession->handleStatefulRequest(Object(Illuminate/Http/Request), Object(Illuminate/Session/Store), Object(Closure))
#18 D:/laragon/www/Global Supply/supply-chain-platform/vendor/laravel/framework/src/Illuminate/Pipeline/Pipeline.php(209): Illuminate/Session/Middleware/StartSession->handle(Object(Illuminate/Http/Request), Object(Closure))
#19 D:/laragon/www/Global Supply/supply-chain-platform/vendor/laravel/framework/src/Illuminate/Cookie/Middleware/AddQueuedCookiesToResponse.php(37): Illuminate/Pipeline/Pipeline->Illuminate/Pipeline/{closure}(Object(Illuminate/Http/Request))
#20 D:/laragon/www/Global Supply/supply-chain-platform/vendor/laravel/framework/src/Illuminate/Pipeline/Pipeline.php(209): Illuminate/Cookie/Middleware/AddQueuedCookiesToResponse->handle(Object(Illuminate/Http/Request), Object(Closure))
#21 D:/laragon/www/Global Supply/supply-chain-platform/vendor/laravel/framework/src/Illuminate/Cookie/Middleware/EncryptCookies.php(75): Illuminate/Pipeline/Pipeline->Illuminate/Pipeline/{closure}(Object(Illuminate/Http/Request))
#22 D:/laragon/www/Global Supply/supply-chain-platform/vendor/laravel/framework/src/Illuminate/Pipeline/Pipeline.php(209): Illuminate/Cookie/Middleware/EncryptCookies->handle(Object(Illuminate/Http/Request), Object(Closure))
#23 D:/laragon/www/Global Supply/supply-chain-platform/vendor/laravel/framework/src/Illuminate/Pipeline/Pipeline.php(127): Illuminate/Pipeline/Pipeline->Illuminate/Pipeline/{closure}(Object(Illuminate/Http/Request))
#24 D:/laragon/www/Global Supply/supply-chain-platform/vendor/laravel/framework/src/Illuminate/Routing/Router.php(807): Illuminate/Pipeline/Pipeline->then(Object(Closure))
#25 D:/laragon/www/Global Supply/supply-chain-platform/vendor/laravel/framework/src/Illuminate/Routing/Router.php(786): Illuminate/Routing/Router->runRouteWithinStack(Object(Illuminate/Routing/Route), Object(Illuminate/Http/Request))
#26 D:/laragon/www/Global Supply/supply-chain-platform/vendor/laravel/framework/src/Illuminate/Routing/Router.php(750): Illuminate/Routing/Router->runRoute(Object(Illuminate/Http/Request), Object(Illuminate/Routing/Route))
#27 D:/laragon/www/Global Supply/supply-chain-platform/vendor/laravel/framework/src/Illuminate/Routing/Router.php(739): Illuminate/Routing/Router->dispatchToRoute(Object(Illuminate/Http/Request))
#28 D:/laragon/www/Global Supply/supply-chain-platform/vendor/laravel/framework/src/Illuminate/Foundation/Http/Kernel.php(201): Illuminate/Routing/Router->dispatch(Object(Illuminate/Http/Request))
#29 D:/laragon/www/Global Supply/supply-chain-platform/vendor/laravel/framework/src/Illuminate/Pipeline/Pipeline.php(170): Illuminate/Foundation/Http/Kernel->Illuminate/Foundation/Http/{closure}(Object(Illuminate/Http/Request))
#30 D:/laragon/www/Global Supply/supply-chain-platform/vendor/laravel/framework/src/Illuminate/Foundation/Http/Middleware/TransformsRequest.php(21): Illuminate/Pipeline/Pipeline->Illuminate/Pipeline/{closure}(Object(Illuminate/Http/Request))
#31 D:/laragon/www/Global Supply/supply-chain-platform/vendor/laravel/framework/src/Illuminate/Foundation/Http/Middleware/ConvertEmptyStringsToNull.php(31): Illuminate/Foundation/Http/Middleware/TransformsRequest->handle(Object(Illuminate/Http/Request), Object(Closure))
#32 D:/laragon/www/Global Supply/supply-chain-platform/vendor/laravel/framework/src/Illuminate/Pipeline/Pipeline.php(209): Illuminate/Foundation/Http/Middleware/ConvertEmptyStringsToNull->handle(Object(Illuminate/Http/Request), Object(Closure))
#33 D:/laragon/www/Global Supply/supply-chain-platform/vendor/laravel/framework/src/Illuminate/Foundation/Http/Middleware/TransformsRequest.php(21): Illuminate/Pipeline/Pipeline->Illuminate/Pipeline/{closure}(Object(Illuminate/Http/Request))
#34 D:/laragon/www/Global Supply/supply-chain-platform/vendor/laravel/framework/src/Illuminate/Foundation/Http/Middleware/TrimStrings.php(51): Illuminate/Foundation/Http/Middleware/TransformsRequest->handle(Object(Illuminate/Http/Request), Object(Closure))
#35 D:/laragon/www/Global Supply/supply-chain-platform/vendor/laravel/framework/src/Illuminate/Pipeline/Pipeline.php(209): Illuminate/Foundation/Http/Middleware/TrimStrings->handle(Object(Illuminate/Http/Request), Object(Closure))
#36 D:/laragon/www/Global Supply/supply-chain-platform/vendor/laravel/framework/src/Illuminate/Http/Middleware/ValidatePostSize.php(27): Illuminate/Pipeline/Pipeline->Illuminate/Pipeline/{closure}(Object(Illuminate/Http/Request))
#37 D:/laragon/www/Global Supply/supply-chain-platform/vendor/laravel/framework/src/Illuminate/Pipeline/Pipeline.php(209): Illuminate/Http/Middleware/ValidatePostSize->handle(Object(Illuminate/Http/Request), Object(Closure))
#38 D:/laragon/www/Global Supply/supply-chain-platform/vendor/laravel/framework/src/Illuminate/Foundation/Http/Middleware/PreventRequestsDuringMaintenance.php(110): Illuminate/Pipeline/Pipeline->Illuminate/Pipeline/{closure}(Object(Illuminate/Http/Request))
#39 D:/laragon/www/Global Supply/supply-chain-platform/vendor/laravel/framework/src/Illuminate/Pipeline/Pipeline.php(209): Illuminate/Foundation/Http/Middleware/PreventRequestsDuringMaintenance->handle(Object(Illuminate/Http/Request), Object(Closure))
#40 D:/laragon/www/Global Supply/supply-chain-platform/vendor/laravel/framework/src/Illuminate/Http/Middleware/HandleCors.php(49): Illuminate/Pipeline/Pipeline->Illuminate/Pipeline/{closure}(Object(Illuminate/Http/Request))
#41 D:/laragon/www/Global Supply/supply-chain-platform/vendor/laravel/framework/src/Illuminate/Pipeline/Pipeline.php(209): Illuminate/Http/Middleware/HandleCors->handle(Object(Illuminate/Http/Request), Object(Closure))
#42 D:/laragon/www/Global Supply/supply-chain-platform/vendor/laravel/framework/src/Illuminate/Http/Middleware/TrustProxies.php(58): Illuminate/Pipeline/Pipeline->Illuminate/Pipeline/{closure}(Object(Illuminate/Http/Request))
#43 D:/laragon/www/Global Supply/supply-chain-platform/vendor/laravel/framework/src/Illuminate/Pipeline/Pipeline.php(209): Illuminate/Http/Middleware/TrustProxies->handle(Object(Illuminate/Http/Request), Object(Closure))
#44 D:/laragon/www/Global Supply/supply-chain-platform/vendor/laravel/framework/src/Illuminate/Foundation/Http/Middleware/InvokeDeferredCallbacks.php(22): Illuminate/Pipeline/Pipeline->Illuminate/Pipeline/{closure}(Object(Illuminate/Http/Request))
#45 D:/laragon/www/Global Supply/supply-chain-platform/vendor/laravel/framework/src/Illuminate/Pipeline/Pipeline.php(209): Illuminate/Foundation/Http/Middleware/InvokeDeferredCallbacks->handle(Object(Illuminate/Http/Request), Object(Closure))
#46 D:/laragon/www/Global Supply/supply-chain-platform/vendor/laravel/framework/src/Illuminate/Pipeline/Pipeline.php(127): Illuminate/Pipeline/Pipeline->Illuminate/Pipeline/{closure}(Object(Illuminate/Http/Request))
#47 D:/laragon/www/Global Supply/supply-chain-platform/vendor/laravel/framework/src/Illuminate/Foundation/Http/Kernel.php(176): Illuminate/Pipeline/Pipeline->then(Object(Closure))
#48 D:/laragon/www/Global Supply/supply-chain-platform/vendor/laravel/framework/src/Illuminate/Foundation/Http/Kernel.php(145): Illuminate/Foundation/Http/Kernel->sendRequestThroughRouter(Object(Illuminate/Http/Request))
#49 D:/laragon/www/Global Supply/supply-chain-platform/vendor/laravel/framework/src/Illuminate/Foundation/Application.php(1220): Illuminate/Foundation/Http/Kernel->handle(Object(Illuminate/Http/Request))
#50 D:/laragon/www/Global Supply/supply-chain-platform/public/index.php(20): Illuminate/Foundation/Application->handleRequest(Object(Illuminate/Http/Request))
#51 D:/laragon/www/Global Supply/supply-chain-platform/vendor/laravel/framework/src/Illuminate/Foundation/resources/server.php(23): require_once('D://laragon//www//...')
#52 {main}
"} 
[2026-07-13 23:17:51] local.ERROR: Class "ExchangeRateService" does not exist {"userId":2,"exception":"[object] (ReflectionException(code: -1): Class \"ExchangeRateService\" does not exist at D:/laragon/www/Global Supply/supply-chain-platform/vendor/laravel/framework/src/Illuminate/Routing/ResolvesRouteDependencies.php:88)
[stacktrace]
#0 D:/laragon/www/Global Supply/supply-chain-platform/vendor/laravel/framework/src/Illuminate/Routing/ResolvesRouteDependencies.php(88): ReflectionClass->__construct('ExchangeRateSer...')
#1 D:/laragon/www/Global Supply/supply-chain-platform/vendor/laravel/framework/src/Illuminate/Routing/ResolvesRouteDependencies.php(51): Illuminate/Routing/CallableDispatcher->transformDependency(Object(ReflectionParameter), Array, Object(stdClass))
#2 D:/laragon/www/Global Supply/supply-chain-platform/vendor/laravel/framework/src/Illuminate/Routing/CallableDispatcher.php(52): Illuminate/Routing/CallableDispatcher->resolveMethodDependencies(Array, Object(ReflectionFunction))
#3 D:/laragon/www/Global Supply/supply-chain-platform/vendor/laravel/framework/src/Illuminate/Routing/CallableDispatcher.php(40): Illuminate/Routing/CallableDispatcher->resolveParameters(Object(Illuminate/Routing/Route), Object(Closure))
#4 D:/laragon/www/Global Supply/supply-chain-platform/vendor/laravel/framework/src/Illuminate/Routing/Route.php(244): Illuminate/Routing/CallableDispatcher->dispatch(Object(Illuminate/Routing/Route), Object(Closure))
#5 D:/laragon/www/Global Supply/supply-chain-platform/vendor/laravel/framework/src/Illuminate/Routing/Route.php(215): Illuminate/Routing/Route->runCallable()
#6 D:/laragon/www/Global Supply/supply-chain-platform/vendor/laravel/framework/src/Illuminate/Routing/Router.php(808): Illuminate/Routing/Route->run()
#7 D:/laragon/www/Global Supply/supply-chain-platform/vendor/laravel/framework/src/Illuminate/Pipeline/Pipeline.php(170): Illuminate/Routing/Router->Illuminate/Routing/{closure}(Object(Illuminate/Http/Request))
#8 D:/laragon/www/Global Supply/supply-chain-platform/vendor/laravel/framework/src/Illuminate/Routing/Middleware/SubstituteBindings.php(51): Illuminate/Pipeline/Pipeline->Illuminate/Pipeline/{closure}(Object(Illuminate/Http/Request))
#9 D:/laragon/www/Global Supply/supply-chain-platform/vendor/laravel/framework/src/Illuminate/Pipeline/Pipeline.php(209): Illuminate/Routing/Middleware/SubstituteBindings->handle(Object(Illuminate/Http/Request), Object(Closure))
#10 D:/laragon/www/Global Supply/supply-chain-platform/vendor/laravel/framework/src/Illuminate/Auth/Middleware/Authenticate.php(64): Illuminate/Pipeline/Pipeline->Illuminate/Pipeline/{closure}(Object(Illuminate/Http/Request))
#11 D:/laragon/www/Global Supply/supply-chain-platform/vendor/laravel/framework/src/Illuminate/Pipeline/Pipeline.php(209): Illuminate/Auth/Middleware/Authenticate->handle(Object(Illuminate/Http/Request), Object(Closure))
#12 D:/laragon/www/Global Supply/supply-chain-platform/vendor/laravel/framework/src/Illuminate/Foundation/Http/Middleware/VerifyCsrfToken.php(88): Illuminate/Pipeline/Pipeline->Illuminate/Pipeline/{closure}(Object(Illuminate/Http/Request))
#13 D:/laragon/www/Global Supply/supply-chain-platform/vendor/laravel/framework/src/Illuminate/Pipeline/Pipeline.php(209): Illuminate/Foundation/Http/Middleware/VerifyCsrfToken->handle(Object(Illuminate/Http/Request), Object(Closure))
#14 D:/laragon/www/Global Supply/supply-chain-platform/vendor/laravel/framework/src/Illuminate/View/Middleware/ShareErrorsFromSession.php(49): Illuminate/Pipeline/Pipeline->Illuminate/Pipeline/{closure}(Object(Illuminate/Http/Request))
#15 D:/laragon/www/Global Supply/supply-chain-platform/vendor/laravel/framework/src/Illuminate/Pipeline/Pipeline.php(209): Illuminate/View/Middleware/ShareErrorsFromSession->handle(Object(Illuminate/Http/Request), Object(Closure))
#16 D:/laragon/www/Global Supply/supply-chain-platform/vendor/laravel/framework/src/Illuminate/Session/Middleware/StartSession.php(121): Illuminate/Pipeline/Pipeline->Illuminate/Pipeline/{closure}(Object(Illuminate/Http/Request))
#17 D:/laragon/www/Global Supply/supply-chain-platform/vendor/laravel/framework/src/Illuminate/Session/Middleware/StartSession.php(64): Illuminate/Session/Middleware/StartSession->handleStatefulRequest(Object(Illuminate/Http/Request), Object(Illuminate/Session/Store), Object(Closure))
#18 D:/laragon/www/Global Supply/supply-chain-platform/vendor/laravel/framework/src/Illuminate/Pipeline/Pipeline.php(209): Illuminate/Session/Middleware/StartSession->handle(Object(Illuminate/Http/Request), Object(Closure))
#19 D:/laragon/www/Global Supply/supply-chain-platform/vendor/laravel/framework/src/Illuminate/Cookie/Middleware/AddQueuedCookiesToResponse.php(37): Illuminate/Pipeline/Pipeline->Illuminate/Pipeline/{closure}(Object(Illuminate/Http/Request))
#20 D:/laragon/www/Global Supply/supply-chain-platform/vendor/laravel/framework/src/Illuminate/Pipeline/Pipeline.php(209): Illuminate/Cookie/Middleware/AddQueuedCookiesToResponse->handle(Object(Illuminate/Http/Request), Object(Closure))
#21 D:/laragon/www/Global Supply/supply-chain-platform/vendor/laravel/framework/src/Illuminate/Cookie/Middleware/EncryptCookies.php(75): Illuminate/Pipeline/Pipeline->Illuminate/Pipeline/{closure}(Object(Illuminate/Http/Request))
#22 D:/laragon/www/Global Supply/supply-chain-platform/vendor/laravel/framework/src/Illuminate/Pipeline/Pipeline.php(209): Illuminate/Cookie/Middleware/EncryptCookies->handle(Object(Illuminate/Http/Request), Object(Closure))
#23 D:/laragon/www/Global Supply/supply-chain-platform/vendor/laravel/framework/src/Illuminate/Pipeline/Pipeline.php(127): Illuminate/Pipeline/Pipeline->Illuminate/Pipeline/{closure}(Object(Illuminate/Http/Request))
#24 D:/laragon/www/Global Supply/supply-chain-platform/vendor/laravel/framework/src/Illuminate/Routing/Router.php(807): Illuminate/Pipeline/Pipeline->then(Object(Closure))
#25 D:/laragon/www/Global Supply/supply-chain-platform/vendor/laravel/framework/src/Illuminate/Routing/Router.php(786): Illuminate/Routing/Router->runRouteWithinStack(Object(Illuminate/Routing/Route), Object(Illuminate/Http/Request))
#26 D:/laragon/www/Global Supply/supply-chain-platform/vendor/laravel/framework/src/Illuminate/Routing/Router.php(750): Illuminate/Routing/Router->runRoute(Object(Illuminate/Http/Request), Object(Illuminate/Routing/Route))
#27 D:/laragon/www/Global Supply/supply-chain-platform/vendor/laravel/framework/src/Illuminate/Routing/Router.php(739): Illuminate/Routing/Router->dispatchToRoute(Object(Illuminate/Http/Request))
#28 D:/laragon/www/Global Supply/supply-chain-platform/vendor/laravel/framework/src/Illuminate/Foundation/Http/Kernel.php(201): Illuminate/Routing/Router->dispatch(Object(Illuminate/Http/Request))
#29 D:/laragon/www/Global Supply/supply-chain-platform/vendor/laravel/framework/src/Illuminate/Pipeline/Pipeline.php(170): Illuminate/Foundation/Http/Kernel->Illuminate/Foundation/Http/{closure}(Object(Illuminate/Http/Request))
#30 D:/laragon/www/Global Supply/supply-chain-platform/vendor/laravel/framework/src/Illuminate/Foundation/Http/Middleware/TransformsRequest.php(21): Illuminate/Pipeline/Pipeline->Illuminate/Pipeline/{closure}(Object(Illuminate/Http/Request))
#31 D:/laragon/www/Global Supply/supply-chain-platform/vendor/laravel/framework/src/Illuminate/Foundation/Http/Middleware/ConvertEmptyStringsToNull.php(31): Illuminate/Foundation/Http/Middleware/TransformsRequest->handle(Object(Illuminate/Http/Request), Object(Closure))
#32 D:/laragon/www/Global Supply/supply-chain-platform/vendor/laravel/framework/src/Illuminate/Pipeline/Pipeline.php(209): Illuminate/Foundation/Http/Middleware/ConvertEmptyStringsToNull->handle(Object(Illuminate/Http/Request), Object(Closure))
#33 D:/laragon/www/Global Supply/supply-chain-platform/vendor/laravel/framework/src/Illuminate/Foundation/Http/Middleware/TransformsRequest.php(21): Illuminate/Pipeline/Pipeline->Illuminate/Pipeline/{closure}(Object(Illuminate/Http/Request))
#34 D:/laragon/www/Global Supply/supply-chain-platform/vendor/laravel/framework/src/Illuminate/Foundation/Http/Middleware/TrimStrings.php(51): Illuminate/Foundation/Http/Middleware/TransformsRequest->handle(Object(Illuminate/Http/Request), Object(Closure))
#35 D:/laragon/www/Global Supply/supply-chain-platform/vendor/laravel/framework/src/Illuminate/Pipeline/Pipeline.php(209): Illuminate/Foundation/Http/Middleware/TrimStrings->handle(Object(Illuminate/Http/Request), Object(Closure))
#36 D:/laragon/www/Global Supply/supply-chain-platform/vendor/laravel/framework/src/Illuminate/Http/Middleware/ValidatePostSize.php(27): Illuminate/Pipeline/Pipeline->Illuminate/Pipeline/{closure}(Object(Illuminate/Http/Request))
#37 D:/laragon/www/Global Supply/supply-chain-platform/vendor/laravel/framework/src/Illuminate/Pipeline/Pipeline.php(209): Illuminate/Http/Middleware/ValidatePostSize->handle(Object(Illuminate/Http/Request), Object(Closure))
#38 D:/laragon/www/Global Supply/supply-chain-platform/vendor/laravel/framework/src/Illuminate/Foundation/Http/Middleware/PreventRequestsDuringMaintenance.php(110): Illuminate/Pipeline/Pipeline->Illuminate/Pipeline/{closure}(Object(Illuminate/Http/Request))
#39 D:/laragon/www/Global Supply/supply-chain-platform/vendor/laravel/framework/src/Illuminate/Pipeline/Pipeline.php(209): Illuminate/Foundation/Http/Middleware/PreventRequestsDuringMaintenance->handle(Object(Illuminate/Http/Request), Object(Closure))
#40 D:/laragon/www/Global Supply/supply-chain-platform/vendor/laravel/framework/src/Illuminate/Http/Middleware/HandleCors.php(49): Illuminate/Pipeline/Pipeline->Illuminate/Pipeline/{closure}(Object(Illuminate/Http/Request))
#41 D:/laragon/www/Global Supply/supply-chain-platform/vendor/laravel/framework/src/Illuminate/Pipeline/Pipeline.php(209): Illuminate/Http/Middleware/HandleCors->handle(Object(Illuminate/Http/Request), Object(Closure))
#42 D:/laragon/www/Global Supply/supply-chain-platform/vendor/laravel/framework/src/Illuminate/Http/Middleware/TrustProxies.php(58): Illuminate/Pipeline/Pipeline->Illuminate/Pipeline/{closure}(Object(Illuminate/Http/Request))
#43 D:/laragon/www/Global Supply/supply-chain-platform/vendor/laravel/framework/src/Illuminate/Pipeline/Pipeline.php(209): Illuminate/Http/Middleware/TrustProxies->handle(Object(Illuminate/Http/Request), Object(Closure))
#44 D:/laragon/www/Global Supply/supply-chain-platform/vendor/laravel/framework/src/Illuminate/Foundation/Http/Middleware/InvokeDeferredCallbacks.php(22): Illuminate/Pipeline/Pipeline->Illuminate/Pipeline/{closure}(Object(Illuminate/Http/Request))
#45 D:/laragon/www/Global Supply/supply-chain-platform/vendor/laravel/framework/src/Illuminate/Pipeline/Pipeline.php(209): Illuminate/Foundation/Http/Middleware/InvokeDeferredCallbacks->handle(Object(Illuminate/Http/Request), Object(Closure))
#46 D:/laragon/www/Global Supply/supply-chain-platform/vendor/laravel/framework/src/Illuminate/Pipeline/Pipeline.php(127): Illuminate/Pipeline/Pipeline->Illuminate/Pipeline/{closure}(Object(Illuminate/Http/Request))
#47 D:/laragon/www/Global Supply/supply-chain-platform/vendor/laravel/framework/src/Illuminate/Foundation/Http/Kernel.php(176): Illuminate/Pipeline/Pipeline->then(Object(Closure))
#48 D:/laragon/www/Global Supply/supply-chain-platform/vendor/laravel/framework/src/Illuminate/Foundation/Http/Kernel.php(145): Illuminate/Foundation/Http/Kernel->sendRequestThroughRouter(Object(Illuminate/Http/Request))
#49 D:/laragon/www/Global Supply/supply-chain-platform/vendor/laravel/framework/src/Illuminate/Foundation/Application.php(1220): Illuminate/Foundation/Http/Kernel->handle(Object(Illuminate/Http/Request))
#50 D:/laragon/www/Global Supply/supply-chain-platform/public/index.php(20): Illuminate/Foundation/Application->handleRequest(Object(Illuminate/Http/Request))
#51 D:/laragon/www/Global Supply/supply-chain-platform/vendor/laravel/framework/src/Illuminate/Foundation/resources/server.php(23): require_once('D://laragon//www//...')
#52 {main}
"} 
[2026-07-13 23:17:55] local.WARNING: [exchangerate] HTTP 404 → https://v6.exchangerate-api.com/v6/your_exchangerate_api_key_here/latest/USD  
[2026-07-13 23:17:57] local.WARNING: [exchangerate] HTTP 404 → https://v6.exchangerate-api.com/v6/your_exchangerate_api_key_here/latest/USD  
[2026-07-13 23:17:58] local.WARNING: [exchangerate] HTTP 404 → https://v6.exchangerate-api.com/v6/your_exchangerate_api_key_here/latest/USD  
[2026-07-13 23:19:19] local.WARNING: [exchangerate] HTTP 404 → https://v6.exchangerate-api.com/v6/your_exchangerate_api_key_here/latest/USD  
[2026-07-13 23:19:19] local.WARNING: [exchangerate] HTTP 404 → https://v6.exchangerate-api.com/v6/your_exchangerate_api_key_here/latest/USD  
[2026-07-13 23:19:47] local.WARNING: [exchangerate] HTTP 404 → https://v6.exchangerate-api.com/v6/your_exchangerate_api_key_here/latest/USD  
[2026-07-13 23:19:49] local.WARNING: [exchangerate] HTTP 404 → https://v6.exchangerate-api.com/v6/your_exchangerate_api_key_here/latest/USD  
[2026-07-13 23:19:50] local.WARNING: [exchangerate] HTTP 404 → https://v6.exchangerate-api.com/v6/your_exchangerate_api_key_here/latest/USD  
[2026-07-13 23:20:55] local.WARNING: [exchangerate] HTTP 404 → https://v6.exchangerate-api.com/v6/your_exchangerate_api_key_here/latest/USD  
[2026-07-13 23:20:56] local.ERROR: Class "ExchangeRateService" does not exist {"userId":2,"exception":"[object] (ReflectionException(code: -1): Class \"ExchangeRateService\" does not exist at D:/laragon/www/Global Supply/supply-chain-platform/vendor/laravel/framework/src/Illuminate/Routing/ResolvesRouteDependencies.php:88)
[stacktrace]
#0 D:/laragon/www/Global Supply/supply-chain-platform/vendor/laravel/framework/src/Illuminate/Routing/ResolvesRouteDependencies.php(88): ReflectionClass->__construct('ExchangeRateSer...')
#1 D:/laragon/www/Global Supply/supply-chain-platform/vendor/laravel/framework/src/Illuminate/Routing/ResolvesRouteDependencies.php(51): Illuminate/Routing/CallableDispatcher->transformDependency(Object(ReflectionParameter), Array, Object(stdClass))
#2 D:/laragon/www/Global Supply/supply-chain-platform/vendor/laravel/framework/src/Illuminate/Routing/CallableDispatcher.php(52): Illuminate/Routing/CallableDispatcher->resolveMethodDependencies(Array, Object(ReflectionFunction))
#3 D:/laragon/www/Global Supply/supply-chain-platform/vendor/laravel/framework/src/Illuminate/Routing/CallableDispatcher.php(40): Illuminate/Routing/CallableDispatcher->resolveParameters(Object(Illuminate/Routing/Route), Object(Closure))
#4 D:/laragon/www/Global Supply/supply-chain-platform/vendor/laravel/framework/src/Illuminate/Routing/Route.php(244): Illuminate/Routing/CallableDispatcher->dispatch(Object(Illuminate/Routing/Route), Object(Closure))
#5 D:/laragon/www/Global Supply/supply-chain-platform/vendor/laravel/framework/src/Illuminate/Routing/Route.php(215): Illuminate/Routing/Route->runCallable()
#6 D:/laragon/www/Global Supply/supply-chain-platform/vendor/laravel/framework/src/Illuminate/Routing/Router.php(808): Illuminate/Routing/Route->run()
#7 D:/laragon/www/Global Supply/supply-chain-platform/vendor/laravel/framework/src/Illuminate/Pipeline/Pipeline.php(170): Illuminate/Routing/Router->Illuminate/Routing/{closure}(Object(Illuminate/Http/Request))
#8 D:/laragon/www/Global Supply/supply-chain-platform/vendor/laravel/framework/src/Illuminate/Routing/Middleware/SubstituteBindings.php(51): Illuminate/Pipeline/Pipeline->Illuminate/Pipeline/{closure}(Object(Illuminate/Http/Request))
#9 D:/laragon/www/Global Supply/supply-chain-platform/vendor/laravel/framework/src/Illuminate/Pipeline/Pipeline.php(209): Illuminate/Routing/Middleware/SubstituteBindings->handle(Object(Illuminate/Http/Request), Object(Closure))
#10 D:/laragon/www/Global Supply/supply-chain-platform/vendor/laravel/framework/src/Illuminate/Auth/Middleware/Authenticate.php(64): Illuminate/Pipeline/Pipeline->Illuminate/Pipeline/{closure}(Object(Illuminate/Http/Request))
#11 D:/laragon/www/Global Supply/supply-chain-platform/vendor/laravel/framework/src/Illuminate/Pipeline/Pipeline.php(209): Illuminate/Auth/Middleware/Authenticate->handle(Object(Illuminate/Http/Request), Object(Closure))
#12 D:/laragon/www/Global Supply/supply-chain-platform/vendor/laravel/framework/src/Illuminate/Foundation/Http/Middleware/VerifyCsrfToken.php(88): Illuminate/Pipeline/Pipeline->Illuminate/Pipeline/{closure}(Object(Illuminate/Http/Request))
#13 D:/laragon/www/Global Supply/supply-chain-platform/vendor/laravel/framework/src/Illuminate/Pipeline/Pipeline.php(209): Illuminate/Foundation/Http/Middleware/VerifyCsrfToken->handle(Object(Illuminate/Http/Request), Object(Closure))
#14 D:/laragon/www/Global Supply/supply-chain-platform/vendor/laravel/framework/src/Illuminate/View/Middleware/ShareErrorsFromSession.php(49): Illuminate/Pipeline/Pipeline->Illuminate/Pipeline/{closure}(Object(Illuminate/Http/Request))
#15 D:/laragon/www/Global Supply/supply-chain-platform/vendor/laravel/framework/src/Illuminate/Pipeline/Pipeline.php(209): Illuminate/View/Middleware/ShareErrorsFromSession->handle(Object(Illuminate/Http/Request), Object(Closure))
#16 D:/laragon/www/Global Supply/supply-chain-platform/vendor/laravel/framework/src/Illuminate/Session/Middleware/StartSession.php(121): Illuminate/Pipeline/Pipeline->Illuminate/Pipeline/{closure}(Object(Illuminate/Http/Request))
#17 D:/laragon/www/Global Supply/supply-chain-platform/vendor/laravel/framework/src/Illuminate/Session/Middleware/StartSession.php(64): Illuminate/Session/Middleware/StartSession->handleStatefulRequest(Object(Illuminate/Http/Request), Object(Illuminate/Session/Store), Object(Closure))
#18 D:/laragon/www/Global Supply/supply-chain-platform/vendor/laravel/framework/src/Illuminate/Pipeline/Pipeline.php(209): Illuminate/Session/Middleware/StartSession->handle(Object(Illuminate/Http/Request), Object(Closure))
#19 D:/laragon/www/Global Supply/supply-chain-platform/vendor/laravel/framework/src/Illuminate/Cookie/Middleware/AddQueuedCookiesToResponse.php(37): Illuminate/Pipeline/Pipeline->Illuminate/Pipeline/{closure}(Object(Illuminate/Http/Request))
#20 D:/laragon/www/Global Supply/supply-chain-platform/vendor/laravel/framework/src/Illuminate/Pipeline/Pipeline.php(209): Illuminate/Cookie/Middleware/AddQueuedCookiesToResponse->handle(Object(Illuminate/Http/Request), Object(Closure))
#21 D:/laragon/www/Global Supply/supply-chain-platform/vendor/laravel/framework/src/Illuminate/Cookie/Middleware/EncryptCookies.php(75): Illuminate/Pipeline/Pipeline->Illuminate/Pipeline/{closure}(Object(Illuminate/Http/Request))
#22 D:/laragon/www/Global Supply/supply-chain-platform/vendor/laravel/framework/src/Illuminate/Pipeline/Pipeline.php(209): Illuminate/Cookie/Middleware/EncryptCookies->handle(Object(Illuminate/Http/Request), Object(Closure))
#23 D:/laragon/www/Global Supply/supply-chain-platform/vendor/laravel/framework/src/Illuminate/Pipeline/Pipeline.php(127): Illuminate/Pipeline/Pipeline->Illuminate/Pipeline/{closure}(Object(Illuminate/Http/Request))
#24 D:/laragon/www/Global Supply/supply-chain-platform/vendor/laravel/framework/src/Illuminate/Routing/Router.php(807): Illuminate/Pipeline/Pipeline->then(Object(Closure))
#25 D:/laragon/www/Global Supply/supply-chain-platform/vendor/laravel/framework/src/Illuminate/Routing/Router.php(786): Illuminate/Routing/Router->runRouteWithinStack(Object(Illuminate/Routing/Route), Object(Illuminate/Http/Request))
#26 D:/laragon/www/Global Supply/supply-chain-platform/vendor/laravel/framework/src/Illuminate/Routing/Router.php(750): Illuminate/Routing/Router->runRoute(Object(Illuminate/Http/Request), Object(Illuminate/Routing/Route))
#27 D:/laragon/www/Global Supply/supply-chain-platform/vendor/laravel/framework/src/Illuminate/Routing/Router.php(739): Illuminate/Routing/Router->dispatchToRoute(Object(Illuminate/Http/Request))
#28 D:/laragon/www/Global Supply/supply-chain-platform/vendor/laravel/framework/src/Illuminate/Foundation/Http/Kernel.php(201): Illuminate/Routing/Router->dispatch(Object(Illuminate/Http/Request))
#29 D:/laragon/www/Global Supply/supply-chain-platform/vendor/laravel/framework/src/Illuminate/Pipeline/Pipeline.php(170): Illuminate/Foundation/Http/Kernel->Illuminate/Foundation/Http/{closure}(Object(Illuminate/Http/Request))
#30 D:/laragon/www/Global Supply/supply-chain-platform/vendor/laravel/framework/src/Illuminate/Foundation/Http/Middleware/TransformsRequest.php(21): Illuminate/Pipeline/Pipeline->Illuminate/Pipeline/{closure}(Object(Illuminate/Http/Request))
#31 D:/laragon/www/Global Supply/supply-chain-platform/vendor/laravel/framework/src/Illuminate/Foundation/Http/Middleware/ConvertEmptyStringsToNull.php(31): Illuminate/Foundation/Http/Middleware/TransformsRequest->handle(Object(Illuminate/Http/Request), Object(Closure))
#32 D:/laragon/www/Global Supply/supply-chain-platform/vendor/laravel/framework/src/Illuminate/Pipeline/Pipeline.php(209): Illuminate/Foundation/Http/Middleware/ConvertEmptyStringsToNull->handle(Object(Illuminate/Http/Request), Object(Closure))
#33 D:/laragon/www/Global Supply/supply-chain-platform/vendor/laravel/framework/src/Illuminate/Foundation/Http/Middleware/TransformsRequest.php(21): Illuminate/Pipeline/Pipeline->Illuminate/Pipeline/{closure}(Object(Illuminate/Http/Request))
#34 D:/laragon/www/Global Supply/supply-chain-platform/vendor/laravel/framework/src/Illuminate/Foundation/Http/Middleware/TrimStrings.php(51): Illuminate/Foundation/Http/Middleware/TransformsRequest->handle(Object(Illuminate/Http/Request), Object(Closure))
#35 D:/laragon/www/Global Supply/supply-chain-platform/vendor/laravel/framework/src/Illuminate/Pipeline/Pipeline.php(209): Illuminate/Foundation/Http/Middleware/TrimStrings->handle(Object(Illuminate/Http/Request), Object(Closure))
#36 D:/laragon/www/Global Supply/supply-chain-platform/vendor/laravel/framework/src/Illuminate/Http/Middleware/ValidatePostSize.php(27): Illuminate/Pipeline/Pipeline->Illuminate/Pipeline/{closure}(Object(Illuminate/Http/Request))
#37 D:/laragon/www/Global Supply/supply-chain-platform/vendor/laravel/framework/src/Illuminate/Pipeline/Pipeline.php(209): Illuminate/Http/Middleware/ValidatePostSize->handle(Object(Illuminate/Http/Request), Object(Closure))
#38 D:/laragon/www/Global Supply/supply-chain-platform/vendor/laravel/framework/src/Illuminate/Foundation/Http/Middleware/PreventRequestsDuringMaintenance.php(110): Illuminate/Pipeline/Pipeline->Illuminate/Pipeline/{closure}(Object(Illuminate/Http/Request))
#39 D:/laragon/www/Global Supply/supply-chain-platform/vendor/laravel/framework/src/Illuminate/Pipeline/Pipeline.php(209): Illuminate/Foundation/Http/Middleware/PreventRequestsDuringMaintenance->handle(Object(Illuminate/Http/Request), Object(Closure))
#40 D:/laragon/www/Global Supply/supply-chain-platform/vendor/laravel/framework/src/Illuminate/Http/Middleware/HandleCors.php(49): Illuminate/Pipeline/Pipeline->Illuminate/Pipeline/{closure}(Object(Illuminate/Http/Request))
#41 D:/laragon/www/Global Supply/supply-chain-platform/vendor/laravel/framework/src/Illuminate/Pipeline/Pipeline.php(209): Illuminate/Http/Middleware/HandleCors->handle(Object(Illuminate/Http/Request), Object(Closure))
#42 D:/laragon/www/Global Supply/supply-chain-platform/vendor/laravel/framework/src/Illuminate/Http/Middleware/TrustProxies.php(58): Illuminate/Pipeline/Pipeline->Illuminate/Pipeline/{closure}(Object(Illuminate/Http/Request))
#43 D:/laragon/www/Global Supply/supply-chain-platform/vendor/laravel/framework/src/Illuminate/Pipeline/Pipeline.php(209): Illuminate/Http/Middleware/TrustProxies->handle(Object(Illuminate/Http/Request), Object(Closure))
#44 D:/laragon/www/Global Supply/supply-chain-platform/vendor/laravel/framework/src/Illuminate/Foundation/Http/Middleware/InvokeDeferredCallbacks.php(22): Illuminate/Pipeline/Pipeline->Illuminate/Pipeline/{closure}(Object(Illuminate/Http/Request))
#45 D:/laragon/www/Global Supply/supply-chain-platform/vendor/laravel/framework/src/Illuminate/Pipeline/Pipeline.php(209): Illuminate/Foundation/Http/Middleware/InvokeDeferredCallbacks->handle(Object(Illuminate/Http/Request), Object(Closure))
#46 D:/laragon/www/Global Supply/supply-chain-platform/vendor/laravel/framework/src/Illuminate/Pipeline/Pipeline.php(127): Illuminate/Pipeline/Pipeline->Illuminate/Pipeline/{closure}(Object(Illuminate/Http/Request))
#47 D:/laragon/www/Global Supply/supply-chain-platform/vendor/laravel/framework/src/Illuminate/Foundation/Http/Kernel.php(176): Illuminate/Pipeline/Pipeline->then(Object(Closure))
#48 D:/laragon/www/Global Supply/supply-chain-platform/vendor/laravel/framework/src/Illuminate/Foundation/Http/Kernel.php(145): Illuminate/Foundation/Http/Kernel->sendRequestThroughRouter(Object(Illuminate/Http/Request))
#49 D:/laragon/www/Global Supply/supply-chain-platform/vendor/laravel/framework/src/Illuminate/Foundation/Application.php(1220): Illuminate/Foundation/Http/Kernel->handle(Object(Illuminate/Http/Request))
#50 D:/laragon/www/Global Supply/supply-chain-platform/public/index.php(20): Illuminate/Foundation/Application->handleRequest(Object(Illuminate/Http/Request))
#51 D:/laragon/www/Global Supply/supply-chain-platform/vendor/laravel/framework/src/Illuminate/Foundation/resources/server.php(23): require_once('D://laragon//www//...')
#52 {main}
"} 
[2026-07-13 23:20:57] local.ERROR: Class "ExchangeRateService" does not exist {"userId":2,"exception":"[object] (ReflectionException(code: -1): Class \"ExchangeRateService\" does not exist at D:/laragon/www/Global Supply/supply-chain-platform/vendor/laravel/framework/src/Illuminate/Routing/ResolvesRouteDependencies.php:88)
[stacktrace]
#0 D:/laragon/www/Global Supply/supply-chain-platform/vendor/laravel/framework/src/Illuminate/Routing/ResolvesRouteDependencies.php(88): ReflectionClass->__construct('ExchangeRateSer...')
#1 D:/laragon/www/Global Supply/supply-chain-platform/vendor/laravel/framework/src/Illuminate/Routing/ResolvesRouteDependencies.php(51): Illuminate/Routing/CallableDispatcher->transformDependency(Object(ReflectionParameter), Array, Object(stdClass))
#2 D:/laragon/www/Global Supply/supply-chain-platform/vendor/laravel/framework/src/Illuminate/Routing/CallableDispatcher.php(52): Illuminate/Routing/CallableDispatcher->resolveMethodDependencies(Array, Object(ReflectionFunction))
#3 D:/laragon/www/Global Supply/supply-chain-platform/vendor/laravel/framework/src/Illuminate/Routing/CallableDispatcher.php(40): Illuminate/Routing/CallableDispatcher->resolveParameters(Object(Illuminate/Routing/Route), Object(Closure))
#4 D:/laragon/www/Global Supply/supply-chain-platform/vendor/laravel/framework/src/Illuminate/Routing/Route.php(244): Illuminate/Routing/CallableDispatcher->dispatch(Object(Illuminate/Routing/Route), Object(Closure))
#5 D:/laragon/www/Global Supply/supply-chain-platform/vendor/laravel/framework/src/Illuminate/Routing/Route.php(215): Illuminate/Routing/Route->runCallable()
#6 D:/laragon/www/Global Supply/supply-chain-platform/vendor/laravel/framework/src/Illuminate/Routing/Router.php(808): Illuminate/Routing/Route->run()
#7 D:/laragon/www/Global Supply/supply-chain-platform/vendor/laravel/framework/src/Illuminate/Pipeline/Pipeline.php(170): Illuminate/Routing/Router->Illuminate/Routing/{closure}(Object(Illuminate/Http/Request))
#8 D:/laragon/www/Global Supply/supply-chain-platform/vendor/laravel/framework/src/Illuminate/Routing/Middleware/SubstituteBindings.php(51): Illuminate/Pipeline/Pipeline->Illuminate/Pipeline/{closure}(Object(Illuminate/Http/Request))
#9 D:/laragon/www/Global Supply/supply-chain-platform/vendor/laravel/framework/src/Illuminate/Pipeline/Pipeline.php(209): Illuminate/Routing/Middleware/SubstituteBindings->handle(Object(Illuminate/Http/Request), Object(Closure))
#10 D:/laragon/www/Global Supply/supply-chain-platform/vendor/laravel/framework/src/Illuminate/Auth/Middleware/Authenticate.php(64): Illuminate/Pipeline/Pipeline->Illuminate/Pipeline/{closure}(Object(Illuminate/Http/Request))
#11 D:/laragon/www/Global Supply/supply-chain-platform/vendor/laravel/framework/src/Illuminate/Pipeline/Pipeline.php(209): Illuminate/Auth/Middleware/Authenticate->handle(Object(Illuminate/Http/Request), Object(Closure))
#12 D:/laragon/www/Global Supply/supply-chain-platform/vendor/laravel/framework/src/Illuminate/Foundation/Http/Middleware/VerifyCsrfToken.php(88): Illuminate/Pipeline/Pipeline->Illuminate/Pipeline/{closure}(Object(Illuminate/Http/Request))
#13 D:/laragon/www/Global Supply/supply-chain-platform/vendor/laravel/framework/src/Illuminate/Pipeline/Pipeline.php(209): Illuminate/Foundation/Http/Middleware/VerifyCsrfToken->handle(Object(Illuminate/Http/Request), Object(Closure))
#14 D:/laragon/www/Global Supply/supply-chain-platform/vendor/laravel/framework/src/Illuminate/View/Middleware/ShareErrorsFromSession.php(49): Illuminate/Pipeline/Pipeline->Illuminate/Pipeline/{closure}(Object(Illuminate/Http/Request))
#15 D:/laragon/www/Global Supply/supply-chain-platform/vendor/laravel/framework/src/Illuminate/Pipeline/Pipeline.php(209): Illuminate/View/Middleware/ShareErrorsFromSession->handle(Object(Illuminate/Http/Request), Object(Closure))
#16 D:/laragon/www/Global Supply/supply-chain-platform/vendor/laravel/framework/src/Illuminate/Session/Middleware/StartSession.php(121): Illuminate/Pipeline/Pipeline->Illuminate/Pipeline/{closure}(Object(Illuminate/Http/Request))
#17 D:/laragon/www/Global Supply/supply-chain-platform/vendor/laravel/framework/src/Illuminate/Session/Middleware/StartSession.php(64): Illuminate/Session/Middleware/StartSession->handleStatefulRequest(Object(Illuminate/Http/Request), Object(Illuminate/Session/Store), Object(Closure))
#18 D:/laragon/www/Global Supply/supply-chain-platform/vendor/laravel/framework/src/Illuminate/Pipeline/Pipeline.php(209): Illuminate/Session/Middleware/StartSession->handle(Object(Illuminate/Http/Request), Object(Closure))
#19 D:/laragon/www/Global Supply/supply-chain-platform/vendor/laravel/framework/src/Illuminate/Cookie/Middleware/AddQueuedCookiesToResponse.php(37): Illuminate/Pipeline/Pipeline->Illuminate/Pipeline/{closure}(Object(Illuminate/Http/Request))
#20 D:/laragon/www/Global Supply/supply-chain-platform/vendor/laravel/framework/src/Illuminate/Pipeline/Pipeline.php(209): Illuminate/Cookie/Middleware/AddQueuedCookiesToResponse->handle(Object(Illuminate/Http/Request), Object(Closure))
#21 D:/laragon/www/Global Supply/supply-chain-platform/vendor/laravel/framework/src/Illuminate/Cookie/Middleware/EncryptCookies.php(75): Illuminate/Pipeline/Pipeline->Illuminate/Pipeline/{closure}(Object(Illuminate/Http/Request))
#22 D:/laragon/www/Global Supply/supply-chain-platform/vendor/laravel/framework/src/Illuminate/Pipeline/Pipeline.php(209): Illuminate/Cookie/Middleware/EncryptCookies->handle(Object(Illuminate/Http/Request), Object(Closure))
#23 D:/laragon/www/Global Supply/supply-chain-platform/vendor/laravel/framework/src/Illuminate/Pipeline/Pipeline.php(127): Illuminate/Pipeline/Pipeline->Illuminate/Pipeline/{closure}(Object(Illuminate/Http/Request))
#24 D:/laragon/www/Global Supply/supply-chain-platform/vendor/laravel/framework/src/Illuminate/Routing/Router.php(807): Illuminate/Pipeline/Pipeline->then(Object(Closure))
#25 D:/laragon/www/Global Supply/supply-chain-platform/vendor/laravel/framework/src/Illuminate/Routing/Router.php(786): Illuminate/Routing/Router->runRouteWithinStack(Object(Illuminate/Routing/Route), Object(Illuminate/Http/Request))
#26 D:/laragon/www/Global Supply/supply-chain-platform/vendor/laravel/framework/src/Illuminate/Routing/Router.php(750): Illuminate/Routing/Router->runRoute(Object(Illuminate/Http/Request), Object(Illuminate/Routing/Route))
#27 D:/laragon/www/Global Supply/supply-chain-platform/vendor/laravel/framework/src/Illuminate/Routing/Router.php(739): Illuminate/Routing/Router->dispatchToRoute(Object(Illuminate/Http/Request))
#28 D:/laragon/www/Global Supply/supply-chain-platform/vendor/laravel/framework/src/Illuminate/Foundation/Http/Kernel.php(201): Illuminate/Routing/Router->dispatch(Object(Illuminate/Http/Request))
#29 D:/laragon/www/Global Supply/supply-chain-platform/vendor/laravel/framework/src/Illuminate/Pipeline/Pipeline.php(170): Illuminate/Foundation/Http/Kernel->Illuminate/Foundation/Http/{closure}(Object(Illuminate/Http/Request))
#30 D:/laragon/www/Global Supply/supply-chain-platform/vendor/laravel/framework/src/Illuminate/Foundation/Http/Middleware/TransformsRequest.php(21): Illuminate/Pipeline/Pipeline->Illuminate/Pipeline/{closure}(Object(Illuminate/Http/Request))
#31 D:/laragon/www/Global Supply/supply-chain-platform/vendor/laravel/framework/src/Illuminate/Foundation/Http/Middleware/ConvertEmptyStringsToNull.php(31): Illuminate/Foundation/Http/Middleware/TransformsRequest->handle(Object(Illuminate/Http/Request), Object(Closure))
#32 D:/laragon/www/Global Supply/supply-chain-platform/vendor/laravel/framework/src/Illuminate/Pipeline/Pipeline.php(209): Illuminate/Foundation/Http/Middleware/ConvertEmptyStringsToNull->handle(Object(Illuminate/Http/Request), Object(Closure))
#33 D:/laragon/www/Global Supply/supply-chain-platform/vendor/laravel/framework/src/Illuminate/Foundation/Http/Middleware/TransformsRequest.php(21): Illuminate/Pipeline/Pipeline->Illuminate/Pipeline/{closure}(Object(Illuminate/Http/Request))
#34 D:/laragon/www/Global Supply/supply-chain-platform/vendor/laravel/framework/src/Illuminate/Foundation/Http/Middleware/TrimStrings.php(51): Illuminate/Foundation/Http/Middleware/TransformsRequest->handle(Object(Illuminate/Http/Request), Object(Closure))
#35 D:/laragon/www/Global Supply/supply-chain-platform/vendor/laravel/framework/src/Illuminate/Pipeline/Pipeline.php(209): Illuminate/Foundation/Http/Middleware/TrimStrings->handle(Object(Illuminate/Http/Request), Object(Closure))
#36 D:/laragon/www/Global Supply/supply-chain-platform/vendor/laravel/framework/src/Illuminate/Http/Middleware/ValidatePostSize.php(27): Illuminate/Pipeline/Pipeline->Illuminate/Pipeline/{closure}(Object(Illuminate/Http/Request))
#37 D:/laragon/www/Global Supply/supply-chain-platform/vendor/laravel/framework/src/Illuminate/Pipeline/Pipeline.php(209): Illuminate/Http/Middleware/ValidatePostSize->handle(Object(Illuminate/Http/Request), Object(Closure))
#38 D:/laragon/www/Global Supply/supply-chain-platform/vendor/laravel/framework/src/Illuminate/Foundation/Http/Middleware/PreventRequestsDuringMaintenance.php(110): Illuminate/Pipeline/Pipeline->Illuminate/Pipeline/{closure}(Object(Illuminate/Http/Request))
#39 D:/laragon/www/Global Supply/supply-chain-platform/vendor/laravel/framework/src/Illuminate/Pipeline/Pipeline.php(209): Illuminate/Foundation/Http/Middleware/PreventRequestsDuringMaintenance->handle(Object(Illuminate/Http/Request), Object(Closure))
#40 D:/laragon/www/Global Supply/supply-chain-platform/vendor/laravel/framework/src/Illuminate/Http/Middleware/HandleCors.php(49): Illuminate/Pipeline/Pipeline->Illuminate/Pipeline/{closure}(Object(Illuminate/Http/Request))
#41 D:/laragon/www/Global Supply/supply-chain-platform/vendor/laravel/framework/src/Illuminate/Pipeline/Pipeline.php(209): Illuminate/Http/Middleware/HandleCors->handle(Object(Illuminate/Http/Request), Object(Closure))
#42 D:/laragon/www/Global Supply/supply-chain-platform/vendor/laravel/framework/src/Illuminate/Http/Middleware/TrustProxies.php(58): Illuminate/Pipeline/Pipeline->Illuminate/Pipeline/{closure}(Object(Illuminate/Http/Request))
#43 D:/laragon/www/Global Supply/supply-chain-platform/vendor/laravel/framework/src/Illuminate/Pipeline/Pipeline.php(209): Illuminate/Http/Middleware/TrustProxies->handle(Object(Illuminate/Http/Request), Object(Closure))
#44 D:/laragon/www/Global Supply/supply-chain-platform/vendor/laravel/framework/src/Illuminate/Foundation/Http/Middleware/InvokeDeferredCallbacks.php(22): Illuminate/Pipeline/Pipeline->Illuminate/Pipeline/{closure}(Object(Illuminate/Http/Request))
#45 D:/laragon/www/Global Supply/supply-chain-platform/vendor/laravel/framework/src/Illuminate/Pipeline/Pipeline.php(209): Illuminate/Foundation/Http/Middleware/InvokeDeferredCallbacks->handle(Object(Illuminate/Http/Request), Object(Closure))
#46 D:/laragon/www/Global Supply/supply-chain-platform/vendor/laravel/framework/src/Illuminate/Pipeline/Pipeline.php(127): Illuminate/Pipeline/Pipeline->Illuminate/Pipeline/{closure}(Object(Illuminate/Http/Request))
#47 D:/laragon/www/Global Supply/supply-chain-platform/vendor/laravel/framework/src/Illuminate/Foundation/Http/Kernel.php(176): Illuminate/Pipeline/Pipeline->then(Object(Closure))
#48 D:/laragon/www/Global Supply/supply-chain-platform/vendor/laravel/framework/src/Illuminate/Foundation/Http/Kernel.php(145): Illuminate/Foundation/Http/Kernel->sendRequestThroughRouter(Object(Illuminate/Http/Request))
#49 D:/laragon/www/Global Supply/supply-chain-platform/vendor/laravel/framework/src/Illuminate/Foundation/Application.php(1220): Illuminate/Foundation/Http/Kernel->handle(Object(Illuminate/Http/Request))
#50 D:/laragon/www/Global Supply/supply-chain-platform/public/index.php(20): Illuminate/Foundation/Application->handleRequest(Object(Illuminate/Http/Request))
#51 D:/laragon/www/Global Supply/supply-chain-platform/vendor/laravel/framework/src/Illuminate/Foundation/resources/server.php(23): require_once('D://laragon//www//...')
#52 {main}
"} 
[2026-07-13 23:21:27] local.ERROR: Class "ExchangeRateService" does not exist {"userId":2,"exception":"[object] (ReflectionException(code: -1): Class \"ExchangeRateService\" does not exist at D:/laragon/www/Global Supply/supply-chain-platform/vendor/laravel/framework/src/Illuminate/Routing/ResolvesRouteDependencies.php:88)
[stacktrace]
#0 D:/laragon/www/Global Supply/supply-chain-platform/vendor/laravel/framework/src/Illuminate/Routing/ResolvesRouteDependencies.php(88): ReflectionClass->__construct('ExchangeRateSer...')
#1 D:/laragon/www/Global Supply/supply-chain-platform/vendor/laravel/framework/src/Illuminate/Routing/ResolvesRouteDependencies.php(51): Illuminate/Routing/CallableDispatcher->transformDependency(Object(ReflectionParameter), Array, Object(stdClass))
#2 D:/laragon/www/Global Supply/supply-chain-platform/vendor/laravel/framework/src/Illuminate/Routing/CallableDispatcher.php(52): Illuminate/Routing/CallableDispatcher->resolveMethodDependencies(Array, Object(ReflectionFunction))
#3 D:/laragon/www/Global Supply/supply-chain-platform/vendor/laravel/framework/src/Illuminate/Routing/CallableDispatcher.php(40): Illuminate/Routing/CallableDispatcher->resolveParameters(Object(Illuminate/Routing/Route), Object(Closure))
#4 D:/laragon/www/Global Supply/supply-chain-platform/vendor/laravel/framework/src/Illuminate/Routing/Route.php(244): Illuminate/Routing/CallableDispatcher->dispatch(Object(Illuminate/Routing/Route), Object(Closure))
#5 D:/laragon/www/Global Supply/supply-chain-platform/vendor/laravel/framework/src/Illuminate/Routing/Route.php(215): Illuminate/Routing/Route->runCallable()
#6 D:/laragon/www/Global Supply/supply-chain-platform/vendor/laravel/framework/src/Illuminate/Routing/Router.php(808): Illuminate/Routing/Route->run()
#7 D:/laragon/www/Global Supply/supply-chain-platform/vendor/laravel/framework/src/Illuminate/Pipeline/Pipeline.php(170): Illuminate/Routing/Router->Illuminate/Routing/{closure}(Object(Illuminate/Http/Request))
#8 D:/laragon/www/Global Supply/supply-chain-platform/vendor/laravel/framework/src/Illuminate/Routing/Middleware/SubstituteBindings.php(51): Illuminate/Pipeline/Pipeline->Illuminate/Pipeline/{closure}(Object(Illuminate/Http/Request))
#9 D:/laragon/www/Global Supply/supply-chain-platform/vendor/laravel/framework/src/Illuminate/Pipeline/Pipeline.php(209): Illuminate/Routing/Middleware/SubstituteBindings->handle(Object(Illuminate/Http/Request), Object(Closure))
#10 D:/laragon/www/Global Supply/supply-chain-platform/vendor/laravel/framework/src/Illuminate/Auth/Middleware/Authenticate.php(64): Illuminate/Pipeline/Pipeline->Illuminate/Pipeline/{closure}(Object(Illuminate/Http/Request))
#11 D:/laragon/www/Global Supply/supply-chain-platform/vendor/laravel/framework/src/Illuminate/Pipeline/Pipeline.php(209): Illuminate/Auth/Middleware/Authenticate->handle(Object(Illuminate/Http/Request), Object(Closure))
#12 D:/laragon/www/Global Supply/supply-chain-platform/vendor/laravel/framework/src/Illuminate/Foundation/Http/Middleware/VerifyCsrfToken.php(88): Illuminate/Pipeline/Pipeline->Illuminate/Pipeline/{closure}(Object(Illuminate/Http/Request))
#13 D:/laragon/www/Global Supply/supply-chain-platform/vendor/laravel/framework/src/Illuminate/Pipeline/Pipeline.php(209): Illuminate/Foundation/Http/Middleware/VerifyCsrfToken->handle(Object(Illuminate/Http/Request), Object(Closure))
#14 D:/laragon/www/Global Supply/supply-chain-platform/vendor/laravel/framework/src/Illuminate/View/Middleware/ShareErrorsFromSession.php(49): Illuminate/Pipeline/Pipeline->Illuminate/Pipeline/{closure}(Object(Illuminate/Http/Request))
#15 D:/laragon/www/Global Supply/supply-chain-platform/vendor/laravel/framework/src/Illuminate/Pipeline/Pipeline.php(209): Illuminate/View/Middleware/ShareErrorsFromSession->handle(Object(Illuminate/Http/Request), Object(Closure))
#16 D:/laragon/www/Global Supply/supply-chain-platform/vendor/laravel/framework/src/Illuminate/Session/Middleware/StartSession.php(121): Illuminate/Pipeline/Pipeline->Illuminate/Pipeline/{closure}(Object(Illuminate/Http/Request))
#17 D:/laragon/www/Global Supply/supply-chain-platform/vendor/laravel/framework/src/Illuminate/Session/Middleware/StartSession.php(64): Illuminate/Session/Middleware/StartSession->handleStatefulRequest(Object(Illuminate/Http/Request), Object(Illuminate/Session/Store), Object(Closure))
#18 D:/laragon/www/Global Supply/supply-chain-platform/vendor/laravel/framework/src/Illuminate/Pipeline/Pipeline.php(209): Illuminate/Session/Middleware/StartSession->handle(Object(Illuminate/Http/Request), Object(Closure))
#19 D:/laragon/www/Global Supply/supply-chain-platform/vendor/laravel/framework/src/Illuminate/Cookie/Middleware/AddQueuedCookiesToResponse.php(37): Illuminate/Pipeline/Pipeline->Illuminate/Pipeline/{closure}(Object(Illuminate/Http/Request))
#20 D:/laragon/www/Global Supply/supply-chain-platform/vendor/laravel/framework/src/Illuminate/Pipeline/Pipeline.php(209): Illuminate/Cookie/Middleware/AddQueuedCookiesToResponse->handle(Object(Illuminate/Http/Request), Object(Closure))
#21 D:/laragon/www/Global Supply/supply-chain-platform/vendor/laravel/framework/src/Illuminate/Cookie/Middleware/EncryptCookies.php(75): Illuminate/Pipeline/Pipeline->Illuminate/Pipeline/{closure}(Object(Illuminate/Http/Request))
#22 D:/laragon/www/Global Supply/supply-chain-platform/vendor/laravel/framework/src/Illuminate/Pipeline/Pipeline.php(209): Illuminate/Cookie/Middleware/EncryptCookies->handle(Object(Illuminate/Http/Request), Object(Closure))
#23 D:/laragon/www/Global Supply/supply-chain-platform/vendor/laravel/framework/src/Illuminate/Pipeline/Pipeline.php(127): Illuminate/Pipeline/Pipeline->Illuminate/Pipeline/{closure}(Object(Illuminate/Http/Request))
#24 D:/laragon/www/Global Supply/supply-chain-platform/vendor/laravel/framework/src/Illuminate/Routing/Router.php(807): Illuminate/Pipeline/Pipeline->then(Object(Closure))
#25 D:/laragon/www/Global Supply/supply-chain-platform/vendor/laravel/framework/src/Illuminate/Routing/Router.php(786): Illuminate/Routing/Router->runRouteWithinStack(Object(Illuminate/Routing/Route), Object(Illuminate/Http/Request))
#26 D:/laragon/www/Global Supply/supply-chain-platform/vendor/laravel/framework/src/Illuminate/Routing/Router.php(750): Illuminate/Routing/Router->runRoute(Object(Illuminate/Http/Request), Object(Illuminate/Routing/Route))
#27 D:/laragon/www/Global Supply/supply-chain-platform/vendor/laravel/framework/src/Illuminate/Routing/Router.php(739): Illuminate/Routing/Router->dispatchToRoute(Object(Illuminate/Http/Request))
#28 D:/laragon/www/Global Supply/supply-chain-platform/vendor/laravel/framework/src/Illuminate/Foundation/Http/Kernel.php(201): Illuminate/Routing/Router->dispatch(Object(Illuminate/Http/Request))
#29 D:/laragon/www/Global Supply/supply-chain-platform/vendor/laravel/framework/src/Illuminate/Pipeline/Pipeline.php(170): Illuminate/Foundation/Http/Kernel->Illuminate/Foundation/Http/{closure}(Object(Illuminate/Http/Request))
#30 D:/laragon/www/Global Supply/supply-chain-platform/vendor/laravel/framework/src/Illuminate/Foundation/Http/Middleware/TransformsRequest.php(21): Illuminate/Pipeline/Pipeline->Illuminate/Pipeline/{closure}(Object(Illuminate/Http/Request))
#31 D:/laragon/www/Global Supply/supply-chain-platform/vendor/laravel/framework/src/Illuminate/Foundation/Http/Middleware/ConvertEmptyStringsToNull.php(31): Illuminate/Foundation/Http/Middleware/TransformsRequest->handle(Object(Illuminate/Http/Request), Object(Closure))
#32 D:/laragon/www/Global Supply/supply-chain-platform/vendor/laravel/framework/src/Illuminate/Pipeline/Pipeline.php(209): Illuminate/Foundation/Http/Middleware/ConvertEmptyStringsToNull->handle(Object(Illuminate/Http/Request), Object(Closure))
#33 D:/laragon/www/Global Supply/supply-chain-platform/vendor/laravel/framework/src/Illuminate/Foundation/Http/Middleware/TransformsRequest.php(21): Illuminate/Pipeline/Pipeline->Illuminate/Pipeline/{closure}(Object(Illuminate/Http/Request))
#34 D:/laragon/www/Global Supply/supply-chain-platform/vendor/laravel/framework/src/Illuminate/Foundation/Http/Middleware/TrimStrings.php(51): Illuminate/Foundation/Http/Middleware/TransformsRequest->handle(Object(Illuminate/Http/Request), Object(Closure))
#35 D:/laragon/www/Global Supply/supply-chain-platform/vendor/laravel/framework/src/Illuminate/Pipeline/Pipeline.php(209): Illuminate/Foundation/Http/Middleware/TrimStrings->handle(Object(Illuminate/Http/Request), Object(Closure))
#36 D:/laragon/www/Global Supply/supply-chain-platform/vendor/laravel/framework/src/Illuminate/Http/Middleware/ValidatePostSize.php(27): Illuminate/Pipeline/Pipeline->Illuminate/Pipeline/{closure}(Object(Illuminate/Http/Request))
#37 D:/laragon/www/Global Supply/supply-chain-platform/vendor/laravel/framework/src/Illuminate/Pipeline/Pipeline.php(209): Illuminate/Http/Middleware/ValidatePostSize->handle(Object(Illuminate/Http/Request), Object(Closure))
#38 D:/laragon/www/Global Supply/supply-chain-platform/vendor/laravel/framework/src/Illuminate/Foundation/Http/Middleware/PreventRequestsDuringMaintenance.php(110): Illuminate/Pipeline/Pipeline->Illuminate/Pipeline/{closure}(Object(Illuminate/Http/Request))
#39 D:/laragon/www/Global Supply/supply-chain-platform/vendor/laravel/framework/src/Illuminate/Pipeline/Pipeline.php(209): Illuminate/Foundation/Http/Middleware/PreventRequestsDuringMaintenance->handle(Object(Illuminate/Http/Request), Object(Closure))
#40 D:/laragon/www/Global Supply/supply-chain-platform/vendor/laravel/framework/src/Illuminate/Http/Middleware/HandleCors.php(49): Illuminate/Pipeline/Pipeline->Illuminate/Pipeline/{closure}(Object(Illuminate/Http/Request))
#41 D:/laragon/www/Global Supply/supply-chain-platform/vendor/laravel/framework/src/Illuminate/Pipeline/Pipeline.php(209): Illuminate/Http/Middleware/HandleCors->handle(Object(Illuminate/Http/Request), Object(Closure))
#42 D:/laragon/www/Global Supply/supply-chain-platform/vendor/laravel/framework/src/Illuminate/Http/Middleware/TrustProxies.php(58): Illuminate/Pipeline/Pipeline->Illuminate/Pipeline/{closure}(Object(Illuminate/Http/Request))
#43 D:/laragon/www/Global Supply/supply-chain-platform/vendor/laravel/framework/src/Illuminate/Pipeline/Pipeline.php(209): Illuminate/Http/Middleware/TrustProxies->handle(Object(Illuminate/Http/Request), Object(Closure))
#44 D:/laragon/www/Global Supply/supply-chain-platform/vendor/laravel/framework/src/Illuminate/Foundation/Http/Middleware/InvokeDeferredCallbacks.php(22): Illuminate/Pipeline/Pipeline->Illuminate/Pipeline/{closure}(Object(Illuminate/Http/Request))
#45 D:/laragon/www/Global Supply/supply-chain-platform/vendor/laravel/framework/src/Illuminate/Pipeline/Pipeline.php(209): Illuminate/Foundation/Http/Middleware/InvokeDeferredCallbacks->handle(Object(Illuminate/Http/Request), Object(Closure))
#46 D:/laragon/www/Global Supply/supply-chain-platform/vendor/laravel/framework/src/Illuminate/Pipeline/Pipeline.php(127): Illuminate/Pipeline/Pipeline->Illuminate/Pipeline/{closure}(Object(Illuminate/Http/Request))
#47 D:/laragon/www/Global Supply/supply-chain-platform/vendor/laravel/framework/src/Illuminate/Foundation/Http/Kernel.php(176): Illuminate/Pipeline/Pipeline->then(Object(Closure))
#48 D:/laragon/www/Global Supply/supply-chain-platform/vendor/laravel/framework/src/Illuminate/Foundation/Http/Kernel.php(145): Illuminate/Foundation/Http/Kernel->sendRequestThroughRouter(Object(Illuminate/Http/Request))
#49 D:/laragon/www/Global Supply/supply-chain-platform/vendor/laravel/framework/src/Illuminate/Foundation/Application.php(1220): Illuminate/Foundation/Http/Kernel->handle(Object(Illuminate/Http/Request))
#50 D:/laragon/www/Global Supply/supply-chain-platform/public/index.php(20): Illuminate/Foundation/Application->handleRequest(Object(Illuminate/Http/Request))
#51 D:/laragon/www/Global Supply/supply-chain-platform/vendor/laravel/framework/src/Illuminate/Foundation/resources/server.php(23): require_once('D://laragon//www//...')
#52 {main}
"} 
[2026-07-13 23:21:28] local.ERROR: Class "ExchangeRateService" does not exist {"userId":2,"exception":"[object] (ReflectionException(code: -1): Class \"ExchangeRateService\" does not exist at D:/laragon/www/Global Supply/supply-chain-platform/vendor/laravel/framework/src/Illuminate/Routing/ResolvesRouteDependencies.php:88)
[stacktrace]
#0 D:/laragon/www/Global Supply/supply-chain-platform/vendor/laravel/framework/src/Illuminate/Routing/ResolvesRouteDependencies.php(88): ReflectionClass->__construct('ExchangeRateSer...')
#1 D:/laragon/www/Global Supply/supply-chain-platform/vendor/laravel/framework/src/Illuminate/Routing/ResolvesRouteDependencies.php(51): Illuminate/Routing/CallableDispatcher->transformDependency(Object(ReflectionParameter), Array, Object(stdClass))
#2 D:/laragon/www/Global Supply/supply-chain-platform/vendor/laravel/framework/src/Illuminate/Routing/CallableDispatcher.php(52): Illuminate/Routing/CallableDispatcher->resolveMethodDependencies(Array, Object(ReflectionFunction))
#3 D:/laragon/www/Global Supply/supply-chain-platform/vendor/laravel/framework/src/Illuminate/Routing/CallableDispatcher.php(40): Illuminate/Routing/CallableDispatcher->resolveParameters(Object(Illuminate/Routing/Route), Object(Closure))
#4 D:/laragon/www/Global Supply/supply-chain-platform/vendor/laravel/framework/src/Illuminate/Routing/Route.php(244): Illuminate/Routing/CallableDispatcher->dispatch(Object(Illuminate/Routing/Route), Object(Closure))
#5 D:/laragon/www/Global Supply/supply-chain-platform/vendor/laravel/framework/src/Illuminate/Routing/Route.php(215): Illuminate/Routing/Route->runCallable()
#6 D:/laragon/www/Global Supply/supply-chain-platform/vendor/laravel/framework/src/Illuminate/Routing/Router.php(808): Illuminate/Routing/Route->run()
#7 D:/laragon/www/Global Supply/supply-chain-platform/vendor/laravel/framework/src/Illuminate/Pipeline/Pipeline.php(170): Illuminate/Routing/Router->Illuminate/Routing/{closure}(Object(Illuminate/Http/Request))
#8 D:/laragon/www/Global Supply/supply-chain-platform/vendor/laravel/framework/src/Illuminate/Routing/Middleware/SubstituteBindings.php(51): Illuminate/Pipeline/Pipeline->Illuminate/Pipeline/{closure}(Object(Illuminate/Http/Request))
#9 D:/laragon/www/Global Supply/supply-chain-platform/vendor/laravel/framework/src/Illuminate/Pipeline/Pipeline.php(209): Illuminate/Routing/Middleware/SubstituteBindings->handle(Object(Illuminate/Http/Request), Object(Closure))
#10 D:/laragon/www/Global Supply/supply-chain-platform/vendor/laravel/framework/src/Illuminate/Auth/Middleware/Authenticate.php(64): Illuminate/Pipeline/Pipeline->Illuminate/Pipeline/{closure}(Object(Illuminate/Http/Request))
#11 D:/laragon/www/Global Supply/supply-chain-platform/vendor/laravel/framework/src/Illuminate/Pipeline/Pipeline.php(209): Illuminate/Auth/Middleware/Authenticate->handle(Object(Illuminate/Http/Request), Object(Closure))
#12 D:/laragon/www/Global Supply/supply-chain-platform/vendor/laravel/framework/src/Illuminate/Foundation/Http/Middleware/VerifyCsrfToken.php(88): Illuminate/Pipeline/Pipeline->Illuminate/Pipeline/{closure}(Object(Illuminate/Http/Request))
#13 D:/laragon/www/Global Supply/supply-chain-platform/vendor/laravel/framework/src/Illuminate/Pipeline/Pipeline.php(209): Illuminate/Foundation/Http/Middleware/VerifyCsrfToken->handle(Object(Illuminate/Http/Request), Object(Closure))
#14 D:/laragon/www/Global Supply/supply-chain-platform/vendor/laravel/framework/src/Illuminate/View/Middleware/ShareErrorsFromSession.php(49): Illuminate/Pipeline/Pipeline->Illuminate/Pipeline/{closure}(Object(Illuminate/Http/Request))
#15 D:/laragon/www/Global Supply/supply-chain-platform/vendor/laravel/framework/src/Illuminate/Pipeline/Pipeline.php(209): Illuminate/View/Middleware/ShareErrorsFromSession->handle(Object(Illuminate/Http/Request), Object(Closure))
#16 D:/laragon/www/Global Supply/supply-chain-platform/vendor/laravel/framework/src/Illuminate/Session/Middleware/StartSession.php(121): Illuminate/Pipeline/Pipeline->Illuminate/Pipeline/{closure}(Object(Illuminate/Http/Request))
#17 D:/laragon/www/Global Supply/supply-chain-platform/vendor/laravel/framework/src/Illuminate/Session/Middleware/StartSession.php(64): Illuminate/Session/Middleware/StartSession->handleStatefulRequest(Object(Illuminate/Http/Request), Object(Illuminate/Session/Store), Object(Closure))
#18 D:/laragon/www/Global Supply/supply-chain-platform/vendor/laravel/framework/src/Illuminate/Pipeline/Pipeline.php(209): Illuminate/Session/Middleware/StartSession->handle(Object(Illuminate/Http/Request), Object(Closure))
#19 D:/laragon/www/Global Supply/supply-chain-platform/vendor/laravel/framework/src/Illuminate/Cookie/Middleware/AddQueuedCookiesToResponse.php(37): Illuminate/Pipeline/Pipeline->Illuminate/Pipeline/{closure}(Object(Illuminate/Http/Request))
#20 D:/laragon/www/Global Supply/supply-chain-platform/vendor/laravel/framework/src/Illuminate/Pipeline/Pipeline.php(209): Illuminate/Cookie/Middleware/AddQueuedCookiesToResponse->handle(Object(Illuminate/Http/Request), Object(Closure))
#21 D:/laragon/www/Global Supply/supply-chain-platform/vendor/laravel/framework/src/Illuminate/Cookie/Middleware/EncryptCookies.php(75): Illuminate/Pipeline/Pipeline->Illuminate/Pipeline/{closure}(Object(Illuminate/Http/Request))
#22 D:/laragon/www/Global Supply/supply-chain-platform/vendor/laravel/framework/src/Illuminate/Pipeline/Pipeline.php(209): Illuminate/Cookie/Middleware/EncryptCookies->handle(Object(Illuminate/Http/Request), Object(Closure))
#23 D:/laragon/www/Global Supply/supply-chain-platform/vendor/laravel/framework/src/Illuminate/Pipeline/Pipeline.php(127): Illuminate/Pipeline/Pipeline->Illuminate/Pipeline/{closure}(Object(Illuminate/Http/Request))
#24 D:/laragon/www/Global Supply/supply-chain-platform/vendor/laravel/framework/src/Illuminate/Routing/Router.php(807): Illuminate/Pipeline/Pipeline->then(Object(Closure))
#25 D:/laragon/www/Global Supply/supply-chain-platform/vendor/laravel/framework/src/Illuminate/Routing/Router.php(786): Illuminate/Routing/Router->runRouteWithinStack(Object(Illuminate/Routing/Route), Object(Illuminate/Http/Request))
#26 D:/laragon/www/Global Supply/supply-chain-platform/vendor/laravel/framework/src/Illuminate/Routing/Router.php(750): Illuminate/Routing/Router->runRoute(Object(Illuminate/Http/Request), Object(Illuminate/Routing/Route))
#27 D:/laragon/www/Global Supply/supply-chain-platform/vendor/laravel/framework/src/Illuminate/Routing/Router.php(739): Illuminate/Routing/Router->dispatchToRoute(Object(Illuminate/Http/Request))
#28 D:/laragon/www/Global Supply/supply-chain-platform/vendor/laravel/framework/src/Illuminate/Foundation/Http/Kernel.php(201): Illuminate/Routing/Router->dispatch(Object(Illuminate/Http/Request))
#29 D:/laragon/www/Global Supply/supply-chain-platform/vendor/laravel/framework/src/Illuminate/Pipeline/Pipeline.php(170): Illuminate/Foundation/Http/Kernel->Illuminate/Foundation/Http/{closure}(Object(Illuminate/Http/Request))
#30 D:/laragon/www/Global Supply/supply-chain-platform/vendor/laravel/framework/src/Illuminate/Foundation/Http/Middleware/TransformsRequest.php(21): Illuminate/Pipeline/Pipeline->Illuminate/Pipeline/{closure}(Object(Illuminate/Http/Request))
#31 D:/laragon/www/Global Supply/supply-chain-platform/vendor/laravel/framework/src/Illuminate/Foundation/Http/Middleware/ConvertEmptyStringsToNull.php(31): Illuminate/Foundation/Http/Middleware/TransformsRequest->handle(Object(Illuminate/Http/Request), Object(Closure))
#32 D:/laragon/www/Global Supply/supply-chain-platform/vendor/laravel/framework/src/Illuminate/Pipeline/Pipeline.php(209): Illuminate/Foundation/Http/Middleware/ConvertEmptyStringsToNull->handle(Object(Illuminate/Http/Request), Object(Closure))
#33 D:/laragon/www/Global Supply/supply-chain-platform/vendor/laravel/framework/src/Illuminate/Foundation/Http/Middleware/TransformsRequest.php(21): Illuminate/Pipeline/Pipeline->Illuminate/Pipeline/{closure}(Object(Illuminate/Http/Request))
#34 D:/laragon/www/Global Supply/supply-chain-platform/vendor/laravel/framework/src/Illuminate/Foundation/Http/Middleware/TrimStrings.php(51): Illuminate/Foundation/Http/Middleware/TransformsRequest->handle(Object(Illuminate/Http/Request), Object(Closure))
#35 D:/laragon/www/Global Supply/supply-chain-platform/vendor/laravel/framework/src/Illuminate/Pipeline/Pipeline.php(209): Illuminate/Foundation/Http/Middleware/TrimStrings->handle(Object(Illuminate/Http/Request), Object(Closure))
#36 D:/laragon/www/Global Supply/supply-chain-platform/vendor/laravel/framework/src/Illuminate/Http/Middleware/ValidatePostSize.php(27): Illuminate/Pipeline/Pipeline->Illuminate/Pipeline/{closure}(Object(Illuminate/Http/Request))
#37 D:/laragon/www/Global Supply/supply-chain-platform/vendor/laravel/framework/src/Illuminate/Pipeline/Pipeline.php(209): Illuminate/Http/Middleware/ValidatePostSize->handle(Object(Illuminate/Http/Request), Object(Closure))
#38 D:/laragon/www/Global Supply/supply-chain-platform/vendor/laravel/framework/src/Illuminate/Foundation/Http/Middleware/PreventRequestsDuringMaintenance.php(110): Illuminate/Pipeline/Pipeline->Illuminate/Pipeline/{closure}(Object(Illuminate/Http/Request))
#39 D:/laragon/www/Global Supply/supply-chain-platform/vendor/laravel/framework/src/Illuminate/Pipeline/Pipeline.php(209): Illuminate/Foundation/Http/Middleware/PreventRequestsDuringMaintenance->handle(Object(Illuminate/Http/Request), Object(Closure))
#40 D:/laragon/www/Global Supply/supply-chain-platform/vendor/laravel/framework/src/Illuminate/Http/Middleware/HandleCors.php(49): Illuminate/Pipeline/Pipeline->Illuminate/Pipeline/{closure}(Object(Illuminate/Http/Request))
#41 D:/laragon/www/Global Supply/supply-chain-platform/vendor/laravel/framework/src/Illuminate/Pipeline/Pipeline.php(209): Illuminate/Http/Middleware/HandleCors->handle(Object(Illuminate/Http/Request), Object(Closure))
#42 D:/laragon/www/Global Supply/supply-chain-platform/vendor/laravel/framework/src/Illuminate/Http/Middleware/TrustProxies.php(58): Illuminate/Pipeline/Pipeline->Illuminate/Pipeline/{closure}(Object(Illuminate/Http/Request))
#43 D:/laragon/www/Global Supply/supply-chain-platform/vendor/laravel/framework/src/Illuminate/Pipeline/Pipeline.php(209): Illuminate/Http/Middleware/TrustProxies->handle(Object(Illuminate/Http/Request), Object(Closure))
#44 D:/laragon/www/Global Supply/supply-chain-platform/vendor/laravel/framework/src/Illuminate/Foundation/Http/Middleware/InvokeDeferredCallbacks.php(22): Illuminate/Pipeline/Pipeline->Illuminate/Pipeline/{closure}(Object(Illuminate/Http/Request))
#45 D:/laragon/www/Global Supply/supply-chain-platform/vendor/laravel/framework/src/Illuminate/Pipeline/Pipeline.php(209): Illuminate/Foundation/Http/Middleware/InvokeDeferredCallbacks->handle(Object(Illuminate/Http/Request), Object(Closure))
#46 D:/laragon/www/Global Supply/supply-chain-platform/vendor/laravel/framework/src/Illuminate/Pipeline/Pipeline.php(127): Illuminate/Pipeline/Pipeline->Illuminate/Pipeline/{closure}(Object(Illuminate/Http/Request))
#47 D:/laragon/www/Global Supply/supply-chain-platform/vendor/laravel/framework/src/Illuminate/Foundation/Http/Kernel.php(176): Illuminate/Pipeline/Pipeline->then(Object(Closure))
#48 D:/laragon/www/Global Supply/supply-chain-platform/vendor/laravel/framework/src/Illuminate/Foundation/Http/Kernel.php(145): Illuminate/Foundation/Http/Kernel->sendRequestThroughRouter(Object(Illuminate/Http/Request))
#49 D:/laragon/www/Global Supply/supply-chain-platform/vendor/laravel/framework/src/Illuminate/Foundation/Application.php(1220): Illuminate/Foundation/Http/Kernel->handle(Object(Illuminate/Http/Request))
#50 D:/laragon/www/Global Supply/supply-chain-platform/public/index.php(20): Illuminate/Foundation/Application->handleRequest(Object(Illuminate/Http/Request))
#51 D:/laragon/www/Global Supply/supply-chain-platform/vendor/laravel/framework/src/Illuminate/Foundation/resources/server.php(23): require_once('D://laragon//www//...')
#52 {main}
"} 
[2026-07-13 23:21:57] local.ERROR: Class "ExchangeRateService" does not exist {"userId":2,"exception":"[object] (ReflectionException(code: -1): Class \"ExchangeRateService\" does not exist at D:/laragon/www/Global Supply/supply-chain-platform/vendor/laravel/framework/src/Illuminate/Routing/ResolvesRouteDependencies.php:88)
[stacktrace]
#0 D:/laragon/www/Global Supply/supply-chain-platform/vendor/laravel/framework/src/Illuminate/Routing/ResolvesRouteDependencies.php(88): ReflectionClass->__construct('ExchangeRateSer...')
#1 D:/laragon/www/Global Supply/supply-chain-platform/vendor/laravel/framework/src/Illuminate/Routing/ResolvesRouteDependencies.php(51): Illuminate/Routing/CallableDispatcher->transformDependency(Object(ReflectionParameter), Array, Object(stdClass))
#2 D:/laragon/www/Global Supply/supply-chain-platform/vendor/laravel/framework/src/Illuminate/Routing/CallableDispatcher.php(52): Illuminate/Routing/CallableDispatcher->resolveMethodDependencies(Array, Object(ReflectionFunction))
#3 D:/laragon/www/Global Supply/supply-chain-platform/vendor/laravel/framework/src/Illuminate/Routing/CallableDispatcher.php(40): Illuminate/Routing/CallableDispatcher->resolveParameters(Object(Illuminate/Routing/Route), Object(Closure))
#4 D:/laragon/www/Global Supply/supply-chain-platform/vendor/laravel/framework/src/Illuminate/Routing/Route.php(244): Illuminate/Routing/CallableDispatcher->dispatch(Object(Illuminate/Routing/Route), Object(Closure))
#5 D:/laragon/www/Global Supply/supply-chain-platform/vendor/laravel/framework/src/Illuminate/Routing/Route.php(215): Illuminate/Routing/Route->runCallable()
#6 D:/laragon/www/Global Supply/supply-chain-platform/vendor/laravel/framework/src/Illuminate/Routing/Router.php(808): Illuminate/Routing/Route->run()
#7 D:/laragon/www/Global Supply/supply-chain-platform/vendor/laravel/framework/src/Illuminate/Pipeline/Pipeline.php(170): Illuminate/Routing/Router->Illuminate/Routing/{closure}(Object(Illuminate/Http/Request))
#8 D:/laragon/www/Global Supply/supply-chain-platform/vendor/laravel/framework/src/Illuminate/Routing/Middleware/SubstituteBindings.php(51): Illuminate/Pipeline/Pipeline->Illuminate/Pipeline/{closure}(Object(Illuminate/Http/Request))
#9 D:/laragon/www/Global Supply/supply-chain-platform/vendor/laravel/framework/src/Illuminate/Pipeline/Pipeline.php(209): Illuminate/Routing/Middleware/SubstituteBindings->handle(Object(Illuminate/Http/Request), Object(Closure))
#10 D:/laragon/www/Global Supply/supply-chain-platform/vendor/laravel/framework/src/Illuminate/Auth/Middleware/Authenticate.php(64): Illuminate/Pipeline/Pipeline->Illuminate/Pipeline/{closure}(Object(Illuminate/Http/Request))
#11 D:/laragon/www/Global Supply/supply-chain-platform/vendor/laravel/framework/src/Illuminate/Pipeline/Pipeline.php(209): Illuminate/Auth/Middleware/Authenticate->handle(Object(Illuminate/Http/Request), Object(Closure))
#12 D:/laragon/www/Global Supply/supply-chain-platform/vendor/laravel/framework/src/Illuminate/Foundation/Http/Middleware/VerifyCsrfToken.php(88): Illuminate/Pipeline/Pipeline->Illuminate/Pipeline/{closure}(Object(Illuminate/Http/Request))
#13 D:/laragon/www/Global Supply/supply-chain-platform/vendor/laravel/framework/src/Illuminate/Pipeline/Pipeline.php(209): Illuminate/Foundation/Http/Middleware/VerifyCsrfToken->handle(Object(Illuminate/Http/Request), Object(Closure))
#14 D:/laragon/www/Global Supply/supply-chain-platform/vendor/laravel/framework/src/Illuminate/View/Middleware/ShareErrorsFromSession.php(49): Illuminate/Pipeline/Pipeline->Illuminate/Pipeline/{closure}(Object(Illuminate/Http/Request))
#15 D:/laragon/www/Global Supply/supply-chain-platform/vendor/laravel/framework/src/Illuminate/Pipeline/Pipeline.php(209): Illuminate/View/Middleware/ShareErrorsFromSession->handle(Object(Illuminate/Http/Request), Object(Closure))
#16 D:/laragon/www/Global Supply/supply-chain-platform/vendor/laravel/framework/src/Illuminate/Session/Middleware/StartSession.php(121): Illuminate/Pipeline/Pipeline->Illuminate/Pipeline/{closure}(Object(Illuminate/Http/Request))
#17 D:/laragon/www/Global Supply/supply-chain-platform/vendor/laravel/framework/src/Illuminate/Session/Middleware/StartSession.php(64): Illuminate/Session/Middleware/StartSession->handleStatefulRequest(Object(Illuminate/Http/Request), Object(Illuminate/Session/Store), Object(Closure))
#18 D:/laragon/www/Global Supply/supply-chain-platform/vendor/laravel/framework/src/Illuminate/Pipeline/Pipeline.php(209): Illuminate/Session/Middleware/StartSession->handle(Object(Illuminate/Http/Request), Object(Closure))
#19 D:/laragon/www/Global Supply/supply-chain-platform/vendor/laravel/framework/src/Illuminate/Cookie/Middleware/AddQueuedCookiesToResponse.php(37): Illuminate/Pipeline/Pipeline->Illuminate/Pipeline/{closure}(Object(Illuminate/Http/Request))
#20 D:/laragon/www/Global Supply/supply-chain-platform/vendor/laravel/framework/src/Illuminate/Pipeline/Pipeline.php(209): Illuminate/Cookie/Middleware/AddQueuedCookiesToResponse->handle(Object(Illuminate/Http/Request), Object(Closure))
#21 D:/laragon/www/Global Supply/supply-chain-platform/vendor/laravel/framework/src/Illuminate/Cookie/Middleware/EncryptCookies.php(75): Illuminate/Pipeline/Pipeline->Illuminate/Pipeline/{closure}(Object(Illuminate/Http/Request))
#22 D:/laragon/www/Global Supply/supply-chain-platform/vendor/laravel/framework/src/Illuminate/Pipeline/Pipeline.php(209): Illuminate/Cookie/Middleware/EncryptCookies->handle(Object(Illuminate/Http/Request), Object(Closure))
#23 D:/laragon/www/Global Supply/supply-chain-platform/vendor/laravel/framework/src/Illuminate/Pipeline/Pipeline.php(127): Illuminate/Pipeline/Pipeline->Illuminate/Pipeline/{closure}(Object(Illuminate/Http/Request))
#24 D:/laragon/www/Global Supply/supply-chain-platform/vendor/laravel/framework/src/Illuminate/Routing/Router.php(807): Illuminate/Pipeline/Pipeline->then(Object(Closure))
#25 D:/laragon/www/Global Supply/supply-chain-platform/vendor/laravel/framework/src/Illuminate/Routing/Router.php(786): Illuminate/Routing/Router->runRouteWithinStack(Object(Illuminate/Routing/Route), Object(Illuminate/Http/Request))
#26 D:/laragon/www/Global Supply/supply-chain-platform/vendor/laravel/framework/src/Illuminate/Routing/Router.php(750): Illuminate/Routing/Router->runRoute(Object(Illuminate/Http/Request), Object(Illuminate/Routing/Route))
#27 D:/laragon/www/Global Supply/supply-chain-platform/vendor/laravel/framework/src/Illuminate/Routing/Router.php(739): Illuminate/Routing/Router->dispatchToRoute(Object(Illuminate/Http/Request))
#28 D:/laragon/www/Global Supply/supply-chain-platform/vendor/laravel/framework/src/Illuminate/Foundation/Http/Kernel.php(201): Illuminate/Routing/Router->dispatch(Object(Illuminate/Http/Request))
#29 D:/laragon/www/Global Supply/supply-chain-platform/vendor/laravel/framework/src/Illuminate/Pipeline/Pipeline.php(170): Illuminate/Foundation/Http/Kernel->Illuminate/Foundation/Http/{closure}(Object(Illuminate/Http/Request))
#30 D:/laragon/www/Global Supply/supply-chain-platform/vendor/laravel/framework/src/Illuminate/Foundation/Http/Middleware/TransformsRequest.php(21): Illuminate/Pipeline/Pipeline->Illuminate/Pipeline/{closure}(Object(Illuminate/Http/Request))
#31 D:/laragon/www/Global Supply/supply-chain-platform/vendor/laravel/framework/src/Illuminate/Foundation/Http/Middleware/ConvertEmptyStringsToNull.php(31): Illuminate/Foundation/Http/Middleware/TransformsRequest->handle(Object(Illuminate/Http/Request), Object(Closure))
#32 D:/laragon/www/Global Supply/supply-chain-platform/vendor/laravel/framework/src/Illuminate/Pipeline/Pipeline.php(209): Illuminate/Foundation/Http/Middleware/ConvertEmptyStringsToNull->handle(Object(Illuminate/Http/Request), Object(Closure))
#33 D:/laragon/www/Global Supply/supply-chain-platform/vendor/laravel/framework/src/Illuminate/Foundation/Http/Middleware/TransformsRequest.php(21): Illuminate/Pipeline/Pipeline->Illuminate/Pipeline/{closure}(Object(Illuminate/Http/Request))
#34 D:/laragon/www/Global Supply/supply-chain-platform/vendor/laravel/framework/src/Illuminate/Foundation/Http/Middleware/TrimStrings.php(51): Illuminate/Foundation/Http/Middleware/TransformsRequest->handle(Object(Illuminate/Http/Request), Object(Closure))
#35 D:/laragon/www/Global Supply/supply-chain-platform/vendor/laravel/framework/src/Illuminate/Pipeline/Pipeline.php(209): Illuminate/Foundation/Http/Middleware/TrimStrings->handle(Object(Illuminate/Http/Request), Object(Closure))
#36 D:/laragon/www/Global Supply/supply-chain-platform/vendor/laravel/framework/src/Illuminate/Http/Middleware/ValidatePostSize.php(27): Illuminate/Pipeline/Pipeline->Illuminate/Pipeline/{closure}(Object(Illuminate/Http/Request))
#37 D:/laragon/www/Global Supply/supply-chain-platform/vendor/laravel/framework/src/Illuminate/Pipeline/Pipeline.php(209): Illuminate/Http/Middleware/ValidatePostSize->handle(Object(Illuminate/Http/Request), Object(Closure))
#38 D:/laragon/www/Global Supply/supply-chain-platform/vendor/laravel/framework/src/Illuminate/Foundation/Http/Middleware/PreventRequestsDuringMaintenance.php(110): Illuminate/Pipeline/Pipeline->Illuminate/Pipeline/{closure}(Object(Illuminate/Http/Request))
#39 D:/laragon/www/Global Supply/supply-chain-platform/vendor/laravel/framework/src/Illuminate/Pipeline/Pipeline.php(209): Illuminate/Foundation/Http/Middleware/PreventRequestsDuringMaintenance->handle(Object(Illuminate/Http/Request), Object(Closure))
#40 D:/laragon/www/Global Supply/supply-chain-platform/vendor/laravel/framework/src/Illuminate/Http/Middleware/HandleCors.php(49): Illuminate/Pipeline/Pipeline->Illuminate/Pipeline/{closure}(Object(Illuminate/Http/Request))
#41 D:/laragon/www/Global Supply/supply-chain-platform/vendor/laravel/framework/src/Illuminate/Pipeline/Pipeline.php(209): Illuminate/Http/Middleware/HandleCors->handle(Object(Illuminate/Http/Request), Object(Closure))
#42 D:/laragon/www/Global Supply/supply-chain-platform/vendor/laravel/framework/src/Illuminate/Http/Middleware/TrustProxies.php(58): Illuminate/Pipeline/Pipeline->Illuminate/Pipeline/{closure}(Object(Illuminate/Http/Request))
#43 D:/laragon/www/Global Supply/supply-chain-platform/vendor/laravel/framework/src/Illuminate/Pipeline/Pipeline.php(209): Illuminate/Http/Middleware/TrustProxies->handle(Object(Illuminate/Http/Request), Object(Closure))
#44 D:/laragon/www/Global Supply/supply-chain-platform/vendor/laravel/framework/src/Illuminate/Foundation/Http/Middleware/InvokeDeferredCallbacks.php(22): Illuminate/Pipeline/Pipeline->Illuminate/Pipeline/{closure}(Object(Illuminate/Http/Request))
#45 D:/laragon/www/Global Supply/supply-chain-platform/vendor/laravel/framework/src/Illuminate/Pipeline/Pipeline.php(209): Illuminate/Foundation/Http/Middleware/InvokeDeferredCallbacks->handle(Object(Illuminate/Http/Request), Object(Closure))
#46 D:/laragon/www/Global Supply/supply-chain-platform/vendor/laravel/framework/src/Illuminate/Pipeline/Pipeline.php(127): Illuminate/Pipeline/Pipeline->Illuminate/Pipeline/{closure}(Object(Illuminate/Http/Request))
#47 D:/laragon/www/Global Supply/supply-chain-platform/vendor/laravel/framework/src/Illuminate/Foundation/Http/Kernel.php(176): Illuminate/Pipeline/Pipeline->then(Object(Closure))
#48 D:/laragon/www/Global Supply/supply-chain-platform/vendor/laravel/framework/src/Illuminate/Foundation/Http/Kernel.php(145): Illuminate/Foundation/Http/Kernel->sendRequestThroughRouter(Object(Illuminate/Http/Request))
#49 D:/laragon/www/Global Supply/supply-chain-platform/vendor/laravel/framework/src/Illuminate/Foundation/Application.php(1220): Illuminate/Foundation/Http/Kernel->handle(Object(Illuminate/Http/Request))
#50 D:/laragon/www/Global Supply/supply-chain-platform/public/index.php(20): Illuminate/Foundation/Application->handleRequest(Object(Illuminate/Http/Request))
#51 D:/laragon/www/Global Supply/supply-chain-platform/vendor/laravel/framework/src/Illuminate/Foundation/resources/server.php(23): require_once('D://laragon//www//...')
#52 {main}
"} 
[2026-07-13 23:21:58] local.ERROR: Class "ExchangeRateService" does not exist {"userId":2,"exception":"[object] (ReflectionException(code: -1): Class \"ExchangeRateService\" does not exist at D:/laragon/www/Global Supply/supply-chain-platform/vendor/laravel/framework/src/Illuminate/Routing/ResolvesRouteDependencies.php:88)
[stacktrace]
#0 D:/laragon/www/Global Supply/supply-chain-platform/vendor/laravel/framework/src/Illuminate/Routing/ResolvesRouteDependencies.php(88): ReflectionClass->__construct('ExchangeRateSer...')
#1 D:/laragon/www/Global Supply/supply-chain-platform/vendor/laravel/framework/src/Illuminate/Routing/ResolvesRouteDependencies.php(51): Illuminate/Routing/CallableDispatcher->transformDependency(Object(ReflectionParameter), Array, Object(stdClass))
#2 D:/laragon/www/Global Supply/supply-chain-platform/vendor/laravel/framework/src/Illuminate/Routing/CallableDispatcher.php(52): Illuminate/Routing/CallableDispatcher->resolveMethodDependencies(Array, Object(ReflectionFunction))
#3 D:/laragon/www/Global Supply/supply-chain-platform/vendor/laravel/framework/src/Illuminate/Routing/CallableDispatcher.php(40): Illuminate/Routing/CallableDispatcher->resolveParameters(Object(Illuminate/Routing/Route), Object(Closure))
#4 D:/laragon/www/Global Supply/supply-chain-platform/vendor/laravel/framework/src/Illuminate/Routing/Route.php(244): Illuminate/Routing/CallableDispatcher->dispatch(Object(Illuminate/Routing/Route), Object(Closure))
#5 D:/laragon/www/Global Supply/supply-chain-platform/vendor/laravel/framework/src/Illuminate/Routing/Route.php(215): Illuminate/Routing/Route->runCallable()
#6 D:/laragon/www/Global Supply/supply-chain-platform/vendor/laravel/framework/src/Illuminate/Routing/Router.php(808): Illuminate/Routing/Route->run()
#7 D:/laragon/www/Global Supply/supply-chain-platform/vendor/laravel/framework/src/Illuminate/Pipeline/Pipeline.php(170): Illuminate/Routing/Router->Illuminate/Routing/{closure}(Object(Illuminate/Http/Request))
#8 D:/laragon/www/Global Supply/supply-chain-platform/vendor/laravel/framework/src/Illuminate/Routing/Middleware/SubstituteBindings.php(51): Illuminate/Pipeline/Pipeline->Illuminate/Pipeline/{closure}(Object(Illuminate/Http/Request))
#9 D:/laragon/www/Global Supply/supply-chain-platform/vendor/laravel/framework/src/Illuminate/Pipeline/Pipeline.php(209): Illuminate/Routing/Middleware/SubstituteBindings->handle(Object(Illuminate/Http/Request), Object(Closure))
#10 D:/laragon/www/Global Supply/supply-chain-platform/vendor/laravel/framework/src/Illuminate/Auth/Middleware/Authenticate.php(64): Illuminate/Pipeline/Pipeline->Illuminate/Pipeline/{closure}(Object(Illuminate/Http/Request))
#11 D:/laragon/www/Global Supply/supply-chain-platform/vendor/laravel/framework/src/Illuminate/Pipeline/Pipeline.php(209): Illuminate/Auth/Middleware/Authenticate->handle(Object(Illuminate/Http/Request), Object(Closure))
#12 D:/laragon/www/Global Supply/supply-chain-platform/vendor/laravel/framework/src/Illuminate/Foundation/Http/Middleware/VerifyCsrfToken.php(88): Illuminate/Pipeline/Pipeline->Illuminate/Pipeline/{closure}(Object(Illuminate/Http/Request))
#13 D:/laragon/www/Global Supply/supply-chain-platform/vendor/laravel/framework/src/Illuminate/Pipeline/Pipeline.php(209): Illuminate/Foundation/Http/Middleware/VerifyCsrfToken->handle(Object(Illuminate/Http/Request), Object(Closure))
#14 D:/laragon/www/Global Supply/supply-chain-platform/vendor/laravel/framework/src/Illuminate/View/Middleware/ShareErrorsFromSession.php(49): Illuminate/Pipeline/Pipeline->Illuminate/Pipeline/{closure}(Object(Illuminate/Http/Request))
#15 D:/laragon/www/Global Supply/supply-chain-platform/vendor/laravel/framework/src/Illuminate/Pipeline/Pipeline.php(209): Illuminate/View/Middleware/ShareErrorsFromSession->handle(Object(Illuminate/Http/Request), Object(Closure))
#16 D:/laragon/www/Global Supply/supply-chain-platform/vendor/laravel/framework/src/Illuminate/Session/Middleware/StartSession.php(121): Illuminate/Pipeline/Pipeline->Illuminate/Pipeline/{closure}(Object(Illuminate/Http/Request))
#17 D:/laragon/www/Global Supply/supply-chain-platform/vendor/laravel/framework/src/Illuminate/Session/Middleware/StartSession.php(64): Illuminate/Session/Middleware/StartSession->handleStatefulRequest(Object(Illuminate/Http/Request), Object(Illuminate/Session/Store), Object(Closure))
#18 D:/laragon/www/Global Supply/supply-chain-platform/vendor/laravel/framework/src/Illuminate/Pipeline/Pipeline.php(209): Illuminate/Session/Middleware/StartSession->handle(Object(Illuminate/Http/Request), Object(Closure))
#19 D:/laragon/www/Global Supply/supply-chain-platform/vendor/laravel/framework/src/Illuminate/Cookie/Middleware/AddQueuedCookiesToResponse.php(37): Illuminate/Pipeline/Pipeline->Illuminate/Pipeline/{closure}(Object(Illuminate/Http/Request))
#20 D:/laragon/www/Global Supply/supply-chain-platform/vendor/laravel/framework/src/Illuminate/Pipeline/Pipeline.php(209): Illuminate/Cookie/Middleware/AddQueuedCookiesToResponse->handle(Object(Illuminate/Http/Request), Object(Closure))
#21 D:/laragon/www/Global Supply/supply-chain-platform/vendor/laravel/framework/src/Illuminate/Cookie/Middleware/EncryptCookies.php(75): Illuminate/Pipeline/Pipeline->Illuminate/Pipeline/{closure}(Object(Illuminate/Http/Request))
#22 D:/laragon/www/Global Supply/supply-chain-platform/vendor/laravel/framework/src/Illuminate/Pipeline/Pipeline.php(209): Illuminate/Cookie/Middleware/EncryptCookies->handle(Object(Illuminate/Http/Request), Object(Closure))
#23 D:/laragon/www/Global Supply/supply-chain-platform/vendor/laravel/framework/src/Illuminate/Pipeline/Pipeline.php(127): Illuminate/Pipeline/Pipeline->Illuminate/Pipeline/{closure}(Object(Illuminate/Http/Request))
#24 D:/laragon/www/Global Supply/supply-chain-platform/vendor/laravel/framework/src/Illuminate/Routing/Router.php(807): Illuminate/Pipeline/Pipeline->then(Object(Closure))
#25 D:/laragon/www/Global Supply/supply-chain-platform/vendor/laravel/framework/src/Illuminate/Routing/Router.php(786): Illuminate/Routing/Router->runRouteWithinStack(Object(Illuminate/Routing/Route), Object(Illuminate/Http/Request))
#26 D:/laragon/www/Global Supply/supply-chain-platform/vendor/laravel/framework/src/Illuminate/Routing/Router.php(750): Illuminate/Routing/Router->runRoute(Object(Illuminate/Http/Request), Object(Illuminate/Routing/Route))
#27 D:/laragon/www/Global Supply/supply-chain-platform/vendor/laravel/framework/src/Illuminate/Routing/Router.php(739): Illuminate/Routing/Router->dispatchToRoute(Object(Illuminate/Http/Request))
#28 D:/laragon/www/Global Supply/supply-chain-platform/vendor/laravel/framework/src/Illuminate/Foundation/Http/Kernel.php(201): Illuminate/Routing/Router->dispatch(Object(Illuminate/Http/Request))
#29 D:/laragon/www/Global Supply/supply-chain-platform/vendor/laravel/framework/src/Illuminate/Pipeline/Pipeline.php(170): Illuminate/Foundation/Http/Kernel->Illuminate/Foundation/Http/{closure}(Object(Illuminate/Http/Request))
#30 D:/laragon/www/Global Supply/supply-chain-platform/vendor/laravel/framework/src/Illuminate/Foundation/Http/Middleware/TransformsRequest.php(21): Illuminate/Pipeline/Pipeline->Illuminate/Pipeline/{closure}(Object(Illuminate/Http/Request))
#31 D:/laragon/www/Global Supply/supply-chain-platform/vendor/laravel/framework/src/Illuminate/Foundation/Http/Middleware/ConvertEmptyStringsToNull.php(31): Illuminate/Foundation/Http/Middleware/TransformsRequest->handle(Object(Illuminate/Http/Request), Object(Closure))
#32 D:/laragon/www/Global Supply/supply-chain-platform/vendor/laravel/framework/src/Illuminate/Pipeline/Pipeline.php(209): Illuminate/Foundation/Http/Middleware/ConvertEmptyStringsToNull->handle(Object(Illuminate/Http/Request), Object(Closure))
#33 D:/laragon/www/Global Supply/supply-chain-platform/vendor/laravel/framework/src/Illuminate/Foundation/Http/Middleware/TransformsRequest.php(21): Illuminate/Pipeline/Pipeline->Illuminate/Pipeline/{closure}(Object(Illuminate/Http/Request))
#34 D:/laragon/www/Global Supply/supply-chain-platform/vendor/laravel/framework/src/Illuminate/Foundation/Http/Middleware/TrimStrings.php(51): Illuminate/Foundation/Http/Middleware/TransformsRequest->handle(Object(Illuminate/Http/Request), Object(Closure))
#35 D:/laragon/www/Global Supply/supply-chain-platform/vendor/laravel/framework/src/Illuminate/Pipeline/Pipeline.php(209): Illuminate/Foundation/Http/Middleware/TrimStrings->handle(Object(Illuminate/Http/Request), Object(Closure))
#36 D:/laragon/www/Global Supply/supply-chain-platform/vendor/laravel/framework/src/Illuminate/Http/Middleware/ValidatePostSize.php(27): Illuminate/Pipeline/Pipeline->Illuminate/Pipeline/{closure}(Object(Illuminate/Http/Request))
#37 D:/laragon/www/Global Supply/supply-chain-platform/vendor/laravel/framework/src/Illuminate/Pipeline/Pipeline.php(209): Illuminate/Http/Middleware/ValidatePostSize->handle(Object(Illuminate/Http/Request), Object(Closure))
#38 D:/laragon/www/Global Supply/supply-chain-platform/vendor/laravel/framework/src/Illuminate/Foundation/Http/Middleware/PreventRequestsDuringMaintenance.php(110): Illuminate/Pipeline/Pipeline->Illuminate/Pipeline/{closure}(Object(Illuminate/Http/Request))
#39 D:/laragon/www/Global Supply/supply-chain-platform/vendor/laravel/framework/src/Illuminate/Pipeline/Pipeline.php(209): Illuminate/Foundation/Http/Middleware/PreventRequestsDuringMaintenance->handle(Object(Illuminate/Http/Request), Object(Closure))
#40 D:/laragon/www/Global Supply/supply-chain-platform/vendor/laravel/framework/src/Illuminate/Http/Middleware/HandleCors.php(49): Illuminate/Pipeline/Pipeline->Illuminate/Pipeline/{closure}(Object(Illuminate/Http/Request))
#41 D:/laragon/www/Global Supply/supply-chain-platform/vendor/laravel/framework/src/Illuminate/Pipeline/Pipeline.php(209): Illuminate/Http/Middleware/HandleCors->handle(Object(Illuminate/Http/Request), Object(Closure))
#42 D:/laragon/www/Global Supply/supply-chain-platform/vendor/laravel/framework/src/Illuminate/Http/Middleware/TrustProxies.php(58): Illuminate/Pipeline/Pipeline->Illuminate/Pipeline/{closure}(Object(Illuminate/Http/Request))
#43 D:/laragon/www/Global Supply/supply-chain-platform/vendor/laravel/framework/src/Illuminate/Pipeline/Pipeline.php(209): Illuminate/Http/Middleware/TrustProxies->handle(Object(Illuminate/Http/Request), Object(Closure))
#44 D:/laragon/www/Global Supply/supply-chain-platform/vendor/laravel/framework/src/Illuminate/Foundation/Http/Middleware/InvokeDeferredCallbacks.php(22): Illuminate/Pipeline/Pipeline->Illuminate/Pipeline/{closure}(Object(Illuminate/Http/Request))
#45 D:/laragon/www/Global Supply/supply-chain-platform/vendor/laravel/framework/src/Illuminate/Pipeline/Pipeline.php(209): Illuminate/Foundation/Http/Middleware/InvokeDeferredCallbacks->handle(Object(Illuminate/Http/Request), Object(Closure))
#46 D:/laragon/www/Global Supply/supply-chain-platform/vendor/laravel/framework/src/Illuminate/Pipeline/Pipeline.php(127): Illuminate/Pipeline/Pipeline->Illuminate/Pipeline/{closure}(Object(Illuminate/Http/Request))
#47 D:/laragon/www/Global Supply/supply-chain-platform/vendor/laravel/framework/src/Illuminate/Foundation/Http/Kernel.php(176): Illuminate/Pipeline/Pipeline->then(Object(Closure))
#48 D:/laragon/www/Global Supply/supply-chain-platform/vendor/laravel/framework/src/Illuminate/Foundation/Http/Kernel.php(145): Illuminate/Foundation/Http/Kernel->sendRequestThroughRouter(Object(Illuminate/Http/Request))
#49 D:/laragon/www/Global Supply/supply-chain-platform/vendor/laravel/framework/src/Illuminate/Foundation/Application.php(1220): Illuminate/Foundation/Http/Kernel->handle(Object(Illuminate/Http/Request))
#50 D:/laragon/www/Global Supply/supply-chain-platform/public/index.php(20): Illuminate/Foundation/Application->handleRequest(Object(Illuminate/Http/Request))
#51 D:/laragon/www/Global Supply/supply-chain-platform/vendor/laravel/framework/src/Illuminate/Foundation/resources/server.php(23): require_once('D://laragon//www//...')
#52 {main}
"} 
[2026-07-13 23:22:27] local.ERROR: Class "ExchangeRateService" does not exist {"userId":2,"exception":"[object] (ReflectionException(code: -1): Class \"ExchangeRateService\" does not exist at D:/laragon/www/Global Supply/supply-chain-platform/vendor/laravel/framework/src/Illuminate/Routing/ResolvesRouteDependencies.php:88)
[stacktrace]
#0 D:/laragon/www/Global Supply/supply-chain-platform/vendor/laravel/framework/src/Illuminate/Routing/ResolvesRouteDependencies.php(88): ReflectionClass->__construct('ExchangeRateSer...')
#1 D:/laragon/www/Global Supply/supply-chain-platform/vendor/laravel/framework/src/Illuminate/Routing/ResolvesRouteDependencies.php(51): Illuminate/Routing/CallableDispatcher->transformDependency(Object(ReflectionParameter), Array, Object(stdClass))
#2 D:/laragon/www/Global Supply/supply-chain-platform/vendor/laravel/framework/src/Illuminate/Routing/CallableDispatcher.php(52): Illuminate/Routing/CallableDispatcher->resolveMethodDependencies(Array, Object(ReflectionFunction))
#3 D:/laragon/www/Global Supply/supply-chain-platform/vendor/laravel/framework/src/Illuminate/Routing/CallableDispatcher.php(40): Illuminate/Routing/CallableDispatcher->resolveParameters(Object(Illuminate/Routing/Route), Object(Closure))
#4 D:/laragon/www/Global Supply/supply-chain-platform/vendor/laravel/framework/src/Illuminate/Routing/Route.php(244): Illuminate/Routing/CallableDispatcher->dispatch(Object(Illuminate/Routing/Route), Object(Closure))
#5 D:/laragon/www/Global Supply/supply-chain-platform/vendor/laravel/framework/src/Illuminate/Routing/Route.php(215): Illuminate/Routing/Route->runCallable()
#6 D:/laragon/www/Global Supply/supply-chain-platform/vendor/laravel/framework/src/Illuminate/Routing/Router.php(808): Illuminate/Routing/Route->run()
#7 D:/laragon/www/Global Supply/supply-chain-platform/vendor/laravel/framework/src/Illuminate/Pipeline/Pipeline.php(170): Illuminate/Routing/Router->Illuminate/Routing/{closure}(Object(Illuminate/Http/Request))
#8 D:/laragon/www/Global Supply/supply-chain-platform/vendor/laravel/framework/src/Illuminate/Routing/Middleware/SubstituteBindings.php(51): Illuminate/Pipeline/Pipeline->Illuminate/Pipeline/{closure}(Object(Illuminate/Http/Request))
#9 D:/laragon/www/Global Supply/supply-chain-platform/vendor/laravel/framework/src/Illuminate/Pipeline/Pipeline.php(209): Illuminate/Routing/Middleware/SubstituteBindings->handle(Object(Illuminate/Http/Request), Object(Closure))
#10 D:/laragon/www/Global Supply/supply-chain-platform/vendor/laravel/framework/src/Illuminate/Auth/Middleware/Authenticate.php(64): Illuminate/Pipeline/Pipeline->Illuminate/Pipeline/{closure}(Object(Illuminate/Http/Request))
#11 D:/laragon/www/Global Supply/supply-chain-platform/vendor/laravel/framework/src/Illuminate/Pipeline/Pipeline.php(209): Illuminate/Auth/Middleware/Authenticate->handle(Object(Illuminate/Http/Request), Object(Closure))
#12 D:/laragon/www/Global Supply/supply-chain-platform/vendor/laravel/framework/src/Illuminate/Foundation/Http/Middleware/VerifyCsrfToken.php(88): Illuminate/Pipeline/Pipeline->Illuminate/Pipeline/{closure}(Object(Illuminate/Http/Request))
#13 D:/laragon/www/Global Supply/supply-chain-platform/vendor/laravel/framework/src/Illuminate/Pipeline/Pipeline.php(209): Illuminate/Foundation/Http/Middleware/VerifyCsrfToken->handle(Object(Illuminate/Http/Request), Object(Closure))
#14 D:/laragon/www/Global Supply/supply-chain-platform/vendor/laravel/framework/src/Illuminate/View/Middleware/ShareErrorsFromSession.php(49): Illuminate/Pipeline/Pipeline->Illuminate/Pipeline/{closure}(Object(Illuminate/Http/Request))
#15 D:/laragon/www/Global Supply/supply-chain-platform/vendor/laravel/framework/src/Illuminate/Pipeline/Pipeline.php(209): Illuminate/View/Middleware/ShareErrorsFromSession->handle(Object(Illuminate/Http/Request), Object(Closure))
#16 D:/laragon/www/Global Supply/supply-chain-platform/vendor/laravel/framework/src/Illuminate/Session/Middleware/StartSession.php(121): Illuminate/Pipeline/Pipeline->Illuminate/Pipeline/{closure}(Object(Illuminate/Http/Request))
#17 D:/laragon/www/Global Supply/supply-chain-platform/vendor/laravel/framework/src/Illuminate/Session/Middleware/StartSession.php(64): Illuminate/Session/Middleware/StartSession->handleStatefulRequest(Object(Illuminate/Http/Request), Object(Illuminate/Session/Store), Object(Closure))
#18 D:/laragon/www/Global Supply/supply-chain-platform/vendor/laravel/framework/src/Illuminate/Pipeline/Pipeline.php(209): Illuminate/Session/Middleware/StartSession->handle(Object(Illuminate/Http/Request), Object(Closure))
#19 D:/laragon/www/Global Supply/supply-chain-platform/vendor/laravel/framework/src/Illuminate/Cookie/Middleware/AddQueuedCookiesToResponse.php(37): Illuminate/Pipeline/Pipeline->Illuminate/Pipeline/{closure}(Object(Illuminate/Http/Request))
#20 D:/laragon/www/Global Supply/supply-chain-platform/vendor/laravel/framework/src/Illuminate/Pipeline/Pipeline.php(209): Illuminate/Cookie/Middleware/AddQueuedCookiesToResponse->handle(Object(Illuminate/Http/Request), Object(Closure))
#21 D:/laragon/www/Global Supply/supply-chain-platform/vendor/laravel/framework/src/Illuminate/Cookie/Middleware/EncryptCookies.php(75): Illuminate/Pipeline/Pipeline->Illuminate/Pipeline/{closure}(Object(Illuminate/Http/Request))
#22 D:/laragon/www/Global Supply/supply-chain-platform/vendor/laravel/framework/src/Illuminate/Pipeline/Pipeline.php(209): Illuminate/Cookie/Middleware/EncryptCookies->handle(Object(Illuminate/Http/Request), Object(Closure))
#23 D:/laragon/www/Global Supply/supply-chain-platform/vendor/laravel/framework/src/Illuminate/Pipeline/Pipeline.php(127): Illuminate/Pipeline/Pipeline->Illuminate/Pipeline/{closure}(Object(Illuminate/Http/Request))
#24 D:/laragon/www/Global Supply/supply-chain-platform/vendor/laravel/framework/src/Illuminate/Routing/Router.php(807): Illuminate/Pipeline/Pipeline->then(Object(Closure))
#25 D:/laragon/www/Global Supply/supply-chain-platform/vendor/laravel/framework/src/Illuminate/Routing/Router.php(786): Illuminate/Routing/Router->runRouteWithinStack(Object(Illuminate/Routing/Route), Object(Illuminate/Http/Request))
#26 D:/laragon/www/Global Supply/supply-chain-platform/vendor/laravel/framework/src/Illuminate/Routing/Router.php(750): Illuminate/Routing/Router->runRoute(Object(Illuminate/Http/Request), Object(Illuminate/Routing/Route))
#27 D:/laragon/www/Global Supply/supply-chain-platform/vendor/laravel/framework/src/Illuminate/Routing/Router.php(739): Illuminate/Routing/Router->dispatchToRoute(Object(Illuminate/Http/Request))
#28 D:/laragon/www/Global Supply/supply-chain-platform/vendor/laravel/framework/src/Illuminate/Foundation/Http/Kernel.php(201): Illuminate/Routing/Router->dispatch(Object(Illuminate/Http/Request))
#29 D:/laragon/www/Global Supply/supply-chain-platform/vendor/laravel/framework/src/Illuminate/Pipeline/Pipeline.php(170): Illuminate/Foundation/Http/Kernel->Illuminate/Foundation/Http/{closure}(Object(Illuminate/Http/Request))
#30 D:/laragon/www/Global Supply/supply-chain-platform/vendor/laravel/framework/src/Illuminate/Foundation/Http/Middleware/TransformsRequest.php(21): Illuminate/Pipeline/Pipeline->Illuminate/Pipeline/{closure}(Object(Illuminate/Http/Request))
#31 D:/laragon/www/Global Supply/supply-chain-platform/vendor/laravel/framework/src/Illuminate/Foundation/Http/Middleware/ConvertEmptyStringsToNull.php(31): Illuminate/Foundation/Http/Middleware/TransformsRequest->handle(Object(Illuminate/Http/Request), Object(Closure))
#32 D:/laragon/www/Global Supply/supply-chain-platform/vendor/laravel/framework/src/Illuminate/Pipeline/Pipeline.php(209): Illuminate/Foundation/Http/Middleware/ConvertEmptyStringsToNull->handle(Object(Illuminate/Http/Request), Object(Closure))
#33 D:/laragon/www/Global Supply/supply-chain-platform/vendor/laravel/framework/src/Illuminate/Foundation/Http/Middleware/TransformsRequest.php(21): Illuminate/Pipeline/Pipeline->Illuminate/Pipeline/{closure}(Object(Illuminate/Http/Request))
#34 D:/laragon/www/Global Supply/supply-chain-platform/vendor/laravel/framework/src/Illuminate/Foundation/Http/Middleware/TrimStrings.php(51): Illuminate/Foundation/Http/Middleware/TransformsRequest->handle(Object(Illuminate/Http/Request), Object(Closure))
#35 D:/laragon/www/Global Supply/supply-chain-platform/vendor/laravel/framework/src/Illuminate/Pipeline/Pipeline.php(209): Illuminate/Foundation/Http/Middleware/TrimStrings->handle(Object(Illuminate/Http/Request), Object(Closure))
#36 D:/laragon/www/Global Supply/supply-chain-platform/vendor/laravel/framework/src/Illuminate/Http/Middleware/ValidatePostSize.php(27): Illuminate/Pipeline/Pipeline->Illuminate/Pipeline/{closure}(Object(Illuminate/Http/Request))
#37 D:/laragon/www/Global Supply/supply-chain-platform/vendor/laravel/framework/src/Illuminate/Pipeline/Pipeline.php(209): Illuminate/Http/Middleware/ValidatePostSize->handle(Object(Illuminate/Http/Request), Object(Closure))
#38 D:/laragon/www/Global Supply/supply-chain-platform/vendor/laravel/framework/src/Illuminate/Foundation/Http/Middleware/PreventRequestsDuringMaintenance.php(110): Illuminate/Pipeline/Pipeline->Illuminate/Pipeline/{closure}(Object(Illuminate/Http/Request))
#39 D:/laragon/www/Global Supply/supply-chain-platform/vendor/laravel/framework/src/Illuminate/Pipeline/Pipeline.php(209): Illuminate/Foundation/Http/Middleware/PreventRequestsDuringMaintenance->handle(Object(Illuminate/Http/Request), Object(Closure))
#40 D:/laragon/www/Global Supply/supply-chain-platform/vendor/laravel/framework/src/Illuminate/Http/Middleware/HandleCors.php(49): Illuminate/Pipeline/Pipeline->Illuminate/Pipeline/{closure}(Object(Illuminate/Http/Request))
#41 D:/laragon/www/Global Supply/supply-chain-platform/vendor/laravel/framework/src/Illuminate/Pipeline/Pipeline.php(209): Illuminate/Http/Middleware/HandleCors->handle(Object(Illuminate/Http/Request), Object(Closure))
#42 D:/laragon/www/Global Supply/supply-chain-platform/vendor/laravel/framework/src/Illuminate/Http/Middleware/TrustProxies.php(58): Illuminate/Pipeline/Pipeline->Illuminate/Pipeline/{closure}(Object(Illuminate/Http/Request))
#43 D:/laragon/www/Global Supply/supply-chain-platform/vendor/laravel/framework/src/Illuminate/Pipeline/Pipeline.php(209): Illuminate/Http/Middleware/TrustProxies->handle(Object(Illuminate/Http/Request), Object(Closure))
#44 D:/laragon/www/Global Supply/supply-chain-platform/vendor/laravel/framework/src/Illuminate/Foundation/Http/Middleware/InvokeDeferredCallbacks.php(22): Illuminate/Pipeline/Pipeline->Illuminate/Pipeline/{closure}(Object(Illuminate/Http/Request))
#45 D:/laragon/www/Global Supply/supply-chain-platform/vendor/laravel/framework/src/Illuminate/Pipeline/Pipeline.php(209): Illuminate/Foundation/Http/Middleware/InvokeDeferredCallbacks->handle(Object(Illuminate/Http/Request), Object(Closure))
#46 D:/laragon/www/Global Supply/supply-chain-platform/vendor/laravel/framework/src/Illuminate/Pipeline/Pipeline.php(127): Illuminate/Pipeline/Pipeline->Illuminate/Pipeline/{closure}(Object(Illuminate/Http/Request))
#47 D:/laragon/www/Global Supply/supply-chain-platform/vendor/laravel/framework/src/Illuminate/Foundation/Http/Kernel.php(176): Illuminate/Pipeline/Pipeline->then(Object(Closure))
#48 D:/laragon/www/Global Supply/supply-chain-platform/vendor/laravel/framework/src/Illuminate/Foundation/Http/Kernel.php(145): Illuminate/Foundation/Http/Kernel->sendRequestThroughRouter(Object(Illuminate/Http/Request))
#49 D:/laragon/www/Global Supply/supply-chain-platform/vendor/laravel/framework/src/Illuminate/Foundation/Application.php(1220): Illuminate/Foundation/Http/Kernel->handle(Object(Illuminate/Http/Request))
#50 D:/laragon/www/Global Supply/supply-chain-platform/public/index.php(20): Illuminate/Foundation/Application->handleRequest(Object(Illuminate/Http/Request))
#51 D:/laragon/www/Global Supply/supply-chain-platform/vendor/laravel/framework/src/Illuminate/Foundation/resources/server.php(23): require_once('D://laragon//www//...')
#52 {main}
"} 
[2026-07-13 23:22:28] local.ERROR: Class "ExchangeRateService" does not exist {"userId":2,"exception":"[object] (ReflectionException(code: -1): Class \"ExchangeRateService\" does not exist at D:/laragon/www/Global Supply/supply-chain-platform/vendor/laravel/framework/src/Illuminate/Routing/ResolvesRouteDependencies.php:88)
[stacktrace]
#0 D:/laragon/www/Global Supply/supply-chain-platform/vendor/laravel/framework/src/Illuminate/Routing/ResolvesRouteDependencies.php(88): ReflectionClass->__construct('ExchangeRateSer...')
#1 D:/laragon/www/Global Supply/supply-chain-platform/vendor/laravel/framework/src/Illuminate/Routing/ResolvesRouteDependencies.php(51): Illuminate/Routing/CallableDispatcher->transformDependency(Object(ReflectionParameter), Array, Object(stdClass))
#2 D:/laragon/www/Global Supply/supply-chain-platform/vendor/laravel/framework/src/Illuminate/Routing/CallableDispatcher.php(52): Illuminate/Routing/CallableDispatcher->resolveMethodDependencies(Array, Object(ReflectionFunction))
#3 D:/laragon/www/Global Supply/supply-chain-platform/vendor/laravel/framework/src/Illuminate/Routing/CallableDispatcher.php(40): Illuminate/Routing/CallableDispatcher->resolveParameters(Object(Illuminate/Routing/Route), Object(Closure))
#4 D:/laragon/www/Global Supply/supply-chain-platform/vendor/laravel/framework/src/Illuminate/Routing/Route.php(244): Illuminate/Routing/CallableDispatcher->dispatch(Object(Illuminate/Routing/Route), Object(Closure))
#5 D:/laragon/www/Global Supply/supply-chain-platform/vendor/laravel/framework/src/Illuminate/Routing/Route.php(215): Illuminate/Routing/Route->runCallable()
#6 D:/laragon/www/Global Supply/supply-chain-platform/vendor/laravel/framework/src/Illuminate/Routing/Router.php(808): Illuminate/Routing/Route->run()
#7 D:/laragon/www/Global Supply/supply-chain-platform/vendor/laravel/framework/src/Illuminate/Pipeline/Pipeline.php(170): Illuminate/Routing/Router->Illuminate/Routing/{closure}(Object(Illuminate/Http/Request))
#8 D:/laragon/www/Global Supply/supply-chain-platform/vendor/laravel/framework/src/Illuminate/Routing/Middleware/SubstituteBindings.php(51): Illuminate/Pipeline/Pipeline->Illuminate/Pipeline/{closure}(Object(Illuminate/Http/Request))
#9 D:/laragon/www/Global Supply/supply-chain-platform/vendor/laravel/framework/src/Illuminate/Pipeline/Pipeline.php(209): Illuminate/Routing/Middleware/SubstituteBindings->handle(Object(Illuminate/Http/Request), Object(Closure))
#10 D:/laragon/www/Global Supply/supply-chain-platform/vendor/laravel/framework/src/Illuminate/Auth/Middleware/Authenticate.php(64): Illuminate/Pipeline/Pipeline->Illuminate/Pipeline/{closure}(Object(Illuminate/Http/Request))
#11 D:/laragon/www/Global Supply/supply-chain-platform/vendor/laravel/framework/src/Illuminate/Pipeline/Pipeline.php(209): Illuminate/Auth/Middleware/Authenticate->handle(Object(Illuminate/Http/Request), Object(Closure))
#12 D:/laragon/www/Global Supply/supply-chain-platform/vendor/laravel/framework/src/Illuminate/Foundation/Http/Middleware/VerifyCsrfToken.php(88): Illuminate/Pipeline/Pipeline->Illuminate/Pipeline/{closure}(Object(Illuminate/Http/Request))
#13 D:/laragon/www/Global Supply/supply-chain-platform/vendor/laravel/framework/src/Illuminate/Pipeline/Pipeline.php(209): Illuminate/Foundation/Http/Middleware/VerifyCsrfToken->handle(Object(Illuminate/Http/Request), Object(Closure))
#14 D:/laragon/www/Global Supply/supply-chain-platform/vendor/laravel/framework/src/Illuminate/View/Middleware/ShareErrorsFromSession.php(49): Illuminate/Pipeline/Pipeline->Illuminate/Pipeline/{closure}(Object(Illuminate/Http/Request))
#15 D:/laragon/www/Global Supply/supply-chain-platform/vendor/laravel/framework/src/Illuminate/Pipeline/Pipeline.php(209): Illuminate/View/Middleware/ShareErrorsFromSession->handle(Object(Illuminate/Http/Request), Object(Closure))
#16 D:/laragon/www/Global Supply/supply-chain-platform/vendor/laravel/framework/src/Illuminate/Session/Middleware/StartSession.php(121): Illuminate/Pipeline/Pipeline->Illuminate/Pipeline/{closure}(Object(Illuminate/Http/Request))
#17 D:/laragon/www/Global Supply/supply-chain-platform/vendor/laravel/framework/src/Illuminate/Session/Middleware/StartSession.php(64): Illuminate/Session/Middleware/StartSession->handleStatefulRequest(Object(Illuminate/Http/Request), Object(Illuminate/Session/Store), Object(Closure))
#18 D:/laragon/www/Global Supply/supply-chain-platform/vendor/laravel/framework/src/Illuminate/Pipeline/Pipeline.php(209): Illuminate/Session/Middleware/StartSession->handle(Object(Illuminate/Http/Request), Object(Closure))
#19 D:/laragon/www/Global Supply/supply-chain-platform/vendor/laravel/framework/src/Illuminate/Cookie/Middleware/AddQueuedCookiesToResponse.php(37): Illuminate/Pipeline/Pipeline->Illuminate/Pipeline/{closure}(Object(Illuminate/Http/Request))
#20 D:/laragon/www/Global Supply/supply-chain-platform/vendor/laravel/framework/src/Illuminate/Pipeline/Pipeline.php(209): Illuminate/Cookie/Middleware/AddQueuedCookiesToResponse->handle(Object(Illuminate/Http/Request), Object(Closure))
#21 D:/laragon/www/Global Supply/supply-chain-platform/vendor/laravel/framework/src/Illuminate/Cookie/Middleware/EncryptCookies.php(75): Illuminate/Pipeline/Pipeline->Illuminate/Pipeline/{closure}(Object(Illuminate/Http/Request))
#22 D:/laragon/www/Global Supply/supply-chain-platform/vendor/laravel/framework/src/Illuminate/Pipeline/Pipeline.php(209): Illuminate/Cookie/Middleware/EncryptCookies->handle(Object(Illuminate/Http/Request), Object(Closure))
#23 D:/laragon/www/Global Supply/supply-chain-platform/vendor/laravel/framework/src/Illuminate/Pipeline/Pipeline.php(127): Illuminate/Pipeline/Pipeline->Illuminate/Pipeline/{closure}(Object(Illuminate/Http/Request))
#24 D:/laragon/www/Global Supply/supply-chain-platform/vendor/laravel/framework/src/Illuminate/Routing/Router.php(807): Illuminate/Pipeline/Pipeline->then(Object(Closure))
#25 D:/laragon/www/Global Supply/supply-chain-platform/vendor/laravel/framework/src/Illuminate/Routing/Router.php(786): Illuminate/Routing/Router->runRouteWithinStack(Object(Illuminate/Routing/Route), Object(Illuminate/Http/Request))
#26 D:/laragon/www/Global Supply/supply-chain-platform/vendor/laravel/framework/src/Illuminate/Routing/Router.php(750): Illuminate/Routing/Router->runRoute(Object(Illuminate/Http/Request), Object(Illuminate/Routing/Route))
#27 D:/laragon/www/Global Supply/supply-chain-platform/vendor/laravel/framework/src/Illuminate/Routing/Router.php(739): Illuminate/Routing/Router->dispatchToRoute(Object(Illuminate/Http/Request))
#28 D:/laragon/www/Global Supply/supply-chain-platform/vendor/laravel/framework/src/Illuminate/Foundation/Http/Kernel.php(201): Illuminate/Routing/Router->dispatch(Object(Illuminate/Http/Request))
#29 D:/laragon/www/Global Supply/supply-chain-platform/vendor/laravel/framework/src/Illuminate/Pipeline/Pipeline.php(170): Illuminate/Foundation/Http/Kernel->Illuminate/Foundation/Http/{closure}(Object(Illuminate/Http/Request))
#30 D:/laragon/www/Global Supply/supply-chain-platform/vendor/laravel/framework/src/Illuminate/Foundation/Http/Middleware/TransformsRequest.php(21): Illuminate/Pipeline/Pipeline->Illuminate/Pipeline/{closure}(Object(Illuminate/Http/Request))
#31 D:/laragon/www/Global Supply/supply-chain-platform/vendor/laravel/framework/src/Illuminate/Foundation/Http/Middleware/ConvertEmptyStringsToNull.php(31): Illuminate/Foundation/Http/Middleware/TransformsRequest->handle(Object(Illuminate/Http/Request), Object(Closure))
#32 D:/laragon/www/Global Supply/supply-chain-platform/vendor/laravel/framework/src/Illuminate/Pipeline/Pipeline.php(209): Illuminate/Foundation/Http/Middleware/ConvertEmptyStringsToNull->handle(Object(Illuminate/Http/Request), Object(Closure))
#33 D:/laragon/www/Global Supply/supply-chain-platform/vendor/laravel/framework/src/Illuminate/Foundation/Http/Middleware/TransformsRequest.php(21): Illuminate/Pipeline/Pipeline->Illuminate/Pipeline/{closure}(Object(Illuminate/Http/Request))
#34 D:/laragon/www/Global Supply/supply-chain-platform/vendor/laravel/framework/src/Illuminate/Foundation/Http/Middleware/TrimStrings.php(51): Illuminate/Foundation/Http/Middleware/TransformsRequest->handle(Object(Illuminate/Http/Request), Object(Closure))
#35 D:/laragon/www/Global Supply/supply-chain-platform/vendor/laravel/framework/src/Illuminate/Pipeline/Pipeline.php(209): Illuminate/Foundation/Http/Middleware/TrimStrings->handle(Object(Illuminate/Http/Request), Object(Closure))
#36 D:/laragon/www/Global Supply/supply-chain-platform/vendor/laravel/framework/src/Illuminate/Http/Middleware/ValidatePostSize.php(27): Illuminate/Pipeline/Pipeline->Illuminate/Pipeline/{closure}(Object(Illuminate/Http/Request))
#37 D:/laragon/www/Global Supply/supply-chain-platform/vendor/laravel/framework/src/Illuminate/Pipeline/Pipeline.php(209): Illuminate/Http/Middleware/ValidatePostSize->handle(Object(Illuminate/Http/Request), Object(Closure))
#38 D:/laragon/www/Global Supply/supply-chain-platform/vendor/laravel/framework/src/Illuminate/Foundation/Http/Middleware/PreventRequestsDuringMaintenance.php(110): Illuminate/Pipeline/Pipeline->Illuminate/Pipeline/{closure}(Object(Illuminate/Http/Request))
#39 D:/laragon/www/Global Supply/supply-chain-platform/vendor/laravel/framework/src/Illuminate/Pipeline/Pipeline.php(209): Illuminate/Foundation/Http/Middleware/PreventRequestsDuringMaintenance->handle(Object(Illuminate/Http/Request), Object(Closure))
#40 D:/laragon/www/Global Supply/supply-chain-platform/vendor/laravel/framework/src/Illuminate/Http/Middleware/HandleCors.php(49): Illuminate/Pipeline/Pipeline->Illuminate/Pipeline/{closure}(Object(Illuminate/Http/Request))
#41 D:/laragon/www/Global Supply/supply-chain-platform/vendor/laravel/framework/src/Illuminate/Pipeline/Pipeline.php(209): Illuminate/Http/Middleware/HandleCors->handle(Object(Illuminate/Http/Request), Object(Closure))
#42 D:/laragon/www/Global Supply/supply-chain-platform/vendor/laravel/framework/src/Illuminate/Http/Middleware/TrustProxies.php(58): Illuminate/Pipeline/Pipeline->Illuminate/Pipeline/{closure}(Object(Illuminate/Http/Request))
#43 D:/laragon/www/Global Supply/supply-chain-platform/vendor/laravel/framework/src/Illuminate/Pipeline/Pipeline.php(209): Illuminate/Http/Middleware/TrustProxies->handle(Object(Illuminate/Http/Request), Object(Closure))
#44 D:/laragon/www/Global Supply/supply-chain-platform/vendor/laravel/framework/src/Illuminate/Foundation/Http/Middleware/InvokeDeferredCallbacks.php(22): Illuminate/Pipeline/Pipeline->Illuminate/Pipeline/{closure}(Object(Illuminate/Http/Request))
#45 D:/laragon/www/Global Supply/supply-chain-platform/vendor/laravel/framework/src/Illuminate/Pipeline/Pipeline.php(209): Illuminate/Foundation/Http/Middleware/InvokeDeferredCallbacks->handle(Object(Illuminate/Http/Request), Object(Closure))
#46 D:/laragon/www/Global Supply/supply-chain-platform/vendor/laravel/framework/src/Illuminate/Pipeline/Pipeline.php(127): Illuminate/Pipeline/Pipeline->Illuminate/Pipeline/{closure}(Object(Illuminate/Http/Request))
#47 D:/laragon/www/Global Supply/supply-chain-platform/vendor/laravel/framework/src/Illuminate/Foundation/Http/Kernel.php(176): Illuminate/Pipeline/Pipeline->then(Object(Closure))
#48 D:/laragon/www/Global Supply/supply-chain-platform/vendor/laravel/framework/src/Illuminate/Foundation/Http/Kernel.php(145): Illuminate/Foundation/Http/Kernel->sendRequestThroughRouter(Object(Illuminate/Http/Request))
#49 D:/laragon/www/Global Supply/supply-chain-platform/vendor/laravel/framework/src/Illuminate/Foundation/Application.php(1220): Illuminate/Foundation/Http/Kernel->handle(Object(Illuminate/Http/Request))
#50 D:/laragon/www/Global Supply/supply-chain-platform/public/index.php(20): Illuminate/Foundation/Application->handleRequest(Object(Illuminate/Http/Request))
#51 D:/laragon/www/Global Supply/supply-chain-platform/vendor/laravel/framework/src/Illuminate/Foundation/resources/server.php(23): require_once('D://laragon//www//...')
#52 {main}
"} 
[2026-07-13 23:22:57] local.ERROR: Class "ExchangeRateService" does not exist {"userId":2,"exception":"[object] (ReflectionException(code: -1): Class \"ExchangeRateService\" does not exist at D:/laragon/www/Global Supply/supply-chain-platform/vendor/laravel/framework/src/Illuminate/Routing/ResolvesRouteDependencies.php:88)
[stacktrace]
#0 D:/laragon/www/Global Supply/supply-chain-platform/vendor/laravel/framework/src/Illuminate/Routing/ResolvesRouteDependencies.php(88): ReflectionClass->__construct('ExchangeRateSer...')
#1 D:/laragon/www/Global Supply/supply-chain-platform/vendor/laravel/framework/src/Illuminate/Routing/ResolvesRouteDependencies.php(51): Illuminate/Routing/CallableDispatcher->transformDependency(Object(ReflectionParameter), Array, Object(stdClass))
#2 D:/laragon/www/Global Supply/supply-chain-platform/vendor/laravel/framework/src/Illuminate/Routing/CallableDispatcher.php(52): Illuminate/Routing/CallableDispatcher->resolveMethodDependencies(Array, Object(ReflectionFunction))
#3 D:/laragon/www/Global Supply/supply-chain-platform/vendor/laravel/framework/src/Illuminate/Routing/CallableDispatcher.php(40): Illuminate/Routing/CallableDispatcher->resolveParameters(Object(Illuminate/Routing/Route), Object(Closure))
#4 D:/laragon/www/Global Supply/supply-chain-platform/vendor/laravel/framework/src/Illuminate/Routing/Route.php(244): Illuminate/Routing/CallableDispatcher->dispatch(Object(Illuminate/Routing/Route), Object(Closure))
#5 D:/laragon/www/Global Supply/supply-chain-platform/vendor/laravel/framework/src/Illuminate/Routing/Route.php(215): Illuminate/Routing/Route->runCallable()
#6 D:/laragon/www/Global Supply/supply-chain-platform/vendor/laravel/framework/src/Illuminate/Routing/Router.php(808): Illuminate/Routing/Route->run()
#7 D:/laragon/www/Global Supply/supply-chain-platform/vendor/laravel/framework/src/Illuminate/Pipeline/Pipeline.php(170): Illuminate/Routing/Router->Illuminate/Routing/{closure}(Object(Illuminate/Http/Request))
#8 D:/laragon/www/Global Supply/supply-chain-platform/vendor/laravel/framework/src/Illuminate/Routing/Middleware/SubstituteBindings.php(51): Illuminate/Pipeline/Pipeline->Illuminate/Pipeline/{closure}(Object(Illuminate/Http/Request))
#9 D:/laragon/www/Global Supply/supply-chain-platform/vendor/laravel/framework/src/Illuminate/Pipeline/Pipeline.php(209): Illuminate/Routing/Middleware/SubstituteBindings->handle(Object(Illuminate/Http/Request), Object(Closure))
#10 D:/laragon/www/Global Supply/supply-chain-platform/vendor/laravel/framework/src/Illuminate/Auth/Middleware/Authenticate.php(64): Illuminate/Pipeline/Pipeline->Illuminate/Pipeline/{closure}(Object(Illuminate/Http/Request))
#11 D:/laragon/www/Global Supply/supply-chain-platform/vendor/laravel/framework/src/Illuminate/Pipeline/Pipeline.php(209): Illuminate/Auth/Middleware/Authenticate->handle(Object(Illuminate/Http/Request), Object(Closure))
#12 D:/laragon/www/Global Supply/supply-chain-platform/vendor/laravel/framework/src/Illuminate/Foundation/Http/Middleware/VerifyCsrfToken.php(88): Illuminate/Pipeline/Pipeline->Illuminate/Pipeline/{closure}(Object(Illuminate/Http/Request))
#13 D:/laragon/www/Global Supply/supply-chain-platform/vendor/laravel/framework/src/Illuminate/Pipeline/Pipeline.php(209): Illuminate/Foundation/Http/Middleware/VerifyCsrfToken->handle(Object(Illuminate/Http/Request), Object(Closure))
#14 D:/laragon/www/Global Supply/supply-chain-platform/vendor/laravel/framework/src/Illuminate/View/Middleware/ShareErrorsFromSession.php(49): Illuminate/Pipeline/Pipeline->Illuminate/Pipeline/{closure}(Object(Illuminate/Http/Request))
#15 D:/laragon/www/Global Supply/supply-chain-platform/vendor/laravel/framework/src/Illuminate/Pipeline/Pipeline.php(209): Illuminate/View/Middleware/ShareErrorsFromSession->handle(Object(Illuminate/Http/Request), Object(Closure))
#16 D:/laragon/www/Global Supply/supply-chain-platform/vendor/laravel/framework/src/Illuminate/Session/Middleware/StartSession.php(121): Illuminate/Pipeline/Pipeline->Illuminate/Pipeline/{closure}(Object(Illuminate/Http/Request))
#17 D:/laragon/www/Global Supply/supply-chain-platform/vendor/laravel/framework/src/Illuminate/Session/Middleware/StartSession.php(64): Illuminate/Session/Middleware/StartSession->handleStatefulRequest(Object(Illuminate/Http/Request), Object(Illuminate/Session/Store), Object(Closure))
#18 D:/laragon/www/Global Supply/supply-chain-platform/vendor/laravel/framework/src/Illuminate/Pipeline/Pipeline.php(209): Illuminate/Session/Middleware/StartSession->handle(Object(Illuminate/Http/Request), Object(Closure))
#19 D:/laragon/www/Global Supply/supply-chain-platform/vendor/laravel/framework/src/Illuminate/Cookie/Middleware/AddQueuedCookiesToResponse.php(37): Illuminate/Pipeline/Pipeline->Illuminate/Pipeline/{closure}(Object(Illuminate/Http/Request))
#20 D:/laragon/www/Global Supply/supply-chain-platform/vendor/laravel/framework/src/Illuminate/Pipeline/Pipeline.php(209): Illuminate/Cookie/Middleware/AddQueuedCookiesToResponse->handle(Object(Illuminate/Http/Request), Object(Closure))
#21 D:/laragon/www/Global Supply/supply-chain-platform/vendor/laravel/framework/src/Illuminate/Cookie/Middleware/EncryptCookies.php(75): Illuminate/Pipeline/Pipeline->Illuminate/Pipeline/{closure}(Object(Illuminate/Http/Request))
#22 D:/laragon/www/Global Supply/supply-chain-platform/vendor/laravel/framework/src/Illuminate/Pipeline/Pipeline.php(209): Illuminate/Cookie/Middleware/EncryptCookies->handle(Object(Illuminate/Http/Request), Object(Closure))
#23 D:/laragon/www/Global Supply/supply-chain-platform/vendor/laravel/framework/src/Illuminate/Pipeline/Pipeline.php(127): Illuminate/Pipeline/Pipeline->Illuminate/Pipeline/{closure}(Object(Illuminate/Http/Request))
#24 D:/laragon/www/Global Supply/supply-chain-platform/vendor/laravel/framework/src/Illuminate/Routing/Router.php(807): Illuminate/Pipeline/Pipeline->then(Object(Closure))
#25 D:/laragon/www/Global Supply/supply-chain-platform/vendor/laravel/framework/src/Illuminate/Routing/Router.php(786): Illuminate/Routing/Router->runRouteWithinStack(Object(Illuminate/Routing/Route), Object(Illuminate/Http/Request))
#26 D:/laragon/www/Global Supply/supply-chain-platform/vendor/laravel/framework/src/Illuminate/Routing/Router.php(750): Illuminate/Routing/Router->runRoute(Object(Illuminate/Http/Request), Object(Illuminate/Routing/Route))
#27 D:/laragon/www/Global Supply/supply-chain-platform/vendor/laravel/framework/src/Illuminate/Routing/Router.php(739): Illuminate/Routing/Router->dispatchToRoute(Object(Illuminate/Http/Request))
#28 D:/laragon/www/Global Supply/supply-chain-platform/vendor/laravel/framework/src/Illuminate/Foundation/Http/Kernel.php(201): Illuminate/Routing/Router->dispatch(Object(Illuminate/Http/Request))
#29 D:/laragon/www/Global Supply/supply-chain-platform/vendor/laravel/framework/src/Illuminate/Pipeline/Pipeline.php(170): Illuminate/Foundation/Http/Kernel->Illuminate/Foundation/Http/{closure}(Object(Illuminate/Http/Request))
#30 D:/laragon/www/Global Supply/supply-chain-platform/vendor/laravel/framework/src/Illuminate/Foundation/Http/Middleware/TransformsRequest.php(21): Illuminate/Pipeline/Pipeline->Illuminate/Pipeline/{closure}(Object(Illuminate/Http/Request))
#31 D:/laragon/www/Global Supply/supply-chain-platform/vendor/laravel/framework/src/Illuminate/Foundation/Http/Middleware/ConvertEmptyStringsToNull.php(31): Illuminate/Foundation/Http/Middleware/TransformsRequest->handle(Object(Illuminate/Http/Request), Object(Closure))
#32 D:/laragon/www/Global Supply/supply-chain-platform/vendor/laravel/framework/src/Illuminate/Pipeline/Pipeline.php(209): Illuminate/Foundation/Http/Middleware/ConvertEmptyStringsToNull->handle(Object(Illuminate/Http/Request), Object(Closure))
#33 D:/laragon/www/Global Supply/supply-chain-platform/vendor/laravel/framework/src/Illuminate/Foundation/Http/Middleware/TransformsRequest.php(21): Illuminate/Pipeline/Pipeline->Illuminate/Pipeline/{closure}(Object(Illuminate/Http/Request))
#34 D:/laragon/www/Global Supply/supply-chain-platform/vendor/laravel/framework/src/Illuminate/Foundation/Http/Middleware/TrimStrings.php(51): Illuminate/Foundation/Http/Middleware/TransformsRequest->handle(Object(Illuminate/Http/Request), Object(Closure))
#35 D:/laragon/www/Global Supply/supply-chain-platform/vendor/laravel/framework/src/Illuminate/Pipeline/Pipeline.php(209): Illuminate/Foundation/Http/Middleware/TrimStrings->handle(Object(Illuminate/Http/Request), Object(Closure))
#36 D:/laragon/www/Global Supply/supply-chain-platform/vendor/laravel/framework/src/Illuminate/Http/Middleware/ValidatePostSize.php(27): Illuminate/Pipeline/Pipeline->Illuminate/Pipeline/{closure}(Object(Illuminate/Http/Request))
#37 D:/laragon/www/Global Supply/supply-chain-platform/vendor/laravel/framework/src/Illuminate/Pipeline/Pipeline.php(209): Illuminate/Http/Middleware/ValidatePostSize->handle(Object(Illuminate/Http/Request), Object(Closure))
#38 D:/laragon/www/Global Supply/supply-chain-platform/vendor/laravel/framework/src/Illuminate/Foundation/Http/Middleware/PreventRequestsDuringMaintenance.php(110): Illuminate/Pipeline/Pipeline->Illuminate/Pipeline/{closure}(Object(Illuminate/Http/Request))
#39 D:/laragon/www/Global Supply/supply-chain-platform/vendor/laravel/framework/src/Illuminate/Pipeline/Pipeline.php(209): Illuminate/Foundation/Http/Middleware/PreventRequestsDuringMaintenance->handle(Object(Illuminate/Http/Request), Object(Closure))
#40 D:/laragon/www/Global Supply/supply-chain-platform/vendor/laravel/framework/src/Illuminate/Http/Middleware/HandleCors.php(49): Illuminate/Pipeline/Pipeline->Illuminate/Pipeline/{closure}(Object(Illuminate/Http/Request))
#41 D:/laragon/www/Global Supply/supply-chain-platform/vendor/laravel/framework/src/Illuminate/Pipeline/Pipeline.php(209): Illuminate/Http/Middleware/HandleCors->handle(Object(Illuminate/Http/Request), Object(Closure))
#42 D:/laragon/www/Global Supply/supply-chain-platform/vendor/laravel/framework/src/Illuminate/Http/Middleware/TrustProxies.php(58): Illuminate/Pipeline/Pipeline->Illuminate/Pipeline/{closure}(Object(Illuminate/Http/Request))
#43 D:/laragon/www/Global Supply/supply-chain-platform/vendor/laravel/framework/src/Illuminate/Pipeline/Pipeline.php(209): Illuminate/Http/Middleware/TrustProxies->handle(Object(Illuminate/Http/Request), Object(Closure))
#44 D:/laragon/www/Global Supply/supply-chain-platform/vendor/laravel/framework/src/Illuminate/Foundation/Http/Middleware/InvokeDeferredCallbacks.php(22): Illuminate/Pipeline/Pipeline->Illuminate/Pipeline/{closure}(Object(Illuminate/Http/Request))
#45 D:/laragon/www/Global Supply/supply-chain-platform/vendor/laravel/framework/src/Illuminate/Pipeline/Pipeline.php(209): Illuminate/Foundation/Http/Middleware/InvokeDeferredCallbacks->handle(Object(Illuminate/Http/Request), Object(Closure))
#46 D:/laragon/www/Global Supply/supply-chain-platform/vendor/laravel/framework/src/Illuminate/Pipeline/Pipeline.php(127): Illuminate/Pipeline/Pipeline->Illuminate/Pipeline/{closure}(Object(Illuminate/Http/Request))
#47 D:/laragon/www/Global Supply/supply-chain-platform/vendor/laravel/framework/src/Illuminate/Foundation/Http/Kernel.php(176): Illuminate/Pipeline/Pipeline->then(Object(Closure))
#48 D:/laragon/www/Global Supply/supply-chain-platform/vendor/laravel/framework/src/Illuminate/Foundation/Http/Kernel.php(145): Illuminate/Foundation/Http/Kernel->sendRequestThroughRouter(Object(Illuminate/Http/Request))
#49 D:/laragon/www/Global Supply/supply-chain-platform/vendor/laravel/framework/src/Illuminate/Foundation/Application.php(1220): Illuminate/Foundation/Http/Kernel->handle(Object(Illuminate/Http/Request))
#50 D:/laragon/www/Global Supply/supply-chain-platform/public/index.php(20): Illuminate/Foundation/Application->handleRequest(Object(Illuminate/Http/Request))
#51 D:/laragon/www/Global Supply/supply-chain-platform/vendor/laravel/framework/src/Illuminate/Foundation/resources/server.php(23): require_once('D://laragon//www//...')
#52 {main}
"} 
[2026-07-13 23:22:58] local.ERROR: Class "ExchangeRateService" does not exist {"userId":2,"exception":"[object] (ReflectionException(code: -1): Class \"ExchangeRateService\" does not exist at D:/laragon/www/Global Supply/supply-chain-platform/vendor/laravel/framework/src/Illuminate/Routing/ResolvesRouteDependencies.php:88)
[stacktrace]
#0 D:/laragon/www/Global Supply/supply-chain-platform/vendor/laravel/framework/src/Illuminate/Routing/ResolvesRouteDependencies.php(88): ReflectionClass->__construct('ExchangeRateSer...')
#1 D:/laragon/www/Global Supply/supply-chain-platform/vendor/laravel/framework/src/Illuminate/Routing/ResolvesRouteDependencies.php(51): Illuminate/Routing/CallableDispatcher->transformDependency(Object(ReflectionParameter), Array, Object(stdClass))
#2 D:/laragon/www/Global Supply/supply-chain-platform/vendor/laravel/framework/src/Illuminate/Routing/CallableDispatcher.php(52): Illuminate/Routing/CallableDispatcher->resolveMethodDependencies(Array, Object(ReflectionFunction))
#3 D:/laragon/www/Global Supply/supply-chain-platform/vendor/laravel/framework/src/Illuminate/Routing/CallableDispatcher.php(40): Illuminate/Routing/CallableDispatcher->resolveParameters(Object(Illuminate/Routing/Route), Object(Closure))
#4 D:/laragon/www/Global Supply/supply-chain-platform/vendor/laravel/framework/src/Illuminate/Routing/Route.php(244): Illuminate/Routing/CallableDispatcher->dispatch(Object(Illuminate/Routing/Route), Object(Closure))
#5 D:/laragon/www/Global Supply/supply-chain-platform/vendor/laravel/framework/src/Illuminate/Routing/Route.php(215): Illuminate/Routing/Route->runCallable()
#6 D:/laragon/www/Global Supply/supply-chain-platform/vendor/laravel/framework/src/Illuminate/Routing/Router.php(808): Illuminate/Routing/Route->run()
#7 D:/laragon/www/Global Supply/supply-chain-platform/vendor/laravel/framework/src/Illuminate/Pipeline/Pipeline.php(170): Illuminate/Routing/Router->Illuminate/Routing/{closure}(Object(Illuminate/Http/Request))
#8 D:/laragon/www/Global Supply/supply-chain-platform/vendor/laravel/framework/src/Illuminate/Routing/Middleware/SubstituteBindings.php(51): Illuminate/Pipeline/Pipeline->Illuminate/Pipeline/{closure}(Object(Illuminate/Http/Request))
#9 D:/laragon/www/Global Supply/supply-chain-platform/vendor/laravel/framework/src/Illuminate/Pipeline/Pipeline.php(209): Illuminate/Routing/Middleware/SubstituteBindings->handle(Object(Illuminate/Http/Request), Object(Closure))
#10 D:/laragon/www/Global Supply/supply-chain-platform/vendor/laravel/framework/src/Illuminate/Auth/Middleware/Authenticate.php(64): Illuminate/Pipeline/Pipeline->Illuminate/Pipeline/{closure}(Object(Illuminate/Http/Request))
#11 D:/laragon/www/Global Supply/supply-chain-platform/vendor/laravel/framework/src/Illuminate/Pipeline/Pipeline.php(209): Illuminate/Auth/Middleware/Authenticate->handle(Object(Illuminate/Http/Request), Object(Closure))
#12 D:/laragon/www/Global Supply/supply-chain-platform/vendor/laravel/framework/src/Illuminate/Foundation/Http/Middleware/VerifyCsrfToken.php(88): Illuminate/Pipeline/Pipeline->Illuminate/Pipeline/{closure}(Object(Illuminate/Http/Request))
#13 D:/laragon/www/Global Supply/supply-chain-platform/vendor/laravel/framework/src/Illuminate/Pipeline/Pipeline.php(209): Illuminate/Foundation/Http/Middleware/VerifyCsrfToken->handle(Object(Illuminate/Http/Request), Object(Closure))
#14 D:/laragon/www/Global Supply/supply-chain-platform/vendor/laravel/framework/src/Illuminate/View/Middleware/ShareErrorsFromSession.php(49): Illuminate/Pipeline/Pipeline->Illuminate/Pipeline/{closure}(Object(Illuminate/Http/Request))
#15 D:/laragon/www/Global Supply/supply-chain-platform/vendor/laravel/framework/src/Illuminate/Pipeline/Pipeline.php(209): Illuminate/View/Middleware/ShareErrorsFromSession->handle(Object(Illuminate/Http/Request), Object(Closure))
#16 D:/laragon/www/Global Supply/supply-chain-platform/vendor/laravel/framework/src/Illuminate/Session/Middleware/StartSession.php(121): Illuminate/Pipeline/Pipeline->Illuminate/Pipeline/{closure}(Object(Illuminate/Http/Request))
#17 D:/laragon/www/Global Supply/supply-chain-platform/vendor/laravel/framework/src/Illuminate/Session/Middleware/StartSession.php(64): Illuminate/Session/Middleware/StartSession->handleStatefulRequest(Object(Illuminate/Http/Request), Object(Illuminate/Session/Store), Object(Closure))
#18 D:/laragon/www/Global Supply/supply-chain-platform/vendor/laravel/framework/src/Illuminate/Pipeline/Pipeline.php(209): Illuminate/Session/Middleware/StartSession->handle(Object(Illuminate/Http/Request), Object(Closure))
#19 D:/laragon/www/Global Supply/supply-chain-platform/vendor/laravel/framework/src/Illuminate/Cookie/Middleware/AddQueuedCookiesToResponse.php(37): Illuminate/Pipeline/Pipeline->Illuminate/Pipeline/{closure}(Object(Illuminate/Http/Request))
#20 D:/laragon/www/Global Supply/supply-chain-platform/vendor/laravel/framework/src/Illuminate/Pipeline/Pipeline.php(209): Illuminate/Cookie/Middleware/AddQueuedCookiesToResponse->handle(Object(Illuminate/Http/Request), Object(Closure))
#21 D:/laragon/www/Global Supply/supply-chain-platform/vendor/laravel/framework/src/Illuminate/Cookie/Middleware/EncryptCookies.php(75): Illuminate/Pipeline/Pipeline->Illuminate/Pipeline/{closure}(Object(Illuminate/Http/Request))
#22 D:/laragon/www/Global Supply/supply-chain-platform/vendor/laravel/framework/src/Illuminate/Pipeline/Pipeline.php(209): Illuminate/Cookie/Middleware/EncryptCookies->handle(Object(Illuminate/Http/Request), Object(Closure))
#23 D:/laragon/www/Global Supply/supply-chain-platform/vendor/laravel/framework/src/Illuminate/Pipeline/Pipeline.php(127): Illuminate/Pipeline/Pipeline->Illuminate/Pipeline/{closure}(Object(Illuminate/Http/Request))
#24 D:/laragon/www/Global Supply/supply-chain-platform/vendor/laravel/framework/src/Illuminate/Routing/Router.php(807): Illuminate/Pipeline/Pipeline->then(Object(Closure))
#25 D:/laragon/www/Global Supply/supply-chain-platform/vendor/laravel/framework/src/Illuminate/Routing/Router.php(786): Illuminate/Routing/Router->runRouteWithinStack(Object(Illuminate/Routing/Route), Object(Illuminate/Http/Request))
#26 D:/laragon/www/Global Supply/supply-chain-platform/vendor/laravel/framework/src/Illuminate/Routing/Router.php(750): Illuminate/Routing/Router->runRoute(Object(Illuminate/Http/Request), Object(Illuminate/Routing/Route))
#27 D:/laragon/www/Global Supply/supply-chain-platform/vendor/laravel/framework/src/Illuminate/Routing/Router.php(739): Illuminate/Routing/Router->dispatchToRoute(Object(Illuminate/Http/Request))
#28 D:/laragon/www/Global Supply/supply-chain-platform/vendor/laravel/framework/src/Illuminate/Foundation/Http/Kernel.php(201): Illuminate/Routing/Router->dispatch(Object(Illuminate/Http/Request))
#29 D:/laragon/www/Global Supply/supply-chain-platform/vendor/laravel/framework/src/Illuminate/Pipeline/Pipeline.php(170): Illuminate/Foundation/Http/Kernel->Illuminate/Foundation/Http/{closure}(Object(Illuminate/Http/Request))
#30 D:/laragon/www/Global Supply/supply-chain-platform/vendor/laravel/framework/src/Illuminate/Foundation/Http/Middleware/TransformsRequest.php(21): Illuminate/Pipeline/Pipeline->Illuminate/Pipeline/{closure}(Object(Illuminate/Http/Request))
#31 D:/laragon/www/Global Supply/supply-chain-platform/vendor/laravel/framework/src/Illuminate/Foundation/Http/Middleware/ConvertEmptyStringsToNull.php(31): Illuminate/Foundation/Http/Middleware/TransformsRequest->handle(Object(Illuminate/Http/Request), Object(Closure))
#32 D:/laragon/www/Global Supply/supply-chain-platform/vendor/laravel/framework/src/Illuminate/Pipeline/Pipeline.php(209): Illuminate/Foundation/Http/Middleware/ConvertEmptyStringsToNull->handle(Object(Illuminate/Http/Request), Object(Closure))
#33 D:/laragon/www/Global Supply/supply-chain-platform/vendor/laravel/framework/src/Illuminate/Foundation/Http/Middleware/TransformsRequest.php(21): Illuminate/Pipeline/Pipeline->Illuminate/Pipeline/{closure}(Object(Illuminate/Http/Request))
#34 D:/laragon/www/Global Supply/supply-chain-platform/vendor/laravel/framework/src/Illuminate/Foundation/Http/Middleware/TrimStrings.php(51): Illuminate/Foundation/Http/Middleware/TransformsRequest->handle(Object(Illuminate/Http/Request), Object(Closure))
#35 D:/laragon/www/Global Supply/supply-chain-platform/vendor/laravel/framework/src/Illuminate/Pipeline/Pipeline.php(209): Illuminate/Foundation/Http/Middleware/TrimStrings->handle(Object(Illuminate/Http/Request), Object(Closure))
#36 D:/laragon/www/Global Supply/supply-chain-platform/vendor/laravel/framework/src/Illuminate/Http/Middleware/ValidatePostSize.php(27): Illuminate/Pipeline/Pipeline->Illuminate/Pipeline/{closure}(Object(Illuminate/Http/Request))
#37 D:/laragon/www/Global Supply/supply-chain-platform/vendor/laravel/framework/src/Illuminate/Pipeline/Pipeline.php(209): Illuminate/Http/Middleware/ValidatePostSize->handle(Object(Illuminate/Http/Request), Object(Closure))
#38 D:/laragon/www/Global Supply/supply-chain-platform/vendor/laravel/framework/src/Illuminate/Foundation/Http/Middleware/PreventRequestsDuringMaintenance.php(110): Illuminate/Pipeline/Pipeline->Illuminate/Pipeline/{closure}(Object(Illuminate/Http/Request))
#39 D:/laragon/www/Global Supply/supply-chain-platform/vendor/laravel/framework/src/Illuminate/Pipeline/Pipeline.php(209): Illuminate/Foundation/Http/Middleware/PreventRequestsDuringMaintenance->handle(Object(Illuminate/Http/Request), Object(Closure))
#40 D:/laragon/www/Global Supply/supply-chain-platform/vendor/laravel/framework/src/Illuminate/Http/Middleware/HandleCors.php(49): Illuminate/Pipeline/Pipeline->Illuminate/Pipeline/{closure}(Object(Illuminate/Http/Request))
#41 D:/laragon/www/Global Supply/supply-chain-platform/vendor/laravel/framework/src/Illuminate/Pipeline/Pipeline.php(209): Illuminate/Http/Middleware/HandleCors->handle(Object(Illuminate/Http/Request), Object(Closure))
#42 D:/laragon/www/Global Supply/supply-chain-platform/vendor/laravel/framework/src/Illuminate/Http/Middleware/TrustProxies.php(58): Illuminate/Pipeline/Pipeline->Illuminate/Pipeline/{closure}(Object(Illuminate/Http/Request))
#43 D:/laragon/www/Global Supply/supply-chain-platform/vendor/laravel/framework/src/Illuminate/Pipeline/Pipeline.php(209): Illuminate/Http/Middleware/TrustProxies->handle(Object(Illuminate/Http/Request), Object(Closure))
#44 D:/laragon/www/Global Supply/supply-chain-platform/vendor/laravel/framework/src/Illuminate/Foundation/Http/Middleware/InvokeDeferredCallbacks.php(22): Illuminate/Pipeline/Pipeline->Illuminate/Pipeline/{closure}(Object(Illuminate/Http/Request))
#45 D:/laragon/www/Global Supply/supply-chain-platform/vendor/laravel/framework/src/Illuminate/Pipeline/Pipeline.php(209): Illuminate/Foundation/Http/Middleware/InvokeDeferredCallbacks->handle(Object(Illuminate/Http/Request), Object(Closure))
#46 D:/laragon/www/Global Supply/supply-chain-platform/vendor/laravel/framework/src/Illuminate/Pipeline/Pipeline.php(127): Illuminate/Pipeline/Pipeline->Illuminate/Pipeline/{closure}(Object(Illuminate/Http/Request))
#47 D:/laragon/www/Global Supply/supply-chain-platform/vendor/laravel/framework/src/Illuminate/Foundation/Http/Kernel.php(176): Illuminate/Pipeline/Pipeline->then(Object(Closure))
#48 D:/laragon/www/Global Supply/supply-chain-platform/vendor/laravel/framework/src/Illuminate/Foundation/Http/Kernel.php(145): Illuminate/Foundation/Http/Kernel->sendRequestThroughRouter(Object(Illuminate/Http/Request))
#49 D:/laragon/www/Global Supply/supply-chain-platform/vendor/laravel/framework/src/Illuminate/Foundation/Application.php(1220): Illuminate/Foundation/Http/Kernel->handle(Object(Illuminate/Http/Request))
#50 D:/laragon/www/Global Supply/supply-chain-platform/public/index.php(20): Illuminate/Foundation/Application->handleRequest(Object(Illuminate/Http/Request))
#51 D:/laragon/www/Global Supply/supply-chain-platform/vendor/laravel/framework/src/Illuminate/Foundation/resources/server.php(23): require_once('D://laragon//www//...')
#52 {main}
"} 
[2026-07-13 23:23:12] local.ERROR: Class "App\Services\Log" not found {"userId":2,"exception":"[object] (Error(code: 0): Class \"App\\Services\\Log\" not found at D:/laragon/www/Global Supply/supply-chain-platform/app/Services/ExchangeRateService.php:54)
[stacktrace]
#0 D:/laragon/www/Global Supply/supply-chain-platform/vendor/laravel/framework/src/Illuminate/Cache/Repository.php(427): App/Services/ExchangeRateService->App/Services/{closure}()
#1 D:/laragon/www/Global Supply/supply-chain-platform/vendor/laravel/framework/src/Illuminate/Cache/CacheManager.php(453): Illuminate/Cache/Repository->remember('exchange_rates_...', Object(Illuminate/Support/Carbon), Object(Closure))
#2 D:/laragon/www/Global Supply/supply-chain-platform/vendor/laravel/framework/src/Illuminate/Support/Facades/Facade.php(361): Illuminate/Cache/CacheManager->__call('remember', Array)
#3 D:/laragon/www/Global Supply/supply-chain-platform/app/Services/ExchangeRateService.php(34): Illuminate/Support/Facades/Facade::__callStatic('remember', Array)
#4 D:/laragon/www/Global Supply/supply-chain-platform/app/Http/Controllers/CurrencyController.php(17): App/Services/ExchangeRateService->getRates('USD')
#5 D:/laragon/www/Global Supply/supply-chain-platform/vendor/laravel/framework/src/Illuminate/Routing/ControllerDispatcher.php(47): App/Http/Controllers/CurrencyController->index(Object(Illuminate/Http/Request))
#6 D:/laragon/www/Global Supply/supply-chain-platform/vendor/laravel/framework/src/Illuminate/Routing/Route.php(266): Illuminate/Routing/ControllerDispatcher->dispatch(Object(Illuminate/Routing/Route), Object(App/Http/Controllers/CurrencyController), 'index')
#7 D:/laragon/www/Global Supply/supply-chain-platform/vendor/laravel/framework/src/Illuminate/Routing/Route.php(212): Illuminate/Routing/Route->runController()
#8 D:/laragon/www/Global Supply/supply-chain-platform/vendor/laravel/framework/src/Illuminate/Routing/Router.php(808): Illuminate/Routing/Route->run()
#9 D:/laragon/www/Global Supply/supply-chain-platform/vendor/laravel/framework/src/Illuminate/Pipeline/Pipeline.php(170): Illuminate/Routing/Router->Illuminate/Routing/{closure}(Object(Illuminate/Http/Request))
#10 D:/laragon/www/Global Supply/supply-chain-platform/vendor/laravel/framework/src/Illuminate/Routing/Middleware/SubstituteBindings.php(51): Illuminate/Pipeline/Pipeline->Illuminate/Pipeline/{closure}(Object(Illuminate/Http/Request))
#11 D:/laragon/www/Global Supply/supply-chain-platform/vendor/laravel/framework/src/Illuminate/Pipeline/Pipeline.php(209): Illuminate/Routing/Middleware/SubstituteBindings->handle(Object(Illuminate/Http/Request), Object(Closure))
#12 D:/laragon/www/Global Supply/supply-chain-platform/vendor/laravel/framework/src/Illuminate/Auth/Middleware/Authenticate.php(64): Illuminate/Pipeline/Pipeline->Illuminate/Pipeline/{closure}(Object(Illuminate/Http/Request))
#13 D:/laragon/www/Global Supply/supply-chain-platform/vendor/laravel/framework/src/Illuminate/Pipeline/Pipeline.php(209): Illuminate/Auth/Middleware/Authenticate->handle(Object(Illuminate/Http/Request), Object(Closure))
#14 D:/laragon/www/Global Supply/supply-chain-platform/vendor/laravel/framework/src/Illuminate/Foundation/Http/Middleware/VerifyCsrfToken.php(88): Illuminate/Pipeline/Pipeline->Illuminate/Pipeline/{closure}(Object(Illuminate/Http/Request))
#15 D:/laragon/www/Global Supply/supply-chain-platform/vendor/laravel/framework/src/Illuminate/Pipeline/Pipeline.php(209): Illuminate/Foundation/Http/Middleware/VerifyCsrfToken->handle(Object(Illuminate/Http/Request), Object(Closure))
#16 D:/laragon/www/Global Supply/supply-chain-platform/vendor/laravel/framework/src/Illuminate/View/Middleware/ShareErrorsFromSession.php(49): Illuminate/Pipeline/Pipeline->Illuminate/Pipeline/{closure}(Object(Illuminate/Http/Request))
#17 D:/laragon/www/Global Supply/supply-chain-platform/vendor/laravel/framework/src/Illuminate/Pipeline/Pipeline.php(209): Illuminate/View/Middleware/ShareErrorsFromSession->handle(Object(Illuminate/Http/Request), Object(Closure))
#18 D:/laragon/www/Global Supply/supply-chain-platform/vendor/laravel/framework/src/Illuminate/Session/Middleware/StartSession.php(121): Illuminate/Pipeline/Pipeline->Illuminate/Pipeline/{closure}(Object(Illuminate/Http/Request))
#19 D:/laragon/www/Global Supply/supply-chain-platform/vendor/laravel/framework/src/Illuminate/Session/Middleware/StartSession.php(64): Illuminate/Session/Middleware/StartSession->handleStatefulRequest(Object(Illuminate/Http/Request), Object(Illuminate/Session/Store), Object(Closure))
#20 D:/laragon/www/Global Supply/supply-chain-platform/vendor/laravel/framework/src/Illuminate/Pipeline/Pipeline.php(209): Illuminate/Session/Middleware/StartSession->handle(Object(Illuminate/Http/Request), Object(Closure))
#21 D:/laragon/www/Global Supply/supply-chain-platform/vendor/laravel/framework/src/Illuminate/Cookie/Middleware/AddQueuedCookiesToResponse.php(37): Illuminate/Pipeline/Pipeline->Illuminate/Pipeline/{closure}(Object(Illuminate/Http/Request))
#22 D:/laragon/www/Global Supply/supply-chain-platform/vendor/laravel/framework/src/Illuminate/Pipeline/Pipeline.php(209): Illuminate/Cookie/Middleware/AddQueuedCookiesToResponse->handle(Object(Illuminate/Http/Request), Object(Closure))
#23 D:/laragon/www/Global Supply/supply-chain-platform/vendor/laravel/framework/src/Illuminate/Cookie/Middleware/EncryptCookies.php(75): Illuminate/Pipeline/Pipeline->Illuminate/Pipeline/{closure}(Object(Illuminate/Http/Request))
#24 D:/laragon/www/Global Supply/supply-chain-platform/vendor/laravel/framework/src/Illuminate/Pipeline/Pipeline.php(209): Illuminate/Cookie/Middleware/EncryptCookies->handle(Object(Illuminate/Http/Request), Object(Closure))
#25 D:/laragon/www/Global Supply/supply-chain-platform/vendor/laravel/framework/src/Illuminate/Pipeline/Pipeline.php(127): Illuminate/Pipeline/Pipeline->Illuminate/Pipeline/{closure}(Object(Illuminate/Http/Request))
#26 D:/laragon/www/Global Supply/supply-chain-platform/vendor/laravel/framework/src/Illuminate/Routing/Router.php(807): Illuminate/Pipeline/Pipeline->then(Object(Closure))
#27 D:/laragon/www/Global Supply/supply-chain-platform/vendor/laravel/framework/src/Illuminate/Routing/Router.php(786): Illuminate/Routing/Router->runRouteWithinStack(Object(Illuminate/Routing/Route), Object(Illuminate/Http/Request))
#28 D:/laragon/www/Global Supply/supply-chain-platform/vendor/laravel/framework/src/Illuminate/Routing/Router.php(750): Illuminate/Routing/Router->runRoute(Object(Illuminate/Http/Request), Object(Illuminate/Routing/Route))
#29 D:/laragon/www/Global Supply/supply-chain-platform/vendor/laravel/framework/src/Illuminate/Routing/Router.php(739): Illuminate/Routing/Router->dispatchToRoute(Object(Illuminate/Http/Request))
#30 D:/laragon/www/Global Supply/supply-chain-platform/vendor/laravel/framework/src/Illuminate/Foundation/Http/Kernel.php(201): Illuminate/Routing/Router->dispatch(Object(Illuminate/Http/Request))
#31 D:/laragon/www/Global Supply/supply-chain-platform/vendor/laravel/framework/src/Illuminate/Pipeline/Pipeline.php(170): Illuminate/Foundation/Http/Kernel->Illuminate/Foundation/Http/{closure}(Object(Illuminate/Http/Request))
#32 D:/laragon/www/Global Supply/supply-chain-platform/vendor/laravel/framework/src/Illuminate/Foundation/Http/Middleware/TransformsRequest.php(21): Illuminate/Pipeline/Pipeline->Illuminate/Pipeline/{closure}(Object(Illuminate/Http/Request))
#33 D:/laragon/www/Global Supply/supply-chain-platform/vendor/laravel/framework/src/Illuminate/Foundation/Http/Middleware/ConvertEmptyStringsToNull.php(31): Illuminate/Foundation/Http/Middleware/TransformsRequest->handle(Object(Illuminate/Http/Request), Object(Closure))
#34 D:/laragon/www/Global Supply/supply-chain-platform/vendor/laravel/framework/src/Illuminate/Pipeline/Pipeline.php(209): Illuminate/Foundation/Http/Middleware/ConvertEmptyStringsToNull->handle(Object(Illuminate/Http/Request), Object(Closure))
#35 D:/laragon/www/Global Supply/supply-chain-platform/vendor/laravel/framework/src/Illuminate/Foundation/Http/Middleware/TransformsRequest.php(21): Illuminate/Pipeline/Pipeline->Illuminate/Pipeline/{closure}(Object(Illuminate/Http/Request))
#36 D:/laragon/www/Global Supply/supply-chain-platform/vendor/laravel/framework/src/Illuminate/Foundation/Http/Middleware/TrimStrings.php(51): Illuminate/Foundation/Http/Middleware/TransformsRequest->handle(Object(Illuminate/Http/Request), Object(Closure))
#37 D:/laragon/www/Global Supply/supply-chain-platform/vendor/laravel/framework/src/Illuminate/Pipeline/Pipeline.php(209): Illuminate/Foundation/Http/Middleware/TrimStrings->handle(Object(Illuminate/Http/Request), Object(Closure))
#38 D:/laragon/www/Global Supply/supply-chain-platform/vendor/laravel/framework/src/Illuminate/Http/Middleware/ValidatePostSize.php(27): Illuminate/Pipeline/Pipeline->Illuminate/Pipeline/{closure}(Object(Illuminate/Http/Request))
#39 D:/laragon/www/Global Supply/supply-chain-platform/vendor/laravel/framework/src/Illuminate/Pipeline/Pipeline.php(209): Illuminate/Http/Middleware/ValidatePostSize->handle(Object(Illuminate/Http/Request), Object(Closure))
#40 D:/laragon/www/Global Supply/supply-chain-platform/vendor/laravel/framework/src/Illuminate/Foundation/Http/Middleware/PreventRequestsDuringMaintenance.php(110): Illuminate/Pipeline/Pipeline->Illuminate/Pipeline/{closure}(Object(Illuminate/Http/Request))
#41 D:/laragon/www/Global Supply/supply-chain-platform/vendor/laravel/framework/src/Illuminate/Pipeline/Pipeline.php(209): Illuminate/Foundation/Http/Middleware/PreventRequestsDuringMaintenance->handle(Object(Illuminate/Http/Request), Object(Closure))
#42 D:/laragon/www/Global Supply/supply-chain-platform/vendor/laravel/framework/src/Illuminate/Http/Middleware/HandleCors.php(49): Illuminate/Pipeline/Pipeline->Illuminate/Pipeline/{closure}(Object(Illuminate/Http/Request))
#43 D:/laragon/www/Global Supply/supply-chain-platform/vendor/laravel/framework/src/Illuminate/Pipeline/Pipeline.php(209): Illuminate/Http/Middleware/HandleCors->handle(Object(Illuminate/Http/Request), Object(Closure))
#44 D:/laragon/www/Global Supply/supply-chain-platform/vendor/laravel/framework/src/Illuminate/Http/Middleware/TrustProxies.php(58): Illuminate/Pipeline/Pipeline->Illuminate/Pipeline/{closure}(Object(Illuminate/Http/Request))
#45 D:/laragon/www/Global Supply/supply-chain-platform/vendor/laravel/framework/src/Illuminate/Pipeline/Pipeline.php(209): Illuminate/Http/Middleware/TrustProxies->handle(Object(Illuminate/Http/Request), Object(Closure))
#46 D:/laragon/www/Global Supply/supply-chain-platform/vendor/laravel/framework/src/Illuminate/Foundation/Http/Middleware/InvokeDeferredCallbacks.php(22): Illuminate/Pipeline/Pipeline->Illuminate/Pipeline/{closure}(Object(Illuminate/Http/Request))
#47 D:/laragon/www/Global Supply/supply-chain-platform/vendor/laravel/framework/src/Illuminate/Pipeline/Pipeline.php(209): Illuminate/Foundation/Http/Middleware/InvokeDeferredCallbacks->handle(Object(Illuminate/Http/Request), Object(Closure))
#48 D:/laragon/www/Global Supply/supply-chain-platform/vendor/laravel/framework/src/Illuminate/Pipeline/Pipeline.php(127): Illuminate/Pipeline/Pipeline->Illuminate/Pipeline/{closure}(Object(Illuminate/Http/Request))
#49 D:/laragon/www/Global Supply/supply-chain-platform/vendor/laravel/framework/src/Illuminate/Foundation/Http/Kernel.php(176): Illuminate/Pipeline/Pipeline->then(Object(Closure))
#50 D:/laragon/www/Global Supply/supply-chain-platform/vendor/laravel/framework/src/Illuminate/Foundation/Http/Kernel.php(145): Illuminate/Foundation/Http/Kernel->sendRequestThroughRouter(Object(Illuminate/Http/Request))
#51 D:/laragon/www/Global Supply/supply-chain-platform/vendor/laravel/framework/src/Illuminate/Foundation/Application.php(1220): Illuminate/Foundation/Http/Kernel->handle(Object(Illuminate/Http/Request))
#52 D:/laragon/www/Global Supply/supply-chain-platform/public/index.php(20): Illuminate/Foundation/Application->handleRequest(Object(Illuminate/Http/Request))
#53 D:/laragon/www/Global Supply/supply-chain-platform/vendor/laravel/framework/src/Illuminate/Foundation/resources/server.php(23): require_once('D://laragon//www//...')
#54 {main}
"} 
[2026-07-13 23:23:54] local.WARNING: [exchangerate] HTTP 404 → https://v6.exchangerate-api.com/v6/your_exchangerate_api_key_here/latest/USD  
[2026-07-13 23:23:56] local.WARNING: [exchangerate] HTTP 404 → https://v6.exchangerate-api.com/v6/your_exchangerate_api_key_here/latest/USD  
[2026-07-13 23:23:56] local.WARNING: [exchangerate] HTTP 404 → https://v6.exchangerate-api.com/v6/your_exchangerate_api_key_here/latest/USD  
[2026-07-13 23:28:58] local.WARNING: [exchangerate] HTTP 404 → https://v6.exchangerate-api.com/v6/your_exchangerate_api_key_here/latest/USD  
[2026-07-13 23:29:01] local.WARNING: [exchangerate] HTTP 404 → https://v6.exchangerate-api.com/v6/your_exchangerate_api_key_here/latest/USD  
[2026-07-13 23:29:02] local.WARNING: [exchangerate] HTTP 404 → https://v6.exchangerate-api.com/v6/your_exchangerate_api_key_here/latest/USD  
[2026-07-13 23:30:47] local.WARNING: [exchangerate] HTTP 404 → https://v6.exchangerate-api.com/v6/your_exchangerate_api_key_here/latest/USD  
[2026-07-13 23:31:07] local.WARNING: [exchangerate] HTTP 404 → https://v6.exchangerate-api.com/v6/your_exchangerate_api_key_here/latest/USD  
[2026-07-13 23:31:09] local.WARNING: [exchangerate] HTTP 404 → https://v6.exchangerate-api.com/v6/your_exchangerate_api_key_here/latest/USD  
[2026-07-13 23:31:10] local.WARNING: [exchangerate] HTTP 404 → https://v6.exchangerate-api.com/v6/your_exchangerate_api_key_here/latest/USD  
[2026-07-13 23:31:18] local.WARNING: [exchangerate] HTTP 404 → https://v6.exchangerate-api.com/v6/your_exchangerate_api_key_here/latest/EUR  
[2026-07-13 23:31:20] local.WARNING: [exchangerate] HTTP 404 → https://v6.exchangerate-api.com/v6/your_exchangerate_api_key_here/latest/USD  
[2026-07-13 23:31:20] local.WARNING: [exchangerate] HTTP 404 → https://v6.exchangerate-api.com/v6/your_exchangerate_api_key_here/latest/USD  
[2026-07-13 23:35:11] local.ERROR: number_format(): Argument #1 ($num) must be of type int|float, array given {"userId":2,"exception":"[object] (Spatie\\LaravelIgnition\\Exceptions\\ViewException(code: 0): number_format(): Argument #1 ($num) must be of type int|float, array given at D:/laragon/www/Global Supply/supply-chain-platform/resources/views/currency/index.blade.php:66)
[stacktrace]
#0 D:/laragon/www/Global Supply/supply-chain-platform/vendor/laravel/framework/src/Illuminate/Filesystem/Filesystem.php(123): require('D://laragon//www//...')
#1 D:/laragon/www/Global Supply/supply-chain-platform/vendor/laravel/framework/src/Illuminate/Filesystem/Filesystem.php(124): Illuminate/Filesystem/Filesystem::Illuminate/Filesystem/{closure}()
#2 D:/laragon/www/Global Supply/supply-chain-platform/vendor/laravel/framework/src/Illuminate/View/Engines/PhpEngine.php(58): Illuminate/Filesystem/Filesystem->getRequire('D://laragon//www//...', Array)
#3 D:/laragon/www/Global Supply/supply-chain-platform/vendor/laravel/framework/src/Illuminate/View/Engines/CompilerEngine.php(75): Illuminate/View/Engines/PhpEngine->evaluatePath('D://laragon//www//...', Array)
#4 D:/laragon/www/Global Supply/supply-chain-platform/vendor/laravel/framework/src/Illuminate/View/View.php(209): Illuminate/View/Engines/CompilerEngine->get('D://laragon//www//...', Array)
#5 D:/laragon/www/Global Supply/supply-chain-platform/vendor/laravel/framework/src/Illuminate/View/View.php(192): Illuminate/View/View->getContents()
#6 D:/laragon/www/Global Supply/supply-chain-platform/vendor/laravel/framework/src/Illuminate/View/View.php(161): Illuminate/View/View->renderContents()
#7 D:/laragon/www/Global Supply/supply-chain-platform/vendor/laravel/framework/src/Illuminate/Http/Response.php(79): Illuminate/View/View->render()
#8 D:/laragon/www/Global Supply/supply-chain-platform/vendor/laravel/framework/src/Illuminate/Http/Response.php(35): Illuminate/Http/Response->setContent(Object(Illuminate/View/View))
#9 D:/laragon/www/Global Supply/supply-chain-platform/vendor/laravel/framework/src/Illuminate/Routing/Router.php(920): Illuminate/Http/Response->__construct(Object(Illuminate/View/View), 200, Array)
#10 D:/laragon/www/Global Supply/supply-chain-platform/vendor/laravel/framework/src/Illuminate/Routing/Router.php(887): Illuminate/Routing/Router::toResponse(Object(Illuminate/Http/Request), Object(Illuminate/View/View))
#11 D:/laragon/www/Global Supply/supply-chain-platform/vendor/laravel/framework/src/Illuminate/Routing/Router.php(807): Illuminate/Routing/Router->prepareResponse(Object(Illuminate/Http/Request), Object(Illuminate/View/View))
#12 D:/laragon/www/Global Supply/supply-chain-platform/vendor/laravel/framework/src/Illuminate/Pipeline/Pipeline.php(170): Illuminate/Routing/Router->Illuminate/Routing/{closure}(Object(Illuminate/Http/Request))
#13 D:/laragon/www/Global Supply/supply-chain-platform/vendor/laravel/framework/src/Illuminate/Routing/Middleware/SubstituteBindings.php(51): Illuminate/Pipeline/Pipeline->Illuminate/Pipeline/{closure}(Object(Illuminate/Http/Request))
#14 D:/laragon/www/Global Supply/supply-chain-platform/vendor/laravel/framework/src/Illuminate/Pipeline/Pipeline.php(209): Illuminate/Routing/Middleware/SubstituteBindings->handle(Object(Illuminate/Http/Request), Object(Closure))
#15 D:/laragon/www/Global Supply/supply-chain-platform/vendor/laravel/framework/src/Illuminate/Auth/Middleware/Authenticate.php(64): Illuminate/Pipeline/Pipeline->Illuminate/Pipeline/{closure}(Object(Illuminate/Http/Request))
#16 D:/laragon/www/Global Supply/supply-chain-platform/vendor/laravel/framework/src/Illuminate/Pipeline/Pipeline.php(209): Illuminate/Auth/Middleware/Authenticate->handle(Object(Illuminate/Http/Request), Object(Closure))
#17 D:/laragon/www/Global Supply/supply-chain-platform/vendor/laravel/framework/src/Illuminate/Foundation/Http/Middleware/VerifyCsrfToken.php(88): Illuminate/Pipeline/Pipeline->Illuminate/Pipeline/{closure}(Object(Illuminate/Http/Request))
#18 D:/laragon/www/Global Supply/supply-chain-platform/vendor/laravel/framework/src/Illuminate/Pipeline/Pipeline.php(209): Illuminate/Foundation/Http/Middleware/VerifyCsrfToken->handle(Object(Illuminate/Http/Request), Object(Closure))
#19 D:/laragon/www/Global Supply/supply-chain-platform/vendor/laravel/framework/src/Illuminate/View/Middleware/ShareErrorsFromSession.php(49): Illuminate/Pipeline/Pipeline->Illuminate/Pipeline/{closure}(Object(Illuminate/Http/Request))
#20 D:/laragon/www/Global Supply/supply-chain-platform/vendor/laravel/framework/src/Illuminate/Pipeline/Pipeline.php(209): Illuminate/View/Middleware/ShareErrorsFromSession->handle(Object(Illuminate/Http/Request), Object(Closure))
#21 D:/laragon/www/Global Supply/supply-chain-platform/vendor/laravel/framework/src/Illuminate/Session/Middleware/StartSession.php(121): Illuminate/Pipeline/Pipeline->Illuminate/Pipeline/{closure}(Object(Illuminate/Http/Request))
#22 D:/laragon/www/Global Supply/supply-chain-platform/vendor/laravel/framework/src/Illuminate/Session/Middleware/StartSession.php(64): Illuminate/Session/Middleware/StartSession->handleStatefulRequest(Object(Illuminate/Http/Request), Object(Illuminate/Session/Store), Object(Closure))
#23 D:/laragon/www/Global Supply/supply-chain-platform/vendor/laravel/framework/src/Illuminate/Pipeline/Pipeline.php(209): Illuminate/Session/Middleware/StartSession->handle(Object(Illuminate/Http/Request), Object(Closure))
#24 D:/laragon/www/Global Supply/supply-chain-platform/vendor/laravel/framework/src/Illuminate/Cookie/Middleware/AddQueuedCookiesToResponse.php(37): Illuminate/Pipeline/Pipeline->Illuminate/Pipeline/{closure}(Object(Illuminate/Http/Request))
#25 D:/laragon/www/Global Supply/supply-chain-platform/vendor/laravel/framework/src/Illuminate/Pipeline/Pipeline.php(209): Illuminate/Cookie/Middleware/AddQueuedCookiesToResponse->handle(Object(Illuminate/Http/Request), Object(Closure))
#26 D:/laragon/www/Global Supply/supply-chain-platform/vendor/laravel/framework/src/Illuminate/Cookie/Middleware/EncryptCookies.php(75): Illuminate/Pipeline/Pipeline->Illuminate/Pipeline/{closure}(Object(Illuminate/Http/Request))
#27 D:/laragon/www/Global Supply/supply-chain-platform/vendor/laravel/framework/src/Illuminate/Pipeline/Pipeline.php(209): Illuminate/Cookie/Middleware/EncryptCookies->handle(Object(Illuminate/Http/Request), Object(Closure))
#28 D:/laragon/www/Global Supply/supply-chain-platform/vendor/laravel/framework/src/Illuminate/Pipeline/Pipeline.php(127): Illuminate/Pipeline/Pipeline->Illuminate/Pipeline/{closure}(Object(Illuminate/Http/Request))
#29 D:/laragon/www/Global Supply/supply-chain-platform/vendor/laravel/framework/src/Illuminate/Routing/Router.php(807): Illuminate/Pipeline/Pipeline->then(Object(Closure))
#30 D:/laragon/www/Global Supply/supply-chain-platform/vendor/laravel/framework/src/Illuminate/Routing/Router.php(786): Illuminate/Routing/Router->runRouteWithinStack(Object(Illuminate/Routing/Route), Object(Illuminate/Http/Request))
#31 D:/laragon/www/Global Supply/supply-chain-platform/vendor/laravel/framework/src/Illuminate/Routing/Router.php(750): Illuminate/Routing/Router->runRoute(Object(Illuminate/Http/Request), Object(Illuminate/Routing/Route))
#32 D:/laragon/www/Global Supply/supply-chain-platform/vendor/laravel/framework/src/Illuminate/Routing/Router.php(739): Illuminate/Routing/Router->dispatchToRoute(Object(Illuminate/Http/Request))
#33 D:/laragon/www/Global Supply/supply-chain-platform/vendor/laravel/framework/src/Illuminate/Foundation/Http/Kernel.php(201): Illuminate/Routing/Router->dispatch(Object(Illuminate/Http/Request))
#34 D:/laragon/www/Global Supply/supply-chain-platform/vendor/laravel/framework/src/Illuminate/Pipeline/Pipeline.php(170): Illuminate/Foundation/Http/Kernel->Illuminate/Foundation/Http/{closure}(Object(Illuminate/Http/Request))
#35 D:/laragon/www/Global Supply/supply-chain-platform/vendor/laravel/framework/src/Illuminate/Foundation/Http/Middleware/TransformsRequest.php(21): Illuminate/Pipeline/Pipeline->Illuminate/Pipeline/{closure}(Object(Illuminate/Http/Request))
#36 D:/laragon/www/Global Supply/supply-chain-platform/vendor/laravel/framework/src/Illuminate/Foundation/Http/Middleware/ConvertEmptyStringsToNull.php(31): Illuminate/Foundation/Http/Middleware/TransformsRequest->handle(Object(Illuminate/Http/Request), Object(Closure))
#37 D:/laragon/www/Global Supply/supply-chain-platform/vendor/laravel/framework/src/Illuminate/Pipeline/Pipeline.php(209): Illuminate/Foundation/Http/Middleware/ConvertEmptyStringsToNull->handle(Object(Illuminate/Http/Request), Object(Closure))
#38 D:/laragon/www/Global Supply/supply-chain-platform/vendor/laravel/framework/src/Illuminate/Foundation/Http/Middleware/TransformsRequest.php(21): Illuminate/Pipeline/Pipeline->Illuminate/Pipeline/{closure}(Object(Illuminate/Http/Request))
#39 D:/laragon/www/Global Supply/supply-chain-platform/vendor/laravel/framework/src/Illuminate/Foundation/Http/Middleware/TrimStrings.php(51): Illuminate/Foundation/Http/Middleware/TransformsRequest->handle(Object(Illuminate/Http/Request), Object(Closure))
#40 D:/laragon/www/Global Supply/supply-chain-platform/vendor/laravel/framework/src/Illuminate/Pipeline/Pipeline.php(209): Illuminate/Foundation/Http/Middleware/TrimStrings->handle(Object(Illuminate/Http/Request), Object(Closure))
#41 D:/laragon/www/Global Supply/supply-chain-platform/vendor/laravel/framework/src/Illuminate/Http/Middleware/ValidatePostSize.php(27): Illuminate/Pipeline/Pipeline->Illuminate/Pipeline/{closure}(Object(Illuminate/Http/Request))
#42 D:/laragon/www/Global Supply/supply-chain-platform/vendor/laravel/framework/src/Illuminate/Pipeline/Pipeline.php(209): Illuminate/Http/Middleware/ValidatePostSize->handle(Object(Illuminate/Http/Request), Object(Closure))
#43 D:/laragon/www/Global Supply/supply-chain-platform/vendor/laravel/framework/src/Illuminate/Foundation/Http/Middleware/PreventRequestsDuringMaintenance.php(110): Illuminate/Pipeline/Pipeline->Illuminate/Pipeline/{closure}(Object(Illuminate/Http/Request))
#44 D:/laragon/www/Global Supply/supply-chain-platform/vendor/laravel/framework/src/Illuminate/Pipeline/Pipeline.php(209): Illuminate/Foundation/Http/Middleware/PreventRequestsDuringMaintenance->handle(Object(Illuminate/Http/Request), Object(Closure))
#45 D:/laragon/www/Global Supply/supply-chain-platform/vendor/laravel/framework/src/Illuminate/Http/Middleware/HandleCors.php(49): Illuminate/Pipeline/Pipeline->Illuminate/Pipeline/{closure}(Object(Illuminate/Http/Request))
#46 D:/laragon/www/Global Supply/supply-chain-platform/vendor/laravel/framework/src/Illuminate/Pipeline/Pipeline.php(209): Illuminate/Http/Middleware/HandleCors->handle(Object(Illuminate/Http/Request), Object(Closure))
#47 D:/laragon/www/Global Supply/supply-chain-platform/vendor/laravel/framework/src/Illuminate/Http/Middleware/TrustProxies.php(58): Illuminate/Pipeline/Pipeline->Illuminate/Pipeline/{closure}(Object(Illuminate/Http/Request))
#48 D:/laragon/www/Global Supply/supply-chain-platform/vendor/laravel/framework/src/Illuminate/Pipeline/Pipeline.php(209): Illuminate/Http/Middleware/TrustProxies->handle(Object(Illuminate/Http/Request), Object(Closure))
#49 D:/laragon/www/Global Supply/supply-chain-platform/vendor/laravel/framework/src/Illuminate/Foundation/Http/Middleware/InvokeDeferredCallbacks.php(22): Illuminate/Pipeline/Pipeline->Illuminate/Pipeline/{closure}(Object(Illuminate/Http/Request))
#50 D:/laragon/www/Global Supply/supply-chain-platform/vendor/laravel/framework/src/Illuminate/Pipeline/Pipeline.php(209): Illuminate/Foundation/Http/Middleware/InvokeDeferredCallbacks->handle(Object(Illuminate/Http/Request), Object(Closure))
#51 D:/laragon/www/Global Supply/supply-chain-platform/vendor/laravel/framework/src/Illuminate/Pipeline/Pipeline.php(127): Illuminate/Pipeline/Pipeline->Illuminate/Pipeline/{closure}(Object(Illuminate/Http/Request))
#52 D:/laragon/www/Global Supply/supply-chain-platform/vendor/laravel/framework/src/Illuminate/Foundation/Http/Kernel.php(176): Illuminate/Pipeline/Pipeline->then(Object(Closure))
#53 D:/laragon/www/Global Supply/supply-chain-platform/vendor/laravel/framework/src/Illuminate/Foundation/Http/Kernel.php(145): Illuminate/Foundation/Http/Kernel->sendRequestThroughRouter(Object(Illuminate/Http/Request))
#54 D:/laragon/www/Global Supply/supply-chain-platform/vendor/laravel/framework/src/Illuminate/Foundation/Application.php(1220): Illuminate/Foundation/Http/Kernel->handle(Object(Illuminate/Http/Request))
#55 D:/laragon/www/Global Supply/supply-chain-platform/public/index.php(20): Illuminate/Foundation/Application->handleRequest(Object(Illuminate/Http/Request))
#56 D:/laragon/www/Global Supply/supply-chain-platform/vendor/laravel/framework/src/Illuminate/Foundation/resources/server.php(23): require_once('D://laragon//www//...')
#57 {main}

[previous exception] [object] (TypeError(code: 0): number_format(): Argument #1 ($num) must be of type int|float, array given at D:/laragon/www/Global Supply/supply-chain-platform/storage/framework/views/5f2c451ce18af83be51f48ce74aaa1b6.php:66)
[stacktrace]
#0 D:/laragon/www/Global Supply/supply-chain-platform/storage/framework/views/5f2c451ce18af83be51f48ce74aaa1b6.php(66): number_format(Array, 2)
#1 D:/laragon/www/Global Supply/supply-chain-platform/vendor/laravel/framework/src/Illuminate/Filesystem/Filesystem.php(123): require('D://laragon//www//...')
#2 D:/laragon/www/Global Supply/supply-chain-platform/vendor/laravel/framework/src/Illuminate/Filesystem/Filesystem.php(124): Illuminate/Filesystem/Filesystem::Illuminate/Filesystem/{closure}()
#3 D:/laragon/www/Global Supply/supply-chain-platform/vendor/laravel/framework/src/Illuminate/View/Engines/PhpEngine.php(58): Illuminate/Filesystem/Filesystem->getRequire('D://laragon//www//...', Array)
#4 D:/laragon/www/Global Supply/supply-chain-platform/vendor/laravel/framework/src/Illuminate/View/Engines/CompilerEngine.php(75): Illuminate/View/Engines/PhpEngine->evaluatePath('D://laragon//www//...', Array)
#5 D:/laragon/www/Global Supply/supply-chain-platform/vendor/laravel/framework/src/Illuminate/View/View.php(209): Illuminate/View/Engines/CompilerEngine->get('D://laragon//www//...', Array)
#6 D:/laragon/www/Global Supply/supply-chain-platform/vendor/laravel/framework/src/Illuminate/View/View.php(192): Illuminate/View/View->getContents()
#7 D:/laragon/www/Global Supply/supply-chain-platform/vendor/laravel/framework/src/Illuminate/View/View.php(161): Illuminate/View/View->renderContents()
#8 D:/laragon/www/Global Supply/supply-chain-platform/vendor/laravel/framework/src/Illuminate/Http/Response.php(79): Illuminate/View/View->render()
#9 D:/laragon/www/Global Supply/supply-chain-platform/vendor/laravel/framework/src/Illuminate/Http/Response.php(35): Illuminate/Http/Response->setContent(Object(Illuminate/View/View))
#10 D:/laragon/www/Global Supply/supply-chain-platform/vendor/laravel/framework/src/Illuminate/Routing/Router.php(920): Illuminate/Http/Response->__construct(Object(Illuminate/View/View), 200, Array)
#11 D:/laragon/www/Global Supply/supply-chain-platform/vendor/laravel/framework/src/Illuminate/Routing/Router.php(887): Illuminate/Routing/Router::toResponse(Object(Illuminate/Http/Request), Object(Illuminate/View/View))
#12 D:/laragon/www/Global Supply/supply-chain-platform/vendor/laravel/framework/src/Illuminate/Routing/Router.php(807): Illuminate/Routing/Router->prepareResponse(Object(Illuminate/Http/Request), Object(Illuminate/View/View))
#13 D:/laragon/www/Global Supply/supply-chain-platform/vendor/laravel/framework/src/Illuminate/Pipeline/Pipeline.php(170): Illuminate/Routing/Router->Illuminate/Routing/{closure}(Object(Illuminate/Http/Request))
#14 D:/laragon/www/Global Supply/supply-chain-platform/vendor/laravel/framework/src/Illuminate/Routing/Middleware/SubstituteBindings.php(51): Illuminate/Pipeline/Pipeline->Illuminate/Pipeline/{closure}(Object(Illuminate/Http/Request))
#15 D:/laragon/www/Global Supply/supply-chain-platform/vendor/laravel/framework/src/Illuminate/Pipeline/Pipeline.php(209): Illuminate/Routing/Middleware/SubstituteBindings->handle(Object(Illuminate/Http/Request), Object(Closure))
#16 D:/laragon/www/Global Supply/supply-chain-platform/vendor/laravel/framework/src/Illuminate/Auth/Middleware/Authenticate.php(64): Illuminate/Pipeline/Pipeline->Illuminate/Pipeline/{closure}(Object(Illuminate/Http/Request))
#17 D:/laragon/www/Global Supply/supply-chain-platform/vendor/laravel/framework/src/Illuminate/Pipeline/Pipeline.php(209): Illuminate/Auth/Middleware/Authenticate->handle(Object(Illuminate/Http/Request), Object(Closure))
#18 D:/laragon/www/Global Supply/supply-chain-platform/vendor/laravel/framework/src/Illuminate/Foundation/Http/Middleware/VerifyCsrfToken.php(88): Illuminate/Pipeline/Pipeline->Illuminate/Pipeline/{closure}(Object(Illuminate/Http/Request))
#19 D:/laragon/www/Global Supply/supply-chain-platform/vendor/laravel/framework/src/Illuminate/Pipeline/Pipeline.php(209): Illuminate/Foundation/Http/Middleware/VerifyCsrfToken->handle(Object(Illuminate/Http/Request), Object(Closure))
#20 D:/laragon/www/Global Supply/supply-chain-platform/vendor/laravel/framework/src/Illuminate/View/Middleware/ShareErrorsFromSession.php(49): Illuminate/Pipeline/Pipeline->Illuminate/Pipeline/{closure}(Object(Illuminate/Http/Request))
#21 D:/laragon/www/Global Supply/supply-chain-platform/vendor/laravel/framework/src/Illuminate/Pipeline/Pipeline.php(209): Illuminate/View/Middleware/ShareErrorsFromSession->handle(Object(Illuminate/Http/Request), Object(Closure))
#22 D:/laragon/www/Global Supply/supply-chain-platform/vendor/laravel/framework/src/Illuminate/Session/Middleware/StartSession.php(121): Illuminate/Pipeline/Pipeline->Illuminate/Pipeline/{closure}(Object(Illuminate/Http/Request))
#23 D:/laragon/www/Global Supply/supply-chain-platform/vendor/laravel/framework/src/Illuminate/Session/Middleware/StartSession.php(64): Illuminate/Session/Middleware/StartSession->handleStatefulRequest(Object(Illuminate/Http/Request), Object(Illuminate/Session/Store), Object(Closure))
#24 D:/laragon/www/Global Supply/supply-chain-platform/vendor/laravel/framework/src/Illuminate/Pipeline/Pipeline.php(209): Illuminate/Session/Middleware/StartSession->handle(Object(Illuminate/Http/Request), Object(Closure))
#25 D:/laragon/www/Global Supply/supply-chain-platform/vendor/laravel/framework/src/Illuminate/Cookie/Middleware/AddQueuedCookiesToResponse.php(37): Illuminate/Pipeline/Pipeline->Illuminate/Pipeline/{closure}(Object(Illuminate/Http/Request))
#26 D:/laragon/www/Global Supply/supply-chain-platform/vendor/laravel/framework/src/Illuminate/Pipeline/Pipeline.php(209): Illuminate/Cookie/Middleware/AddQueuedCookiesToResponse->handle(Object(Illuminate/Http/Request), Object(Closure))
#27 D:/laragon/www/Global Supply/supply-chain-platform/vendor/laravel/framework/src/Illuminate/Cookie/Middleware/EncryptCookies.php(75): Illuminate/Pipeline/Pipeline->Illuminate/Pipeline/{closure}(Object(Illuminate/Http/Request))
#28 D:/laragon/www/Global Supply/supply-chain-platform/vendor/laravel/framework/src/Illuminate/Pipeline/Pipeline.php(209): Illuminate/Cookie/Middleware/EncryptCookies->handle(Object(Illuminate/Http/Request), Object(Closure))
#29 D:/laragon/www/Global Supply/supply-chain-platform/vendor/laravel/framework/src/Illuminate/Pipeline/Pipeline.php(127): Illuminate/Pipeline/Pipeline->Illuminate/Pipeline/{closure}(Object(Illuminate/Http/Request))
#30 D:/laragon/www/Global Supply/supply-chain-platform/vendor/laravel/framework/src/Illuminate/Routing/Router.php(807): Illuminate/Pipeline/Pipeline->then(Object(Closure))
#31 D:/laragon/www/Global Supply/supply-chain-platform/vendor/laravel/framework/src/Illuminate/Routing/Router.php(786): Illuminate/Routing/Router->runRouteWithinStack(Object(Illuminate/Routing/Route), Object(Illuminate/Http/Request))
#32 D:/laragon/www/Global Supply/supply-chain-platform/vendor/laravel/framework/src/Illuminate/Routing/Router.php(750): Illuminate/Routing/Router->runRoute(Object(Illuminate/Http/Request), Object(Illuminate/Routing/Route))
#33 D:/laragon/www/Global Supply/supply-chain-platform/vendor/laravel/framework/src/Illuminate/Routing/Router.php(739): Illuminate/Routing/Router->dispatchToRoute(Object(Illuminate/Http/Request))
#34 D:/laragon/www/Global Supply/supply-chain-platform/vendor/laravel/framework/src/Illuminate/Foundation/Http/Kernel.php(201): Illuminate/Routing/Router->dispatch(Object(Illuminate/Http/Request))
#35 D:/laragon/www/Global Supply/supply-chain-platform/vendor/laravel/framework/src/Illuminate/Pipeline/Pipeline.php(170): Illuminate/Foundation/Http/Kernel->Illuminate/Foundation/Http/{closure}(Object(Illuminate/Http/Request))
#36 D:/laragon/www/Global Supply/supply-chain-platform/vendor/laravel/framework/src/Illuminate/Foundation/Http/Middleware/TransformsRequest.php(21): Illuminate/Pipeline/Pipeline->Illuminate/Pipeline/{closure}(Object(Illuminate/Http/Request))
#37 D:/laragon/www/Global Supply/supply-chain-platform/vendor/laravel/framework/src/Illuminate/Foundation/Http/Middleware/ConvertEmptyStringsToNull.php(31): Illuminate/Foundation/Http/Middleware/TransformsRequest->handle(Object(Illuminate/Http/Request), Object(Closure))
#38 D:/laragon/www/Global Supply/supply-chain-platform/vendor/laravel/framework/src/Illuminate/Pipeline/Pipeline.php(209): Illuminate/Foundation/Http/Middleware/ConvertEmptyStringsToNull->handle(Object(Illuminate/Http/Request), Object(Closure))
#39 D:/laragon/www/Global Supply/supply-chain-platform/vendor/laravel/framework/src/Illuminate/Foundation/Http/Middleware/TransformsRequest.php(21): Illuminate/Pipeline/Pipeline->Illuminate/Pipeline/{closure}(Object(Illuminate/Http/Request))
#40 D:/laragon/www/Global Supply/supply-chain-platform/vendor/laravel/framework/src/Illuminate/Foundation/Http/Middleware/TrimStrings.php(51): Illuminate/Foundation/Http/Middleware/TransformsRequest->handle(Object(Illuminate/Http/Request), Object(Closure))
#41 D:/laragon/www/Global Supply/supply-chain-platform/vendor/laravel/framework/src/Illuminate/Pipeline/Pipeline.php(209): Illuminate/Foundation/Http/Middleware/TrimStrings->handle(Object(Illuminate/Http/Request), Object(Closure))
#42 D:/laragon/www/Global Supply/supply-chain-platform/vendor/laravel/framework/src/Illuminate/Http/Middleware/ValidatePostSize.php(27): Illuminate/Pipeline/Pipeline->Illuminate/Pipeline/{closure}(Object(Illuminate/Http/Request))
#43 D:/laragon/www/Global Supply/supply-chain-platform/vendor/laravel/framework/src/Illuminate/Pipeline/Pipeline.php(209): Illuminate/Http/Middleware/ValidatePostSize->handle(Object(Illuminate/Http/Request), Object(Closure))
#44 D:/laragon/www/Global Supply/supply-chain-platform/vendor/laravel/framework/src/Illuminate/Foundation/Http/Middleware/PreventRequestsDuringMaintenance.php(110): Illuminate/Pipeline/Pipeline->Illuminate/Pipeline/{closure}(Object(Illuminate/Http/Request))
#45 D:/laragon/www/Global Supply/supply-chain-platform/vendor/laravel/framework/src/Illuminate/Pipeline/Pipeline.php(209): Illuminate/Foundation/Http/Middleware/PreventRequestsDuringMaintenance->handle(Object(Illuminate/Http/Request), Object(Closure))
#46 D:/laragon/www/Global Supply/supply-chain-platform/vendor/laravel/framework/src/Illuminate/Http/Middleware/HandleCors.php(49): Illuminate/Pipeline/Pipeline->Illuminate/Pipeline/{closure}(Object(Illuminate/Http/Request))
#47 D:/laragon/www/Global Supply/supply-chain-platform/vendor/laravel/framework/src/Illuminate/Pipeline/Pipeline.php(209): Illuminate/Http/Middleware/HandleCors->handle(Object(Illuminate/Http/Request), Object(Closure))
#48 D:/laragon/www/Global Supply/supply-chain-platform/vendor/laravel/framework/src/Illuminate/Http/Middleware/TrustProxies.php(58): Illuminate/Pipeline/Pipeline->Illuminate/Pipeline/{closure}(Object(Illuminate/Http/Request))
#49 D:/laragon/www/Global Supply/supply-chain-platform/vendor/laravel/framework/src/Illuminate/Pipeline/Pipeline.php(209): Illuminate/Http/Middleware/TrustProxies->handle(Object(Illuminate/Http/Request), Object(Closure))
#50 D:/laragon/www/Global Supply/supply-chain-platform/vendor/laravel/framework/src/Illuminate/Foundation/Http/Middleware/InvokeDeferredCallbacks.php(22): Illuminate/Pipeline/Pipeline->Illuminate/Pipeline/{closure}(Object(Illuminate/Http/Request))
#51 D:/laragon/www/Global Supply/supply-chain-platform/vendor/laravel/framework/src/Illuminate/Pipeline/Pipeline.php(209): Illuminate/Foundation/Http/Middleware/InvokeDeferredCallbacks->handle(Object(Illuminate/Http/Request), Object(Closure))
#52 D:/laragon/www/Global Supply/supply-chain-platform/vendor/laravel/framework/src/Illuminate/Pipeline/Pipeline.php(127): Illuminate/Pipeline/Pipeline->Illuminate/Pipeline/{closure}(Object(Illuminate/Http/Request))
#53 D:/laragon/www/Global Supply/supply-chain-platform/vendor/laravel/framework/src/Illuminate/Foundation/Http/Kernel.php(176): Illuminate/Pipeline/Pipeline->then(Object(Closure))
#54 D:/laragon/www/Global Supply/supply-chain-platform/vendor/laravel/framework/src/Illuminate/Foundation/Http/Kernel.php(145): Illuminate/Foundation/Http/Kernel->sendRequestThroughRouter(Object(Illuminate/Http/Request))
#55 D:/laragon/www/Global Supply/supply-chain-platform/vendor/laravel/framework/src/Illuminate/Foundation/Application.php(1220): Illuminate/Foundation/Http/Kernel->handle(Object(Illuminate/Http/Request))
#56 D:/laragon/www/Global Supply/supply-chain-platform/public/index.php(20): Illuminate/Foundation/Application->handleRequest(Object(Illuminate/Http/Request))
#57 D:/laragon/www/Global Supply/supply-chain-platform/vendor/laravel/framework/src/Illuminate/Foundation/resources/server.php(23): require_once('D://laragon//www//...')
#58 {main}
"} 
[2026-07-13 23:35:39] local.ERROR: number_format(): Argument #1 ($num) must be of type int|float, array given {"userId":2,"exception":"[object] (Spatie\\LaravelIgnition\\Exceptions\\ViewException(code: 0): number_format(): Argument #1 ($num) must be of type int|float, array given at D:/laragon/www/Global Supply/supply-chain-platform/resources/views/currency/index.blade.php:66)
[stacktrace]
#0 D:/laragon/www/Global Supply/supply-chain-platform/vendor/laravel/framework/src/Illuminate/Filesystem/Filesystem.php(123): require('D://laragon//www//...')
#1 D:/laragon/www/Global Supply/supply-chain-platform/vendor/laravel/framework/src/Illuminate/Filesystem/Filesystem.php(124): Illuminate/Filesystem/Filesystem::Illuminate/Filesystem/{closure}()
#2 D:/laragon/www/Global Supply/supply-chain-platform/vendor/laravel/framework/src/Illuminate/View/Engines/PhpEngine.php(58): Illuminate/Filesystem/Filesystem->getRequire('D://laragon//www//...', Array)
#3 D:/laragon/www/Global Supply/supply-chain-platform/vendor/laravel/framework/src/Illuminate/View/Engines/CompilerEngine.php(75): Illuminate/View/Engines/PhpEngine->evaluatePath('D://laragon//www//...', Array)
#4 D:/laragon/www/Global Supply/supply-chain-platform/vendor/laravel/framework/src/Illuminate/View/View.php(209): Illuminate/View/Engines/CompilerEngine->get('D://laragon//www//...', Array)
#5 D:/laragon/www/Global Supply/supply-chain-platform/vendor/laravel/framework/src/Illuminate/View/View.php(192): Illuminate/View/View->getContents()
#6 D:/laragon/www/Global Supply/supply-chain-platform/vendor/laravel/framework/src/Illuminate/View/View.php(161): Illuminate/View/View->renderContents()
#7 D:/laragon/www/Global Supply/supply-chain-platform/vendor/laravel/framework/src/Illuminate/Http/Response.php(79): Illuminate/View/View->render()
#8 D:/laragon/www/Global Supply/supply-chain-platform/vendor/laravel/framework/src/Illuminate/Http/Response.php(35): Illuminate/Http/Response->setContent(Object(Illuminate/View/View))
#9 D:/laragon/www/Global Supply/supply-chain-platform/vendor/laravel/framework/src/Illuminate/Routing/Router.php(920): Illuminate/Http/Response->__construct(Object(Illuminate/View/View), 200, Array)
#10 D:/laragon/www/Global Supply/supply-chain-platform/vendor/laravel/framework/src/Illuminate/Routing/Router.php(887): Illuminate/Routing/Router::toResponse(Object(Illuminate/Http/Request), Object(Illuminate/View/View))
#11 D:/laragon/www/Global Supply/supply-chain-platform/vendor/laravel/framework/src/Illuminate/Routing/Router.php(807): Illuminate/Routing/Router->prepareResponse(Object(Illuminate/Http/Request), Object(Illuminate/View/View))
#12 D:/laragon/www/Global Supply/supply-chain-platform/vendor/laravel/framework/src/Illuminate/Pipeline/Pipeline.php(170): Illuminate/Routing/Router->Illuminate/Routing/{closure}(Object(Illuminate/Http/Request))
#13 D:/laragon/www/Global Supply/supply-chain-platform/vendor/laravel/framework/src/Illuminate/Routing/Middleware/SubstituteBindings.php(51): Illuminate/Pipeline/Pipeline->Illuminate/Pipeline/{closure}(Object(Illuminate/Http/Request))
#14 D:/laragon/www/Global Supply/supply-chain-platform/vendor/laravel/framework/src/Illuminate/Pipeline/Pipeline.php(209): Illuminate/Routing/Middleware/SubstituteBindings->handle(Object(Illuminate/Http/Request), Object(Closure))
#15 D:/laragon/www/Global Supply/supply-chain-platform/vendor/laravel/framework/src/Illuminate/Auth/Middleware/Authenticate.php(64): Illuminate/Pipeline/Pipeline->Illuminate/Pipeline/{closure}(Object(Illuminate/Http/Request))
#16 D:/laragon/www/Global Supply/supply-chain-platform/vendor/laravel/framework/src/Illuminate/Pipeline/Pipeline.php(209): Illuminate/Auth/Middleware/Authenticate->handle(Object(Illuminate/Http/Request), Object(Closure))
#17 D:/laragon/www/Global Supply/supply-chain-platform/vendor/laravel/framework/src/Illuminate/Foundation/Http/Middleware/VerifyCsrfToken.php(88): Illuminate/Pipeline/Pipeline->Illuminate/Pipeline/{closure}(Object(Illuminate/Http/Request))
#18 D:/laragon/www/Global Supply/supply-chain-platform/vendor/laravel/framework/src/Illuminate/Pipeline/Pipeline.php(209): Illuminate/Foundation/Http/Middleware/VerifyCsrfToken->handle(Object(Illuminate/Http/Request), Object(Closure))
#19 D:/laragon/www/Global Supply/supply-chain-platform/vendor/laravel/framework/src/Illuminate/View/Middleware/ShareErrorsFromSession.php(49): Illuminate/Pipeline/Pipeline->Illuminate/Pipeline/{closure}(Object(Illuminate/Http/Request))
#20 D:/laragon/www/Global Supply/supply-chain-platform/vendor/laravel/framework/src/Illuminate/Pipeline/Pipeline.php(209): Illuminate/View/Middleware/ShareErrorsFromSession->handle(Object(Illuminate/Http/Request), Object(Closure))
#21 D:/laragon/www/Global Supply/supply-chain-platform/vendor/laravel/framework/src/Illuminate/Session/Middleware/StartSession.php(121): Illuminate/Pipeline/Pipeline->Illuminate/Pipeline/{closure}(Object(Illuminate/Http/Request))
#22 D:/laragon/www/Global Supply/supply-chain-platform/vendor/laravel/framework/src/Illuminate/Session/Middleware/StartSession.php(64): Illuminate/Session/Middleware/StartSession->handleStatefulRequest(Object(Illuminate/Http/Request), Object(Illuminate/Session/Store), Object(Closure))
#23 D:/laragon/www/Global Supply/supply-chain-platform/vendor/laravel/framework/src/Illuminate/Pipeline/Pipeline.php(209): Illuminate/Session/Middleware/StartSession->handle(Object(Illuminate/Http/Request), Object(Closure))
#24 D:/laragon/www/Global Supply/supply-chain-platform/vendor/laravel/framework/src/Illuminate/Cookie/Middleware/AddQueuedCookiesToResponse.php(37): Illuminate/Pipeline/Pipeline->Illuminate/Pipeline/{closure}(Object(Illuminate/Http/Request))
#25 D:/laragon/www/Global Supply/supply-chain-platform/vendor/laravel/framework/src/Illuminate/Pipeline/Pipeline.php(209): Illuminate/Cookie/Middleware/AddQueuedCookiesToResponse->handle(Object(Illuminate/Http/Request), Object(Closure))
#26 D:/laragon/www/Global Supply/supply-chain-platform/vendor/laravel/framework/src/Illuminate/Cookie/Middleware/EncryptCookies.php(75): Illuminate/Pipeline/Pipeline->Illuminate/Pipeline/{closure}(Object(Illuminate/Http/Request))
#27 D:/laragon/www/Global Supply/supply-chain-platform/vendor/laravel/framework/src/Illuminate/Pipeline/Pipeline.php(209): Illuminate/Cookie/Middleware/EncryptCookies->handle(Object(Illuminate/Http/Request), Object(Closure))
#28 D:/laragon/www/Global Supply/supply-chain-platform/vendor/laravel/framework/src/Illuminate/Pipeline/Pipeline.php(127): Illuminate/Pipeline/Pipeline->Illuminate/Pipeline/{closure}(Object(Illuminate/Http/Request))
#29 D:/laragon/www/Global Supply/supply-chain-platform/vendor/laravel/framework/src/Illuminate/Routing/Router.php(807): Illuminate/Pipeline/Pipeline->then(Object(Closure))
#30 D:/laragon/www/Global Supply/supply-chain-platform/vendor/laravel/framework/src/Illuminate/Routing/Router.php(786): Illuminate/Routing/Router->runRouteWithinStack(Object(Illuminate/Routing/Route), Object(Illuminate/Http/Request))
#31 D:/laragon/www/Global Supply/supply-chain-platform/vendor/laravel/framework/src/Illuminate/Routing/Router.php(750): Illuminate/Routing/Router->runRoute(Object(Illuminate/Http/Request), Object(Illuminate/Routing/Route))
#32 D:/laragon/www/Global Supply/supply-chain-platform/vendor/laravel/framework/src/Illuminate/Routing/Router.php(739): Illuminate/Routing/Router->dispatchToRoute(Object(Illuminate/Http/Request))
#33 D:/laragon/www/Global Supply/supply-chain-platform/vendor/laravel/framework/src/Illuminate/Foundation/Http/Kernel.php(201): Illuminate/Routing/Router->dispatch(Object(Illuminate/Http/Request))
#34 D:/laragon/www/Global Supply/supply-chain-platform/vendor/laravel/framework/src/Illuminate/Pipeline/Pipeline.php(170): Illuminate/Foundation/Http/Kernel->Illuminate/Foundation/Http/{closure}(Object(Illuminate/Http/Request))
#35 D:/laragon/www/Global Supply/supply-chain-platform/vendor/laravel/framework/src/Illuminate/Foundation/Http/Middleware/TransformsRequest.php(21): Illuminate/Pipeline/Pipeline->Illuminate/Pipeline/{closure}(Object(Illuminate/Http/Request))
#36 D:/laragon/www/Global Supply/supply-chain-platform/vendor/laravel/framework/src/Illuminate/Foundation/Http/Middleware/ConvertEmptyStringsToNull.php(31): Illuminate/Foundation/Http/Middleware/TransformsRequest->handle(Object(Illuminate/Http/Request), Object(Closure))
#37 D:/laragon/www/Global Supply/supply-chain-platform/vendor/laravel/framework/src/Illuminate/Pipeline/Pipeline.php(209): Illuminate/Foundation/Http/Middleware/ConvertEmptyStringsToNull->handle(Object(Illuminate/Http/Request), Object(Closure))
#38 D:/laragon/www/Global Supply/supply-chain-platform/vendor/laravel/framework/src/Illuminate/Foundation/Http/Middleware/TransformsRequest.php(21): Illuminate/Pipeline/Pipeline->Illuminate/Pipeline/{closure}(Object(Illuminate/Http/Request))
#39 D:/laragon/www/Global Supply/supply-chain-platform/vendor/laravel/framework/src/Illuminate/Foundation/Http/Middleware/TrimStrings.php(51): Illuminate/Foundation/Http/Middleware/TransformsRequest->handle(Object(Illuminate/Http/Request), Object(Closure))
#40 D:/laragon/www/Global Supply/supply-chain-platform/vendor/laravel/framework/src/Illuminate/Pipeline/Pipeline.php(209): Illuminate/Foundation/Http/Middleware/TrimStrings->handle(Object(Illuminate/Http/Request), Object(Closure))
#41 D:/laragon/www/Global Supply/supply-chain-platform/vendor/laravel/framework/src/Illuminate/Http/Middleware/ValidatePostSize.php(27): Illuminate/Pipeline/Pipeline->Illuminate/Pipeline/{closure}(Object(Illuminate/Http/Request))
#42 D:/laragon/www/Global Supply/supply-chain-platform/vendor/laravel/framework/src/Illuminate/Pipeline/Pipeline.php(209): Illuminate/Http/Middleware/ValidatePostSize->handle(Object(Illuminate/Http/Request), Object(Closure))
#43 D:/laragon/www/Global Supply/supply-chain-platform/vendor/laravel/framework/src/Illuminate/Foundation/Http/Middleware/PreventRequestsDuringMaintenance.php(110): Illuminate/Pipeline/Pipeline->Illuminate/Pipeline/{closure}(Object(Illuminate/Http/Request))
#44 D:/laragon/www/Global Supply/supply-chain-platform/vendor/laravel/framework/src/Illuminate/Pipeline/Pipeline.php(209): Illuminate/Foundation/Http/Middleware/PreventRequestsDuringMaintenance->handle(Object(Illuminate/Http/Request), Object(Closure))
#45 D:/laragon/www/Global Supply/supply-chain-platform/vendor/laravel/framework/src/Illuminate/Http/Middleware/HandleCors.php(49): Illuminate/Pipeline/Pipeline->Illuminate/Pipeline/{closure}(Object(Illuminate/Http/Request))
#46 D:/laragon/www/Global Supply/supply-chain-platform/vendor/laravel/framework/src/Illuminate/Pipeline/Pipeline.php(209): Illuminate/Http/Middleware/HandleCors->handle(Object(Illuminate/Http/Request), Object(Closure))
#47 D:/laragon/www/Global Supply/supply-chain-platform/vendor/laravel/framework/src/Illuminate/Http/Middleware/TrustProxies.php(58): Illuminate/Pipeline/Pipeline->Illuminate/Pipeline/{closure}(Object(Illuminate/Http/Request))
#48 D:/laragon/www/Global Supply/supply-chain-platform/vendor/laravel/framework/src/Illuminate/Pipeline/Pipeline.php(209): Illuminate/Http/Middleware/TrustProxies->handle(Object(Illuminate/Http/Request), Object(Closure))
#49 D:/laragon/www/Global Supply/supply-chain-platform/vendor/laravel/framework/src/Illuminate/Foundation/Http/Middleware/InvokeDeferredCallbacks.php(22): Illuminate/Pipeline/Pipeline->Illuminate/Pipeline/{closure}(Object(Illuminate/Http/Request))
#50 D:/laragon/www/Global Supply/supply-chain-platform/vendor/laravel/framework/src/Illuminate/Pipeline/Pipeline.php(209): Illuminate/Foundation/Http/Middleware/InvokeDeferredCallbacks->handle(Object(Illuminate/Http/Request), Object(Closure))
#51 D:/laragon/www/Global Supply/supply-chain-platform/vendor/laravel/framework/src/Illuminate/Pipeline/Pipeline.php(127): Illuminate/Pipeline/Pipeline->Illuminate/Pipeline/{closure}(Object(Illuminate/Http/Request))
#52 D:/laragon/www/Global Supply/supply-chain-platform/vendor/laravel/framework/src/Illuminate/Foundation/Http/Kernel.php(176): Illuminate/Pipeline/Pipeline->then(Object(Closure))
#53 D:/laragon/www/Global Supply/supply-chain-platform/vendor/laravel/framework/src/Illuminate/Foundation/Http/Kernel.php(145): Illuminate/Foundation/Http/Kernel->sendRequestThroughRouter(Object(Illuminate/Http/Request))
#54 D:/laragon/www/Global Supply/supply-chain-platform/vendor/laravel/framework/src/Illuminate/Foundation/Application.php(1220): Illuminate/Foundation/Http/Kernel->handle(Object(Illuminate/Http/Request))
#55 D:/laragon/www/Global Supply/supply-chain-platform/public/index.php(20): Illuminate/Foundation/Application->handleRequest(Object(Illuminate/Http/Request))
#56 D:/laragon/www/Global Supply/supply-chain-platform/vendor/laravel/framework/src/Illuminate/Foundation/resources/server.php(23): require_once('D://laragon//www//...')
#57 {main}

[previous exception] [object] (TypeError(code: 0): number_format(): Argument #1 ($num) must be of type int|float, array given at D:/laragon/www/Global Supply/supply-chain-platform/storage/framework/views/5f2c451ce18af83be51f48ce74aaa1b6.php:66)
[stacktrace]
#0 D:/laragon/www/Global Supply/supply-chain-platform/storage/framework/views/5f2c451ce18af83be51f48ce74aaa1b6.php(66): number_format(Array, 2)
#1 D:/laragon/www/Global Supply/supply-chain-platform/vendor/laravel/framework/src/Illuminate/Filesystem/Filesystem.php(123): require('D://laragon//www//...')
#2 D:/laragon/www/Global Supply/supply-chain-platform/vendor/laravel/framework/src/Illuminate/Filesystem/Filesystem.php(124): Illuminate/Filesystem/Filesystem::Illuminate/Filesystem/{closure}()
#3 D:/laragon/www/Global Supply/supply-chain-platform/vendor/laravel/framework/src/Illuminate/View/Engines/PhpEngine.php(58): Illuminate/Filesystem/Filesystem->getRequire('D://laragon//www//...', Array)
#4 D:/laragon/www/Global Supply/supply-chain-platform/vendor/laravel/framework/src/Illuminate/View/Engines/CompilerEngine.php(75): Illuminate/View/Engines/PhpEngine->evaluatePath('D://laragon//www//...', Array)
#5 D:/laragon/www/Global Supply/supply-chain-platform/vendor/laravel/framework/src/Illuminate/View/View.php(209): Illuminate/View/Engines/CompilerEngine->get('D://laragon//www//...', Array)
#6 D:/laragon/www/Global Supply/supply-chain-platform/vendor/laravel/framework/src/Illuminate/View/View.php(192): Illuminate/View/View->getContents()
#7 D:/laragon/www/Global Supply/supply-chain-platform/vendor/laravel/framework/src/Illuminate/View/View.php(161): Illuminate/View/View->renderContents()
#8 D:/laragon/www/Global Supply/supply-chain-platform/vendor/laravel/framework/src/Illuminate/Http/Response.php(79): Illuminate/View/View->render()
#9 D:/laragon/www/Global Supply/supply-chain-platform/vendor/laravel/framework/src/Illuminate/Http/Response.php(35): Illuminate/Http/Response->setContent(Object(Illuminate/View/View))
#10 D:/laragon/www/Global Supply/supply-chain-platform/vendor/laravel/framework/src/Illuminate/Routing/Router.php(920): Illuminate/Http/Response->__construct(Object(Illuminate/View/View), 200, Array)
#11 D:/laragon/www/Global Supply/supply-chain-platform/vendor/laravel/framework/src/Illuminate/Routing/Router.php(887): Illuminate/Routing/Router::toResponse(Object(Illuminate/Http/Request), Object(Illuminate/View/View))
#12 D:/laragon/www/Global Supply/supply-chain-platform/vendor/laravel/framework/src/Illuminate/Routing/Router.php(807): Illuminate/Routing/Router->prepareResponse(Object(Illuminate/Http/Request), Object(Illuminate/View/View))
#13 D:/laragon/www/Global Supply/supply-chain-platform/vendor/laravel/framework/src/Illuminate/Pipeline/Pipeline.php(170): Illuminate/Routing/Router->Illuminate/Routing/{closure}(Object(Illuminate/Http/Request))
#14 D:/laragon/www/Global Supply/supply-chain-platform/vendor/laravel/framework/src/Illuminate/Routing/Middleware/SubstituteBindings.php(51): Illuminate/Pipeline/Pipeline->Illuminate/Pipeline/{closure}(Object(Illuminate/Http/Request))
#15 D:/laragon/www/Global Supply/supply-chain-platform/vendor/laravel/framework/src/Illuminate/Pipeline/Pipeline.php(209): Illuminate/Routing/Middleware/SubstituteBindings->handle(Object(Illuminate/Http/Request), Object(Closure))
#16 D:/laragon/www/Global Supply/supply-chain-platform/vendor/laravel/framework/src/Illuminate/Auth/Middleware/Authenticate.php(64): Illuminate/Pipeline/Pipeline->Illuminate/Pipeline/{closure}(Object(Illuminate/Http/Request))
#17 D:/laragon/www/Global Supply/supply-chain-platform/vendor/laravel/framework/src/Illuminate/Pipeline/Pipeline.php(209): Illuminate/Auth/Middleware/Authenticate->handle(Object(Illuminate/Http/Request), Object(Closure))
#18 D:/laragon/www/Global Supply/supply-chain-platform/vendor/laravel/framework/src/Illuminate/Foundation/Http/Middleware/VerifyCsrfToken.php(88): Illuminate/Pipeline/Pipeline->Illuminate/Pipeline/{closure}(Object(Illuminate/Http/Request))
#19 D:/laragon/www/Global Supply/supply-chain-platform/vendor/laravel/framework/src/Illuminate/Pipeline/Pipeline.php(209): Illuminate/Foundation/Http/Middleware/VerifyCsrfToken->handle(Object(Illuminate/Http/Request), Object(Closure))
#20 D:/laragon/www/Global Supply/supply-chain-platform/vendor/laravel/framework/src/Illuminate/View/Middleware/ShareErrorsFromSession.php(49): Illuminate/Pipeline/Pipeline->Illuminate/Pipeline/{closure}(Object(Illuminate/Http/Request))
#21 D:/laragon/www/Global Supply/supply-chain-platform/vendor/laravel/framework/src/Illuminate/Pipeline/Pipeline.php(209): Illuminate/View/Middleware/ShareErrorsFromSession->handle(Object(Illuminate/Http/Request), Object(Closure))
#22 D:/laragon/www/Global Supply/supply-chain-platform/vendor/laravel/framework/src/Illuminate/Session/Middleware/StartSession.php(121): Illuminate/Pipeline/Pipeline->Illuminate/Pipeline/{closure}(Object(Illuminate/Http/Request))
#23 D:/laragon/www/Global Supply/supply-chain-platform/vendor/laravel/framework/src/Illuminate/Session/Middleware/StartSession.php(64): Illuminate/Session/Middleware/StartSession->handleStatefulRequest(Object(Illuminate/Http/Request), Object(Illuminate/Session/Store), Object(Closure))
#24 D:/laragon/www/Global Supply/supply-chain-platform/vendor/laravel/framework/src/Illuminate/Pipeline/Pipeline.php(209): Illuminate/Session/Middleware/StartSession->handle(Object(Illuminate/Http/Request), Object(Closure))
#25 D:/laragon/www/Global Supply/supply-chain-platform/vendor/laravel/framework/src/Illuminate/Cookie/Middleware/AddQueuedCookiesToResponse.php(37): Illuminate/Pipeline/Pipeline->Illuminate/Pipeline/{closure}(Object(Illuminate/Http/Request))
#26 D:/laragon/www/Global Supply/supply-chain-platform/vendor/laravel/framework/src/Illuminate/Pipeline/Pipeline.php(209): Illuminate/Cookie/Middleware/AddQueuedCookiesToResponse->handle(Object(Illuminate/Http/Request), Object(Closure))
#27 D:/laragon/www/Global Supply/supply-chain-platform/vendor/laravel/framework/src/Illuminate/Cookie/Middleware/EncryptCookies.php(75): Illuminate/Pipeline/Pipeline->Illuminate/Pipeline/{closure}(Object(Illuminate/Http/Request))
#28 D:/laragon/www/Global Supply/supply-chain-platform/vendor/laravel/framework/src/Illuminate/Pipeline/Pipeline.php(209): Illuminate/Cookie/Middleware/EncryptCookies->handle(Object(Illuminate/Http/Request), Object(Closure))
#29 D:/laragon/www/Global Supply/supply-chain-platform/vendor/laravel/framework/src/Illuminate/Pipeline/Pipeline.php(127): Illuminate/Pipeline/Pipeline->Illuminate/Pipeline/{closure}(Object(Illuminate/Http/Request))
#30 D:/laragon/www/Global Supply/supply-chain-platform/vendor/laravel/framework/src/Illuminate/Routing/Router.php(807): Illuminate/Pipeline/Pipeline->then(Object(Closure))
#31 D:/laragon/www/Global Supply/supply-chain-platform/vendor/laravel/framework/src/Illuminate/Routing/Router.php(786): Illuminate/Routing/Router->runRouteWithinStack(Object(Illuminate/Routing/Route), Object(Illuminate/Http/Request))
#32 D:/laragon/www/Global Supply/supply-chain-platform/vendor/laravel/framework/src/Illuminate/Routing/Router.php(750): Illuminate/Routing/Router->runRoute(Object(Illuminate/Http/Request), Object(Illuminate/Routing/Route))
#33 D:/laragon/www/Global Supply/supply-chain-platform/vendor/laravel/framework/src/Illuminate/Routing/Router.php(739): Illuminate/Routing/Router->dispatchToRoute(Object(Illuminate/Http/Request))
#34 D:/laragon/www/Global Supply/supply-chain-platform/vendor/laravel/framework/src/Illuminate/Foundation/Http/Kernel.php(201): Illuminate/Routing/Router->dispatch(Object(Illuminate/Http/Request))
#35 D:/laragon/www/Global Supply/supply-chain-platform/vendor/laravel/framework/src/Illuminate/Pipeline/Pipeline.php(170): Illuminate/Foundation/Http/Kernel->Illuminate/Foundation/Http/{closure}(Object(Illuminate/Http/Request))
#36 D:/laragon/www/Global Supply/supply-chain-platform/vendor/laravel/framework/src/Illuminate/Foundation/Http/Middleware/TransformsRequest.php(21): Illuminate/Pipeline/Pipeline->Illuminate/Pipeline/{closure}(Object(Illuminate/Http/Request))
#37 D:/laragon/www/Global Supply/supply-chain-platform/vendor/laravel/framework/src/Illuminate/Foundation/Http/Middleware/ConvertEmptyStringsToNull.php(31): Illuminate/Foundation/Http/Middleware/TransformsRequest->handle(Object(Illuminate/Http/Request), Object(Closure))
#38 D:/laragon/www/Global Supply/supply-chain-platform/vendor/laravel/framework/src/Illuminate/Pipeline/Pipeline.php(209): Illuminate/Foundation/Http/Middleware/ConvertEmptyStringsToNull->handle(Object(Illuminate/Http/Request), Object(Closure))
#39 D:/laragon/www/Global Supply/supply-chain-platform/vendor/laravel/framework/src/Illuminate/Foundation/Http/Middleware/TransformsRequest.php(21): Illuminate/Pipeline/Pipeline->Illuminate/Pipeline/{closure}(Object(Illuminate/Http/Request))
#40 D:/laragon/www/Global Supply/supply-chain-platform/vendor/laravel/framework/src/Illuminate/Foundation/Http/Middleware/TrimStrings.php(51): Illuminate/Foundation/Http/Middleware/TransformsRequest->handle(Object(Illuminate/Http/Request), Object(Closure))
#41 D:/laragon/www/Global Supply/supply-chain-platform/vendor/laravel/framework/src/Illuminate/Pipeline/Pipeline.php(209): Illuminate/Foundation/Http/Middleware/TrimStrings->handle(Object(Illuminate/Http/Request), Object(Closure))
#42 D:/laragon/www/Global Supply/supply-chain-platform/vendor/laravel/framework/src/Illuminate/Http/Middleware/ValidatePostSize.php(27): Illuminate/Pipeline/Pipeline->Illuminate/Pipeline/{closure}(Object(Illuminate/Http/Request))
#43 D:/laragon/www/Global Supply/supply-chain-platform/vendor/laravel/framework/src/Illuminate/Pipeline/Pipeline.php(209): Illuminate/Http/Middleware/ValidatePostSize->handle(Object(Illuminate/Http/Request), Object(Closure))
#44 D:/laragon/www/Global Supply/supply-chain-platform/vendor/laravel/framework/src/Illuminate/Foundation/Http/Middleware/PreventRequestsDuringMaintenance.php(110): Illuminate/Pipeline/Pipeline->Illuminate/Pipeline/{closure}(Object(Illuminate/Http/Request))
#45 D:/laragon/www/Global Supply/supply-chain-platform/vendor/laravel/framework/src/Illuminate/Pipeline/Pipeline.php(209): Illuminate/Foundation/Http/Middleware/PreventRequestsDuringMaintenance->handle(Object(Illuminate/Http/Request), Object(Closure))
#46 D:/laragon/www/Global Supply/supply-chain-platform/vendor/laravel/framework/src/Illuminate/Http/Middleware/HandleCors.php(49): Illuminate/Pipeline/Pipeline->Illuminate/Pipeline/{closure}(Object(Illuminate/Http/Request))
#47 D:/laragon/www/Global Supply/supply-chain-platform/vendor/laravel/framework/src/Illuminate/Pipeline/Pipeline.php(209): Illuminate/Http/Middleware/HandleCors->handle(Object(Illuminate/Http/Request), Object(Closure))
#48 D:/laragon/www/Global Supply/supply-chain-platform/vendor/laravel/framework/src/Illuminate/Http/Middleware/TrustProxies.php(58): Illuminate/Pipeline/Pipeline->Illuminate/Pipeline/{closure}(Object(Illuminate/Http/Request))
#49 D:/laragon/www/Global Supply/supply-chain-platform/vendor/laravel/framework/src/Illuminate/Pipeline/Pipeline.php(209): Illuminate/Http/Middleware/TrustProxies->handle(Object(Illuminate/Http/Request), Object(Closure))
#50 D:/laragon/www/Global Supply/supply-chain-platform/vendor/laravel/framework/src/Illuminate/Foundation/Http/Middleware/InvokeDeferredCallbacks.php(22): Illuminate/Pipeline/Pipeline->Illuminate/Pipeline/{closure}(Object(Illuminate/Http/Request))
#51 D:/laragon/www/Global Supply/supply-chain-platform/vendor/laravel/framework/src/Illuminate/Pipeline/Pipeline.php(209): Illuminate/Foundation/Http/Middleware/InvokeDeferredCallbacks->handle(Object(Illuminate/Http/Request), Object(Closure))
#52 D:/laragon/www/Global Supply/supply-chain-platform/vendor/laravel/framework/src/Illuminate/Pipeline/Pipeline.php(127): Illuminate/Pipeline/Pipeline->Illuminate/Pipeline/{closure}(Object(Illuminate/Http/Request))
#53 D:/laragon/www/Global Supply/supply-chain-platform/vendor/laravel/framework/src/Illuminate/Foundation/Http/Kernel.php(176): Illuminate/Pipeline/Pipeline->then(Object(Closure))
#54 D:/laragon/www/Global Supply/supply-chain-platform/vendor/laravel/framework/src/Illuminate/Foundation/Http/Kernel.php(145): Illuminate/Foundation/Http/Kernel->sendRequestThroughRouter(Object(Illuminate/Http/Request))
#55 D:/laragon/www/Global Supply/supply-chain-platform/vendor/laravel/framework/src/Illuminate/Foundation/Application.php(1220): Illuminate/Foundation/Http/Kernel->handle(Object(Illuminate/Http/Request))
#56 D:/laragon/www/Global Supply/supply-chain-platform/public/index.php(20): Illuminate/Foundation/Application->handleRequest(Object(Illuminate/Http/Request))
#57 D:/laragon/www/Global Supply/supply-chain-platform/vendor/laravel/framework/src/Illuminate/Foundation/resources/server.php(23): require_once('D://laragon//www//...')
#58 {main}
"} 
[2026-07-13 23:35:43] local.ERROR: number_format(): Argument #1 ($num) must be of type int|float, array given {"userId":2,"exception":"[object] (Spatie\\LaravelIgnition\\Exceptions\\ViewException(code: 0): number_format(): Argument #1 ($num) must be of type int|float, array given at D:/laragon/www/Global Supply/supply-chain-platform/resources/views/currency/index.blade.php:66)
[stacktrace]
#0 D:/laragon/www/Global Supply/supply-chain-platform/vendor/laravel/framework/src/Illuminate/Filesystem/Filesystem.php(123): require('D://laragon//www//...')
#1 D:/laragon/www/Global Supply/supply-chain-platform/vendor/laravel/framework/src/Illuminate/Filesystem/Filesystem.php(124): Illuminate/Filesystem/Filesystem::Illuminate/Filesystem/{closure}()
#2 D:/laragon/www/Global Supply/supply-chain-platform/vendor/laravel/framework/src/Illuminate/View/Engines/PhpEngine.php(58): Illuminate/Filesystem/Filesystem->getRequire('D://laragon//www//...', Array)
#3 D:/laragon/www/Global Supply/supply-chain-platform/vendor/laravel/framework/src/Illuminate/View/Engines/CompilerEngine.php(75): Illuminate/View/Engines/PhpEngine->evaluatePath('D://laragon//www//...', Array)
#4 D:/laragon/www/Global Supply/supply-chain-platform/vendor/laravel/framework/src/Illuminate/View/View.php(209): Illuminate/View/Engines/CompilerEngine->get('D://laragon//www//...', Array)
#5 D:/laragon/www/Global Supply/supply-chain-platform/vendor/laravel/framework/src/Illuminate/View/View.php(192): Illuminate/View/View->getContents()
#6 D:/laragon/www/Global Supply/supply-chain-platform/vendor/laravel/framework/src/Illuminate/View/View.php(161): Illuminate/View/View->renderContents()
#7 D:/laragon/www/Global Supply/supply-chain-platform/vendor/laravel/framework/src/Illuminate/Http/Response.php(79): Illuminate/View/View->render()
#8 D:/laragon/www/Global Supply/supply-chain-platform/vendor/laravel/framework/src/Illuminate/Http/Response.php(35): Illuminate/Http/Response->setContent(Object(Illuminate/View/View))
#9 D:/laragon/www/Global Supply/supply-chain-platform/vendor/laravel/framework/src/Illuminate/Routing/Router.php(920): Illuminate/Http/Response->__construct(Object(Illuminate/View/View), 200, Array)
#10 D:/laragon/www/Global Supply/supply-chain-platform/vendor/laravel/framework/src/Illuminate/Routing/Router.php(887): Illuminate/Routing/Router::toResponse(Object(Illuminate/Http/Request), Object(Illuminate/View/View))
#11 D:/laragon/www/Global Supply/supply-chain-platform/vendor/laravel/framework/src/Illuminate/Routing/Router.php(807): Illuminate/Routing/Router->prepareResponse(Object(Illuminate/Http/Request), Object(Illuminate/View/View))
#12 D:/laragon/www/Global Supply/supply-chain-platform/vendor/laravel/framework/src/Illuminate/Pipeline/Pipeline.php(170): Illuminate/Routing/Router->Illuminate/Routing/{closure}(Object(Illuminate/Http/Request))
#13 D:/laragon/www/Global Supply/supply-chain-platform/vendor/laravel/framework/src/Illuminate/Routing/Middleware/SubstituteBindings.php(51): Illuminate/Pipeline/Pipeline->Illuminate/Pipeline/{closure}(Object(Illuminate/Http/Request))
#14 D:/laragon/www/Global Supply/supply-chain-platform/vendor/laravel/framework/src/Illuminate/Pipeline/Pipeline.php(209): Illuminate/Routing/Middleware/SubstituteBindings->handle(Object(Illuminate/Http/Request), Object(Closure))
#15 D:/laragon/www/Global Supply/supply-chain-platform/vendor/laravel/framework/src/Illuminate/Auth/Middleware/Authenticate.php(64): Illuminate/Pipeline/Pipeline->Illuminate/Pipeline/{closure}(Object(Illuminate/Http/Request))
#16 D:/laragon/www/Global Supply/supply-chain-platform/vendor/laravel/framework/src/Illuminate/Pipeline/Pipeline.php(209): Illuminate/Auth/Middleware/Authenticate->handle(Object(Illuminate/Http/Request), Object(Closure))
#17 D:/laragon/www/Global Supply/supply-chain-platform/vendor/laravel/framework/src/Illuminate/Foundation/Http/Middleware/VerifyCsrfToken.php(88): Illuminate/Pipeline/Pipeline->Illuminate/Pipeline/{closure}(Object(Illuminate/Http/Request))
#18 D:/laragon/www/Global Supply/supply-chain-platform/vendor/laravel/framework/src/Illuminate/Pipeline/Pipeline.php(209): Illuminate/Foundation/Http/Middleware/VerifyCsrfToken->handle(Object(Illuminate/Http/Request), Object(Closure))
#19 D:/laragon/www/Global Supply/supply-chain-platform/vendor/laravel/framework/src/Illuminate/View/Middleware/ShareErrorsFromSession.php(49): Illuminate/Pipeline/Pipeline->Illuminate/Pipeline/{closure}(Object(Illuminate/Http/Request))
#20 D:/laragon/www/Global Supply/supply-chain-platform/vendor/laravel/framework/src/Illuminate/Pipeline/Pipeline.php(209): Illuminate/View/Middleware/ShareErrorsFromSession->handle(Object(Illuminate/Http/Request), Object(Closure))
#21 D:/laragon/www/Global Supply/supply-chain-platform/vendor/laravel/framework/src/Illuminate/Session/Middleware/StartSession.php(121): Illuminate/Pipeline/Pipeline->Illuminate/Pipeline/{closure}(Object(Illuminate/Http/Request))
#22 D:/laragon/www/Global Supply/supply-chain-platform/vendor/laravel/framework/src/Illuminate/Session/Middleware/StartSession.php(64): Illuminate/Session/Middleware/StartSession->handleStatefulRequest(Object(Illuminate/Http/Request), Object(Illuminate/Session/Store), Object(Closure))
#23 D:/laragon/www/Global Supply/supply-chain-platform/vendor/laravel/framework/src/Illuminate/Pipeline/Pipeline.php(209): Illuminate/Session/Middleware/StartSession->handle(Object(Illuminate/Http/Request), Object(Closure))
#24 D:/laragon/www/Global Supply/supply-chain-platform/vendor/laravel/framework/src/Illuminate/Cookie/Middleware/AddQueuedCookiesToResponse.php(37): Illuminate/Pipeline/Pipeline->Illuminate/Pipeline/{closure}(Object(Illuminate/Http/Request))
#25 D:/laragon/www/Global Supply/supply-chain-platform/vendor/laravel/framework/src/Illuminate/Pipeline/Pipeline.php(209): Illuminate/Cookie/Middleware/AddQueuedCookiesToResponse->handle(Object(Illuminate/Http/Request), Object(Closure))
#26 D:/laragon/www/Global Supply/supply-chain-platform/vendor/laravel/framework/src/Illuminate/Cookie/Middleware/EncryptCookies.php(75): Illuminate/Pipeline/Pipeline->Illuminate/Pipeline/{closure}(Object(Illuminate/Http/Request))
#27 D:/laragon/www/Global Supply/supply-chain-platform/vendor/laravel/framework/src/Illuminate/Pipeline/Pipeline.php(209): Illuminate/Cookie/Middleware/EncryptCookies->handle(Object(Illuminate/Http/Request), Object(Closure))
#28 D:/laragon/www/Global Supply/supply-chain-platform/vendor/laravel/framework/src/Illuminate/Pipeline/Pipeline.php(127): Illuminate/Pipeline/Pipeline->Illuminate/Pipeline/{closure}(Object(Illuminate/Http/Request))
#29 D:/laragon/www/Global Supply/supply-chain-platform/vendor/laravel/framework/src/Illuminate/Routing/Router.php(807): Illuminate/Pipeline/Pipeline->then(Object(Closure))
#30 D:/laragon/www/Global Supply/supply-chain-platform/vendor/laravel/framework/src/Illuminate/Routing/Router.php(786): Illuminate/Routing/Router->runRouteWithinStack(Object(Illuminate/Routing/Route), Object(Illuminate/Http/Request))
#31 D:/laragon/www/Global Supply/supply-chain-platform/vendor/laravel/framework/src/Illuminate/Routing/Router.php(750): Illuminate/Routing/Router->runRoute(Object(Illuminate/Http/Request), Object(Illuminate/Routing/Route))
#32 D:/laragon/www/Global Supply/supply-chain-platform/vendor/laravel/framework/src/Illuminate/Routing/Router.php(739): Illuminate/Routing/Router->dispatchToRoute(Object(Illuminate/Http/Request))
#33 D:/laragon/www/Global Supply/supply-chain-platform/vendor/laravel/framework/src/Illuminate/Foundation/Http/Kernel.php(201): Illuminate/Routing/Router->dispatch(Object(Illuminate/Http/Request))
#34 D:/laragon/www/Global Supply/supply-chain-platform/vendor/laravel/framework/src/Illuminate/Pipeline/Pipeline.php(170): Illuminate/Foundation/Http/Kernel->Illuminate/Foundation/Http/{closure}(Object(Illuminate/Http/Request))
#35 D:/laragon/www/Global Supply/supply-chain-platform/vendor/laravel/framework/src/Illuminate/Foundation/Http/Middleware/TransformsRequest.php(21): Illuminate/Pipeline/Pipeline->Illuminate/Pipeline/{closure}(Object(Illuminate/Http/Request))
#36 D:/laragon/www/Global Supply/supply-chain-platform/vendor/laravel/framework/src/Illuminate/Foundation/Http/Middleware/ConvertEmptyStringsToNull.php(31): Illuminate/Foundation/Http/Middleware/TransformsRequest->handle(Object(Illuminate/Http/Request), Object(Closure))
#37 D:/laragon/www/Global Supply/supply-chain-platform/vendor/laravel/framework/src/Illuminate/Pipeline/Pipeline.php(209): Illuminate/Foundation/Http/Middleware/ConvertEmptyStringsToNull->handle(Object(Illuminate/Http/Request), Object(Closure))
#38 D:/laragon/www/Global Supply/supply-chain-platform/vendor/laravel/framework/src/Illuminate/Foundation/Http/Middleware/TransformsRequest.php(21): Illuminate/Pipeline/Pipeline->Illuminate/Pipeline/{closure}(Object(Illuminate/Http/Request))
#39 D:/laragon/www/Global Supply/supply-chain-platform/vendor/laravel/framework/src/Illuminate/Foundation/Http/Middleware/TrimStrings.php(51): Illuminate/Foundation/Http/Middleware/TransformsRequest->handle(Object(Illuminate/Http/Request), Object(Closure))
#40 D:/laragon/www/Global Supply/supply-chain-platform/vendor/laravel/framework/src/Illuminate/Pipeline/Pipeline.php(209): Illuminate/Foundation/Http/Middleware/TrimStrings->handle(Object(Illuminate/Http/Request), Object(Closure))
#41 D:/laragon/www/Global Supply/supply-chain-platform/vendor/laravel/framework/src/Illuminate/Http/Middleware/ValidatePostSize.php(27): Illuminate/Pipeline/Pipeline->Illuminate/Pipeline/{closure}(Object(Illuminate/Http/Request))
#42 D:/laragon/www/Global Supply/supply-chain-platform/vendor/laravel/framework/src/Illuminate/Pipeline/Pipeline.php(209): Illuminate/Http/Middleware/ValidatePostSize->handle(Object(Illuminate/Http/Request), Object(Closure))
#43 D:/laragon/www/Global Supply/supply-chain-platform/vendor/laravel/framework/src/Illuminate/Foundation/Http/Middleware/PreventRequestsDuringMaintenance.php(110): Illuminate/Pipeline/Pipeline->Illuminate/Pipeline/{closure}(Object(Illuminate/Http/Request))
#44 D:/laragon/www/Global Supply/supply-chain-platform/vendor/laravel/framework/src/Illuminate/Pipeline/Pipeline.php(209): Illuminate/Foundation/Http/Middleware/PreventRequestsDuringMaintenance->handle(Object(Illuminate/Http/Request), Object(Closure))
#45 D:/laragon/www/Global Supply/supply-chain-platform/vendor/laravel/framework/src/Illuminate/Http/Middleware/HandleCors.php(49): Illuminate/Pipeline/Pipeline->Illuminate/Pipeline/{closure}(Object(Illuminate/Http/Request))
#46 D:/laragon/www/Global Supply/supply-chain-platform/vendor/laravel/framework/src/Illuminate/Pipeline/Pipeline.php(209): Illuminate/Http/Middleware/HandleCors->handle(Object(Illuminate/Http/Request), Object(Closure))
#47 D:/laragon/www/Global Supply/supply-chain-platform/vendor/laravel/framework/src/Illuminate/Http/Middleware/TrustProxies.php(58): Illuminate/Pipeline/Pipeline->Illuminate/Pipeline/{closure}(Object(Illuminate/Http/Request))
#48 D:/laragon/www/Global Supply/supply-chain-platform/vendor/laravel/framework/src/Illuminate/Pipeline/Pipeline.php(209): Illuminate/Http/Middleware/TrustProxies->handle(Object(Illuminate/Http/Request), Object(Closure))
#49 D:/laragon/www/Global Supply/supply-chain-platform/vendor/laravel/framework/src/Illuminate/Foundation/Http/Middleware/InvokeDeferredCallbacks.php(22): Illuminate/Pipeline/Pipeline->Illuminate/Pipeline/{closure}(Object(Illuminate/Http/Request))
#50 D:/laragon/www/Global Supply/supply-chain-platform/vendor/laravel/framework/src/Illuminate/Pipeline/Pipeline.php(209): Illuminate/Foundation/Http/Middleware/InvokeDeferredCallbacks->handle(Object(Illuminate/Http/Request), Object(Closure))
#51 D:/laragon/www/Global Supply/supply-chain-platform/vendor/laravel/framework/src/Illuminate/Pipeline/Pipeline.php(127): Illuminate/Pipeline/Pipeline->Illuminate/Pipeline/{closure}(Object(Illuminate/Http/Request))
#52 D:/laragon/www/Global Supply/supply-chain-platform/vendor/laravel/framework/src/Illuminate/Foundation/Http/Kernel.php(176): Illuminate/Pipeline/Pipeline->then(Object(Closure))
#53 D:/laragon/www/Global Supply/supply-chain-platform/vendor/laravel/framework/src/Illuminate/Foundation/Http/Kernel.php(145): Illuminate/Foundation/Http/Kernel->sendRequestThroughRouter(Object(Illuminate/Http/Request))
#54 D:/laragon/www/Global Supply/supply-chain-platform/vendor/laravel/framework/src/Illuminate/Foundation/Application.php(1220): Illuminate/Foundation/Http/Kernel->handle(Object(Illuminate/Http/Request))
#55 D:/laragon/www/Global Supply/supply-chain-platform/public/index.php(20): Illuminate/Foundation/Application->handleRequest(Object(Illuminate/Http/Request))
#56 D:/laragon/www/Global Supply/supply-chain-platform/vendor/laravel/framework/src/Illuminate/Foundation/resources/server.php(23): require_once('D://laragon//www//...')
#57 {main}

[previous exception] [object] (TypeError(code: 0): number_format(): Argument #1 ($num) must be of type int|float, array given at D:/laragon/www/Global Supply/supply-chain-platform/storage/framework/views/5f2c451ce18af83be51f48ce74aaa1b6.php:66)
[stacktrace]
#0 D:/laragon/www/Global Supply/supply-chain-platform/storage/framework/views/5f2c451ce18af83be51f48ce74aaa1b6.php(66): number_format(Array, 2)
#1 D:/laragon/www/Global Supply/supply-chain-platform/vendor/laravel/framework/src/Illuminate/Filesystem/Filesystem.php(123): require('D://laragon//www//...')
#2 D:/laragon/www/Global Supply/supply-chain-platform/vendor/laravel/framework/src/Illuminate/Filesystem/Filesystem.php(124): Illuminate/Filesystem/Filesystem::Illuminate/Filesystem/{closure}()
#3 D:/laragon/www/Global Supply/supply-chain-platform/vendor/laravel/framework/src/Illuminate/View/Engines/PhpEngine.php(58): Illuminate/Filesystem/Filesystem->getRequire('D://laragon//www//...', Array)
#4 D:/laragon/www/Global Supply/supply-chain-platform/vendor/laravel/framework/src/Illuminate/View/Engines/CompilerEngine.php(75): Illuminate/View/Engines/PhpEngine->evaluatePath('D://laragon//www//...', Array)
#5 D:/laragon/www/Global Supply/supply-chain-platform/vendor/laravel/framework/src/Illuminate/View/View.php(209): Illuminate/View/Engines/CompilerEngine->get('D://laragon//www//...', Array)
#6 D:/laragon/www/Global Supply/supply-chain-platform/vendor/laravel/framework/src/Illuminate/View/View.php(192): Illuminate/View/View->getContents()
#7 D:/laragon/www/Global Supply/supply-chain-platform/vendor/laravel/framework/src/Illuminate/View/View.php(161): Illuminate/View/View->renderContents()
#8 D:/laragon/www/Global Supply/supply-chain-platform/vendor/laravel/framework/src/Illuminate/Http/Response.php(79): Illuminate/View/View->render()
#9 D:/laragon/www/Global Supply/supply-chain-platform/vendor/laravel/framework/src/Illuminate/Http/Response.php(35): Illuminate/Http/Response->setContent(Object(Illuminate/View/View))
#10 D:/laragon/www/Global Supply/supply-chain-platform/vendor/laravel/framework/src/Illuminate/Routing/Router.php(920): Illuminate/Http/Response->__construct(Object(Illuminate/View/View), 200, Array)
#11 D:/laragon/www/Global Supply/supply-chain-platform/vendor/laravel/framework/src/Illuminate/Routing/Router.php(887): Illuminate/Routing/Router::toResponse(Object(Illuminate/Http/Request), Object(Illuminate/View/View))
#12 D:/laragon/www/Global Supply/supply-chain-platform/vendor/laravel/framework/src/Illuminate/Routing/Router.php(807): Illuminate/Routing/Router->prepareResponse(Object(Illuminate/Http/Request), Object(Illuminate/View/View))
#13 D:/laragon/www/Global Supply/supply-chain-platform/vendor/laravel/framework/src/Illuminate/Pipeline/Pipeline.php(170): Illuminate/Routing/Router->Illuminate/Routing/{closure}(Object(Illuminate/Http/Request))
#14 D:/laragon/www/Global Supply/supply-chain-platform/vendor/laravel/framework/src/Illuminate/Routing/Middleware/SubstituteBindings.php(51): Illuminate/Pipeline/Pipeline->Illuminate/Pipeline/{closure}(Object(Illuminate/Http/Request))
#15 D:/laragon/www/Global Supply/supply-chain-platform/vendor/laravel/framework/src/Illuminate/Pipeline/Pipeline.php(209): Illuminate/Routing/Middleware/SubstituteBindings->handle(Object(Illuminate/Http/Request), Object(Closure))
#16 D:/laragon/www/Global Supply/supply-chain-platform/vendor/laravel/framework/src/Illuminate/Auth/Middleware/Authenticate.php(64): Illuminate/Pipeline/Pipeline->Illuminate/Pipeline/{closure}(Object(Illuminate/Http/Request))
#17 D:/laragon/www/Global Supply/supply-chain-platform/vendor/laravel/framework/src/Illuminate/Pipeline/Pipeline.php(209): Illuminate/Auth/Middleware/Authenticate->handle(Object(Illuminate/Http/Request), Object(Closure))
#18 D:/laragon/www/Global Supply/supply-chain-platform/vendor/laravel/framework/src/Illuminate/Foundation/Http/Middleware/VerifyCsrfToken.php(88): Illuminate/Pipeline/Pipeline->Illuminate/Pipeline/{closure}(Object(Illuminate/Http/Request))
#19 D:/laragon/www/Global Supply/supply-chain-platform/vendor/laravel/framework/src/Illuminate/Pipeline/Pipeline.php(209): Illuminate/Foundation/Http/Middleware/VerifyCsrfToken->handle(Object(Illuminate/Http/Request), Object(Closure))
#20 D:/laragon/www/Global Supply/supply-chain-platform/vendor/laravel/framework/src/Illuminate/View/Middleware/ShareErrorsFromSession.php(49): Illuminate/Pipeline/Pipeline->Illuminate/Pipeline/{closure}(Object(Illuminate/Http/Request))
#21 D:/laragon/www/Global Supply/supply-chain-platform/vendor/laravel/framework/src/Illuminate/Pipeline/Pipeline.php(209): Illuminate/View/Middleware/ShareErrorsFromSession->handle(Object(Illuminate/Http/Request), Object(Closure))
#22 D:/laragon/www/Global Supply/supply-chain-platform/vendor/laravel/framework/src/Illuminate/Session/Middleware/StartSession.php(121): Illuminate/Pipeline/Pipeline->Illuminate/Pipeline/{closure}(Object(Illuminate/Http/Request))
#23 D:/laragon/www/Global Supply/supply-chain-platform/vendor/laravel/framework/src/Illuminate/Session/Middleware/StartSession.php(64): Illuminate/Session/Middleware/StartSession->handleStatefulRequest(Object(Illuminate/Http/Request), Object(Illuminate/Session/Store), Object(Closure))
#24 D:/laragon/www/Global Supply/supply-chain-platform/vendor/laravel/framework/src/Illuminate/Pipeline/Pipeline.php(209): Illuminate/Session/Middleware/StartSession->handle(Object(Illuminate/Http/Request), Object(Closure))
#25 D:/laragon/www/Global Supply/supply-chain-platform/vendor/laravel/framework/src/Illuminate/Cookie/Middleware/AddQueuedCookiesToResponse.php(37): Illuminate/Pipeline/Pipeline->Illuminate/Pipeline/{closure}(Object(Illuminate/Http/Request))
#26 D:/laragon/www/Global Supply/supply-chain-platform/vendor/laravel/framework/src/Illuminate/Pipeline/Pipeline.php(209): Illuminate/Cookie/Middleware/AddQueuedCookiesToResponse->handle(Object(Illuminate/Http/Request), Object(Closure))
#27 D:/laragon/www/Global Supply/supply-chain-platform/vendor/laravel/framework/src/Illuminate/Cookie/Middleware/EncryptCookies.php(75): Illuminate/Pipeline/Pipeline->Illuminate/Pipeline/{closure}(Object(Illuminate/Http/Request))
#28 D:/laragon/www/Global Supply/supply-chain-platform/vendor/laravel/framework/src/Illuminate/Pipeline/Pipeline.php(209): Illuminate/Cookie/Middleware/EncryptCookies->handle(Object(Illuminate/Http/Request), Object(Closure))
#29 D:/laragon/www/Global Supply/supply-chain-platform/vendor/laravel/framework/src/Illuminate/Pipeline/Pipeline.php(127): Illuminate/Pipeline/Pipeline->Illuminate/Pipeline/{closure}(Object(Illuminate/Http/Request))
#30 D:/laragon/www/Global Supply/supply-chain-platform/vendor/laravel/framework/src/Illuminate/Routing/Router.php(807): Illuminate/Pipeline/Pipeline->then(Object(Closure))
#31 D:/laragon/www/Global Supply/supply-chain-platform/vendor/laravel/framework/src/Illuminate/Routing/Router.php(786): Illuminate/Routing/Router->runRouteWithinStack(Object(Illuminate/Routing/Route), Object(Illuminate/Http/Request))
#32 D:/laragon/www/Global Supply/supply-chain-platform/vendor/laravel/framework/src/Illuminate/Routing/Router.php(750): Illuminate/Routing/Router->runRoute(Object(Illuminate/Http/Request), Object(Illuminate/Routing/Route))
#33 D:/laragon/www/Global Supply/supply-chain-platform/vendor/laravel/framework/src/Illuminate/Routing/Router.php(739): Illuminate/Routing/Router->dispatchToRoute(Object(Illuminate/Http/Request))
#34 D:/laragon/www/Global Supply/supply-chain-platform/vendor/laravel/framework/src/Illuminate/Foundation/Http/Kernel.php(201): Illuminate/Routing/Router->dispatch(Object(Illuminate/Http/Request))
#35 D:/laragon/www/Global Supply/supply-chain-platform/vendor/laravel/framework/src/Illuminate/Pipeline/Pipeline.php(170): Illuminate/Foundation/Http/Kernel->Illuminate/Foundation/Http/{closure}(Object(Illuminate/Http/Request))
#36 D:/laragon/www/Global Supply/supply-chain-platform/vendor/laravel/framework/src/Illuminate/Foundation/Http/Middleware/TransformsRequest.php(21): Illuminate/Pipeline/Pipeline->Illuminate/Pipeline/{closure}(Object(Illuminate/Http/Request))
#37 D:/laragon/www/Global Supply/supply-chain-platform/vendor/laravel/framework/src/Illuminate/Foundation/Http/Middleware/ConvertEmptyStringsToNull.php(31): Illuminate/Foundation/Http/Middleware/TransformsRequest->handle(Object(Illuminate/Http/Request), Object(Closure))
#38 D:/laragon/www/Global Supply/supply-chain-platform/vendor/laravel/framework/src/Illuminate/Pipeline/Pipeline.php(209): Illuminate/Foundation/Http/Middleware/ConvertEmptyStringsToNull->handle(Object(Illuminate/Http/Request), Object(Closure))
#39 D:/laragon/www/Global Supply/supply-chain-platform/vendor/laravel/framework/src/Illuminate/Foundation/Http/Middleware/TransformsRequest.php(21): Illuminate/Pipeline/Pipeline->Illuminate/Pipeline/{closure}(Object(Illuminate/Http/Request))
#40 D:/laragon/www/Global Supply/supply-chain-platform/vendor/laravel/framework/src/Illuminate/Foundation/Http/Middleware/TrimStrings.php(51): Illuminate/Foundation/Http/Middleware/TransformsRequest->handle(Object(Illuminate/Http/Request), Object(Closure))
#41 D:/laragon/www/Global Supply/supply-chain-platform/vendor/laravel/framework/src/Illuminate/Pipeline/Pipeline.php(209): Illuminate/Foundation/Http/Middleware/TrimStrings->handle(Object(Illuminate/Http/Request), Object(Closure))
#42 D:/laragon/www/Global Supply/supply-chain-platform/vendor/laravel/framework/src/Illuminate/Http/Middleware/ValidatePostSize.php(27): Illuminate/Pipeline/Pipeline->Illuminate/Pipeline/{closure}(Object(Illuminate/Http/Request))
#43 D:/laragon/www/Global Supply/supply-chain-platform/vendor/laravel/framework/src/Illuminate/Pipeline/Pipeline.php(209): Illuminate/Http/Middleware/ValidatePostSize->handle(Object(Illuminate/Http/Request), Object(Closure))
#44 D:/laragon/www/Global Supply/supply-chain-platform/vendor/laravel/framework/src/Illuminate/Foundation/Http/Middleware/PreventRequestsDuringMaintenance.php(110): Illuminate/Pipeline/Pipeline->Illuminate/Pipeline/{closure}(Object(Illuminate/Http/Request))
#45 D:/laragon/www/Global Supply/supply-chain-platform/vendor/laravel/framework/src/Illuminate/Pipeline/Pipeline.php(209): Illuminate/Foundation/Http/Middleware/PreventRequestsDuringMaintenance->handle(Object(Illuminate/Http/Request), Object(Closure))
#46 D:/laragon/www/Global Supply/supply-chain-platform/vendor/laravel/framework/src/Illuminate/Http/Middleware/HandleCors.php(49): Illuminate/Pipeline/Pipeline->Illuminate/Pipeline/{closure}(Object(Illuminate/Http/Request))
#47 D:/laragon/www/Global Supply/supply-chain-platform/vendor/laravel/framework/src/Illuminate/Pipeline/Pipeline.php(209): Illuminate/Http/Middleware/HandleCors->handle(Object(Illuminate/Http/Request), Object(Closure))
#48 D:/laragon/www/Global Supply/supply-chain-platform/vendor/laravel/framework/src/Illuminate/Http/Middleware/TrustProxies.php(58): Illuminate/Pipeline/Pipeline->Illuminate/Pipeline/{closure}(Object(Illuminate/Http/Request))
#49 D:/laragon/www/Global Supply/supply-chain-platform/vendor/laravel/framework/src/Illuminate/Pipeline/Pipeline.php(209): Illuminate/Http/Middleware/TrustProxies->handle(Object(Illuminate/Http/Request), Object(Closure))
#50 D:/laragon/www/Global Supply/supply-chain-platform/vendor/laravel/framework/src/Illuminate/Foundation/Http/Middleware/InvokeDeferredCallbacks.php(22): Illuminate/Pipeline/Pipeline->Illuminate/Pipeline/{closure}(Object(Illuminate/Http/Request))
#51 D:/laragon/www/Global Supply/supply-chain-platform/vendor/laravel/framework/src/Illuminate/Pipeline/Pipeline.php(209): Illuminate/Foundation/Http/Middleware/InvokeDeferredCallbacks->handle(Object(Illuminate/Http/Request), Object(Closure))
#52 D:/laragon/www/Global Supply/supply-chain-platform/vendor/laravel/framework/src/Illuminate/Pipeline/Pipeline.php(127): Illuminate/Pipeline/Pipeline->Illuminate/Pipeline/{closure}(Object(Illuminate/Http/Request))
#53 D:/laragon/www/Global Supply/supply-chain-platform/vendor/laravel/framework/src/Illuminate/Foundation/Http/Kernel.php(176): Illuminate/Pipeline/Pipeline->then(Object(Closure))
#54 D:/laragon/www/Global Supply/supply-chain-platform/vendor/laravel/framework/src/Illuminate/Foundation/Http/Kernel.php(145): Illuminate/Foundation/Http/Kernel->sendRequestThroughRouter(Object(Illuminate/Http/Request))
#55 D:/laragon/www/Global Supply/supply-chain-platform/vendor/laravel/framework/src/Illuminate/Foundation/Application.php(1220): Illuminate/Foundation/Http/Kernel->handle(Object(Illuminate/Http/Request))
#56 D:/laragon/www/Global Supply/supply-chain-platform/public/index.php(20): Illuminate/Foundation/Application->handleRequest(Object(Illuminate/Http/Request))
#57 D:/laragon/www/Global Supply/supply-chain-platform/vendor/laravel/framework/src/Illuminate/Foundation/resources/server.php(23): require_once('D://laragon//www//...')
#58 {main}
"} 
[2026-07-13 23:35:56] local.ERROR: number_format(): Argument #1 ($num) must be of type int|float, array given {"userId":2,"exception":"[object] (Spatie\\LaravelIgnition\\Exceptions\\ViewException(code: 0): number_format(): Argument #1 ($num) must be of type int|float, array given at D:/laragon/www/Global Supply/supply-chain-platform/resources/views/currency/index.blade.php:66)
[stacktrace]
#0 D:/laragon/www/Global Supply/supply-chain-platform/vendor/laravel/framework/src/Illuminate/Filesystem/Filesystem.php(123): require('D://laragon//www//...')
#1 D:/laragon/www/Global Supply/supply-chain-platform/vendor/laravel/framework/src/Illuminate/Filesystem/Filesystem.php(124): Illuminate/Filesystem/Filesystem::Illuminate/Filesystem/{closure}()
#2 D:/laragon/www/Global Supply/supply-chain-platform/vendor/laravel/framework/src/Illuminate/View/Engines/PhpEngine.php(58): Illuminate/Filesystem/Filesystem->getRequire('D://laragon//www//...', Array)
#3 D:/laragon/www/Global Supply/supply-chain-platform/vendor/laravel/framework/src/Illuminate/View/Engines/CompilerEngine.php(75): Illuminate/View/Engines/PhpEngine->evaluatePath('D://laragon//www//...', Array)
#4 D:/laragon/www/Global Supply/supply-chain-platform/vendor/laravel/framework/src/Illuminate/View/View.php(209): Illuminate/View/Engines/CompilerEngine->get('D://laragon//www//...', Array)
#5 D:/laragon/www/Global Supply/supply-chain-platform/vendor/laravel/framework/src/Illuminate/View/View.php(192): Illuminate/View/View->getContents()
#6 D:/laragon/www/Global Supply/supply-chain-platform/vendor/laravel/framework/src/Illuminate/View/View.php(161): Illuminate/View/View->renderContents()
#7 D:/laragon/www/Global Supply/supply-chain-platform/vendor/laravel/framework/src/Illuminate/Http/Response.php(79): Illuminate/View/View->render()
#8 D:/laragon/www/Global Supply/supply-chain-platform/vendor/laravel/framework/src/Illuminate/Http/Response.php(35): Illuminate/Http/Response->setContent(Object(Illuminate/View/View))
#9 D:/laragon/www/Global Supply/supply-chain-platform/vendor/laravel/framework/src/Illuminate/Routing/Router.php(920): Illuminate/Http/Response->__construct(Object(Illuminate/View/View), 200, Array)
#10 D:/laragon/www/Global Supply/supply-chain-platform/vendor/laravel/framework/src/Illuminate/Routing/Router.php(887): Illuminate/Routing/Router::toResponse(Object(Illuminate/Http/Request), Object(Illuminate/View/View))
#11 D:/laragon/www/Global Supply/supply-chain-platform/vendor/laravel/framework/src/Illuminate/Routing/Router.php(807): Illuminate/Routing/Router->prepareResponse(Object(Illuminate/Http/Request), Object(Illuminate/View/View))
#12 D:/laragon/www/Global Supply/supply-chain-platform/vendor/laravel/framework/src/Illuminate/Pipeline/Pipeline.php(170): Illuminate/Routing/Router->Illuminate/Routing/{closure}(Object(Illuminate/Http/Request))
#13 D:/laragon/www/Global Supply/supply-chain-platform/vendor/laravel/framework/src/Illuminate/Routing/Middleware/SubstituteBindings.php(51): Illuminate/Pipeline/Pipeline->Illuminate/Pipeline/{closure}(Object(Illuminate/Http/Request))
#14 D:/laragon/www/Global Supply/supply-chain-platform/vendor/laravel/framework/src/Illuminate/Pipeline/Pipeline.php(209): Illuminate/Routing/Middleware/SubstituteBindings->handle(Object(Illuminate/Http/Request), Object(Closure))
#15 D:/laragon/www/Global Supply/supply-chain-platform/vendor/laravel/framework/src/Illuminate/Auth/Middleware/Authenticate.php(64): Illuminate/Pipeline/Pipeline->Illuminate/Pipeline/{closure}(Object(Illuminate/Http/Request))
#16 D:/laragon/www/Global Supply/supply-chain-platform/vendor/laravel/framework/src/Illuminate/Pipeline/Pipeline.php(209): Illuminate/Auth/Middleware/Authenticate->handle(Object(Illuminate/Http/Request), Object(Closure))
#17 D:/laragon/www/Global Supply/supply-chain-platform/vendor/laravel/framework/src/Illuminate/Foundation/Http/Middleware/VerifyCsrfToken.php(88): Illuminate/Pipeline/Pipeline->Illuminate/Pipeline/{closure}(Object(Illuminate/Http/Request))
#18 D:/laragon/www/Global Supply/supply-chain-platform/vendor/laravel/framework/src/Illuminate/Pipeline/Pipeline.php(209): Illuminate/Foundation/Http/Middleware/VerifyCsrfToken->handle(Object(Illuminate/Http/Request), Object(Closure))
#19 D:/laragon/www/Global Supply/supply-chain-platform/vendor/laravel/framework/src/Illuminate/View/Middleware/ShareErrorsFromSession.php(49): Illuminate/Pipeline/Pipeline->Illuminate/Pipeline/{closure}(Object(Illuminate/Http/Request))
#20 D:/laragon/www/Global Supply/supply-chain-platform/vendor/laravel/framework/src/Illuminate/Pipeline/Pipeline.php(209): Illuminate/View/Middleware/ShareErrorsFromSession->handle(Object(Illuminate/Http/Request), Object(Closure))
#21 D:/laragon/www/Global Supply/supply-chain-platform/vendor/laravel/framework/src/Illuminate/Session/Middleware/StartSession.php(121): Illuminate/Pipeline/Pipeline->Illuminate/Pipeline/{closure}(Object(Illuminate/Http/Request))
#22 D:/laragon/www/Global Supply/supply-chain-platform/vendor/laravel/framework/src/Illuminate/Session/Middleware/StartSession.php(64): Illuminate/Session/Middleware/StartSession->handleStatefulRequest(Object(Illuminate/Http/Request), Object(Illuminate/Session/Store), Object(Closure))
#23 D:/laragon/www/Global Supply/supply-chain-platform/vendor/laravel/framework/src/Illuminate/Pipeline/Pipeline.php(209): Illuminate/Session/Middleware/StartSession->handle(Object(Illuminate/Http/Request), Object(Closure))
#24 D:/laragon/www/Global Supply/supply-chain-platform/vendor/laravel/framework/src/Illuminate/Cookie/Middleware/AddQueuedCookiesToResponse.php(37): Illuminate/Pipeline/Pipeline->Illuminate/Pipeline/{closure}(Object(Illuminate/Http/Request))
#25 D:/laragon/www/Global Supply/supply-chain-platform/vendor/laravel/framework/src/Illuminate/Pipeline/Pipeline.php(209): Illuminate/Cookie/Middleware/AddQueuedCookiesToResponse->handle(Object(Illuminate/Http/Request), Object(Closure))
#26 D:/laragon/www/Global Supply/supply-chain-platform/vendor/laravel/framework/src/Illuminate/Cookie/Middleware/EncryptCookies.php(75): Illuminate/Pipeline/Pipeline->Illuminate/Pipeline/{closure}(Object(Illuminate/Http/Request))
#27 D:/laragon/www/Global Supply/supply-chain-platform/vendor/laravel/framework/src/Illuminate/Pipeline/Pipeline.php(209): Illuminate/Cookie/Middleware/EncryptCookies->handle(Object(Illuminate/Http/Request), Object(Closure))
#28 D:/laragon/www/Global Supply/supply-chain-platform/vendor/laravel/framework/src/Illuminate/Pipeline/Pipeline.php(127): Illuminate/Pipeline/Pipeline->Illuminate/Pipeline/{closure}(Object(Illuminate/Http/Request))
#29 D:/laragon/www/Global Supply/supply-chain-platform/vendor/laravel/framework/src/Illuminate/Routing/Router.php(807): Illuminate/Pipeline/Pipeline->then(Object(Closure))
#30 D:/laragon/www/Global Supply/supply-chain-platform/vendor/laravel/framework/src/Illuminate/Routing/Router.php(786): Illuminate/Routing/Router->runRouteWithinStack(Object(Illuminate/Routing/Route), Object(Illuminate/Http/Request))
#31 D:/laragon/www/Global Supply/supply-chain-platform/vendor/laravel/framework/src/Illuminate/Routing/Router.php(750): Illuminate/Routing/Router->runRoute(Object(Illuminate/Http/Request), Object(Illuminate/Routing/Route))
#32 D:/laragon/www/Global Supply/supply-chain-platform/vendor/laravel/framework/src/Illuminate/Routing/Router.php(739): Illuminate/Routing/Router->dispatchToRoute(Object(Illuminate/Http/Request))
#33 D:/laragon/www/Global Supply/supply-chain-platform/vendor/laravel/framework/src/Illuminate/Foundation/Http/Kernel.php(201): Illuminate/Routing/Router->dispatch(Object(Illuminate/Http/Request))
#34 D:/laragon/www/Global Supply/supply-chain-platform/vendor/laravel/framework/src/Illuminate/Pipeline/Pipeline.php(170): Illuminate/Foundation/Http/Kernel->Illuminate/Foundation/Http/{closure}(Object(Illuminate/Http/Request))
#35 D:/laragon/www/Global Supply/supply-chain-platform/vendor/laravel/framework/src/Illuminate/Foundation/Http/Middleware/TransformsRequest.php(21): Illuminate/Pipeline/Pipeline->Illuminate/Pipeline/{closure}(Object(Illuminate/Http/Request))
#36 D:/laragon/www/Global Supply/supply-chain-platform/vendor/laravel/framework/src/Illuminate/Foundation/Http/Middleware/ConvertEmptyStringsToNull.php(31): Illuminate/Foundation/Http/Middleware/TransformsRequest->handle(Object(Illuminate/Http/Request), Object(Closure))
#37 D:/laragon/www/Global Supply/supply-chain-platform/vendor/laravel/framework/src/Illuminate/Pipeline/Pipeline.php(209): Illuminate/Foundation/Http/Middleware/ConvertEmptyStringsToNull->handle(Object(Illuminate/Http/Request), Object(Closure))
#38 D:/laragon/www/Global Supply/supply-chain-platform/vendor/laravel/framework/src/Illuminate/Foundation/Http/Middleware/TransformsRequest.php(21): Illuminate/Pipeline/Pipeline->Illuminate/Pipeline/{closure}(Object(Illuminate/Http/Request))
#39 D:/laragon/www/Global Supply/supply-chain-platform/vendor/laravel/framework/src/Illuminate/Foundation/Http/Middleware/TrimStrings.php(51): Illuminate/Foundation/Http/Middleware/TransformsRequest->handle(Object(Illuminate/Http/Request), Object(Closure))
#40 D:/laragon/www/Global Supply/supply-chain-platform/vendor/laravel/framework/src/Illuminate/Pipeline/Pipeline.php(209): Illuminate/Foundation/Http/Middleware/TrimStrings->handle(Object(Illuminate/Http/Request), Object(Closure))
#41 D:/laragon/www/Global Supply/supply-chain-platform/vendor/laravel/framework/src/Illuminate/Http/Middleware/ValidatePostSize.php(27): Illuminate/Pipeline/Pipeline->Illuminate/Pipeline/{closure}(Object(Illuminate/Http/Request))
#42 D:/laragon/www/Global Supply/supply-chain-platform/vendor/laravel/framework/src/Illuminate/Pipeline/Pipeline.php(209): Illuminate/Http/Middleware/ValidatePostSize->handle(Object(Illuminate/Http/Request), Object(Closure))
#43 D:/laragon/www/Global Supply/supply-chain-platform/vendor/laravel/framework/src/Illuminate/Foundation/Http/Middleware/PreventRequestsDuringMaintenance.php(110): Illuminate/Pipeline/Pipeline->Illuminate/Pipeline/{closure}(Object(Illuminate/Http/Request))
#44 D:/laragon/www/Global Supply/supply-chain-platform/vendor/laravel/framework/src/Illuminate/Pipeline/Pipeline.php(209): Illuminate/Foundation/Http/Middleware/PreventRequestsDuringMaintenance->handle(Object(Illuminate/Http/Request), Object(Closure))
#45 D:/laragon/www/Global Supply/supply-chain-platform/vendor/laravel/framework/src/Illuminate/Http/Middleware/HandleCors.php(49): Illuminate/Pipeline/Pipeline->Illuminate/Pipeline/{closure}(Object(Illuminate/Http/Request))
#46 D:/laragon/www/Global Supply/supply-chain-platform/vendor/laravel/framework/src/Illuminate/Pipeline/Pipeline.php(209): Illuminate/Http/Middleware/HandleCors->handle(Object(Illuminate/Http/Request), Object(Closure))
#47 D:/laragon/www/Global Supply/supply-chain-platform/vendor/laravel/framework/src/Illuminate/Http/Middleware/TrustProxies.php(58): Illuminate/Pipeline/Pipeline->Illuminate/Pipeline/{closure}(Object(Illuminate/Http/Request))
#48 D:/laragon/www/Global Supply/supply-chain-platform/vendor/laravel/framework/src/Illuminate/Pipeline/Pipeline.php(209): Illuminate/Http/Middleware/TrustProxies->handle(Object(Illuminate/Http/Request), Object(Closure))
#49 D:/laragon/www/Global Supply/supply-chain-platform/vendor/laravel/framework/src/Illuminate/Foundation/Http/Middleware/InvokeDeferredCallbacks.php(22): Illuminate/Pipeline/Pipeline->Illuminate/Pipeline/{closure}(Object(Illuminate/Http/Request))
#50 D:/laragon/www/Global Supply/supply-chain-platform/vendor/laravel/framework/src/Illuminate/Pipeline/Pipeline.php(209): Illuminate/Foundation/Http/Middleware/InvokeDeferredCallbacks->handle(Object(Illuminate/Http/Request), Object(Closure))
#51 D:/laragon/www/Global Supply/supply-chain-platform/vendor/laravel/framework/src/Illuminate/Pipeline/Pipeline.php(127): Illuminate/Pipeline/Pipeline->Illuminate/Pipeline/{closure}(Object(Illuminate/Http/Request))
#52 D:/laragon/www/Global Supply/supply-chain-platform/vendor/laravel/framework/src/Illuminate/Foundation/Http/Kernel.php(176): Illuminate/Pipeline/Pipeline->then(Object(Closure))
#53 D:/laragon/www/Global Supply/supply-chain-platform/vendor/laravel/framework/src/Illuminate/Foundation/Http/Kernel.php(145): Illuminate/Foundation/Http/Kernel->sendRequestThroughRouter(Object(Illuminate/Http/Request))
#54 D:/laragon/www/Global Supply/supply-chain-platform/vendor/laravel/framework/src/Illuminate/Foundation/Application.php(1220): Illuminate/Foundation/Http/Kernel->handle(Object(Illuminate/Http/Request))
#55 D:/laragon/www/Global Supply/supply-chain-platform/public/index.php(20): Illuminate/Foundation/Application->handleRequest(Object(Illuminate/Http/Request))
#56 D:/laragon/www/Global Supply/supply-chain-platform/vendor/laravel/framework/src/Illuminate/Foundation/resources/server.php(23): require_once('D://laragon//www//...')
#57 {main}

[previous exception] [object] (TypeError(code: 0): number_format(): Argument #1 ($num) must be of type int|float, array given at D:/laragon/www/Global Supply/supply-chain-platform/storage/framework/views/5f2c451ce18af83be51f48ce74aaa1b6.php:66)
[stacktrace]
#0 D:/laragon/www/Global Supply/supply-chain-platform/storage/framework/views/5f2c451ce18af83be51f48ce74aaa1b6.php(66): number_format(Array, 2)
#1 D:/laragon/www/Global Supply/supply-chain-platform/vendor/laravel/framework/src/Illuminate/Filesystem/Filesystem.php(123): require('D://laragon//www//...')
#2 D:/laragon/www/Global Supply/supply-chain-platform/vendor/laravel/framework/src/Illuminate/Filesystem/Filesystem.php(124): Illuminate/Filesystem/Filesystem::Illuminate/Filesystem/{closure}()
#3 D:/laragon/www/Global Supply/supply-chain-platform/vendor/laravel/framework/src/Illuminate/View/Engines/PhpEngine.php(58): Illuminate/Filesystem/Filesystem->getRequire('D://laragon//www//...', Array)
#4 D:/laragon/www/Global Supply/supply-chain-platform/vendor/laravel/framework/src/Illuminate/View/Engines/CompilerEngine.php(75): Illuminate/View/Engines/PhpEngine->evaluatePath('D://laragon//www//...', Array)
#5 D:/laragon/www/Global Supply/supply-chain-platform/vendor/laravel/framework/src/Illuminate/View/View.php(209): Illuminate/View/Engines/CompilerEngine->get('D://laragon//www//...', Array)
#6 D:/laragon/www/Global Supply/supply-chain-platform/vendor/laravel/framework/src/Illuminate/View/View.php(192): Illuminate/View/View->getContents()
#7 D:/laragon/www/Global Supply/supply-chain-platform/vendor/laravel/framework/src/Illuminate/View/View.php(161): Illuminate/View/View->renderContents()
#8 D:/laragon/www/Global Supply/supply-chain-platform/vendor/laravel/framework/src/Illuminate/Http/Response.php(79): Illuminate/View/View->render()
#9 D:/laragon/www/Global Supply/supply-chain-platform/vendor/laravel/framework/src/Illuminate/Http/Response.php(35): Illuminate/Http/Response->setContent(Object(Illuminate/View/View))
#10 D:/laragon/www/Global Supply/supply-chain-platform/vendor/laravel/framework/src/Illuminate/Routing/Router.php(920): Illuminate/Http/Response->__construct(Object(Illuminate/View/View), 200, Array)
#11 D:/laragon/www/Global Supply/supply-chain-platform/vendor/laravel/framework/src/Illuminate/Routing/Router.php(887): Illuminate/Routing/Router::toResponse(Object(Illuminate/Http/Request), Object(Illuminate/View/View))
#12 D:/laragon/www/Global Supply/supply-chain-platform/vendor/laravel/framework/src/Illuminate/Routing/Router.php(807): Illuminate/Routing/Router->prepareResponse(Object(Illuminate/Http/Request), Object(Illuminate/View/View))
#13 D:/laragon/www/Global Supply/supply-chain-platform/vendor/laravel/framework/src/Illuminate/Pipeline/Pipeline.php(170): Illuminate/Routing/Router->Illuminate/Routing/{closure}(Object(Illuminate/Http/Request))
#14 D:/laragon/www/Global Supply/supply-chain-platform/vendor/laravel/framework/src/Illuminate/Routing/Middleware/SubstituteBindings.php(51): Illuminate/Pipeline/Pipeline->Illuminate/Pipeline/{closure}(Object(Illuminate/Http/Request))
#15 D:/laragon/www/Global Supply/supply-chain-platform/vendor/laravel/framework/src/Illuminate/Pipeline/Pipeline.php(209): Illuminate/Routing/Middleware/SubstituteBindings->handle(Object(Illuminate/Http/Request), Object(Closure))
#16 D:/laragon/www/Global Supply/supply-chain-platform/vendor/laravel/framework/src/Illuminate/Auth/Middleware/Authenticate.php(64): Illuminate/Pipeline/Pipeline->Illuminate/Pipeline/{closure}(Object(Illuminate/Http/Request))
#17 D:/laragon/www/Global Supply/supply-chain-platform/vendor/laravel/framework/src/Illuminate/Pipeline/Pipeline.php(209): Illuminate/Auth/Middleware/Authenticate->handle(Object(Illuminate/Http/Request), Object(Closure))
#18 D:/laragon/www/Global Supply/supply-chain-platform/vendor/laravel/framework/src/Illuminate/Foundation/Http/Middleware/VerifyCsrfToken.php(88): Illuminate/Pipeline/Pipeline->Illuminate/Pipeline/{closure}(Object(Illuminate/Http/Request))
#19 D:/laragon/www/Global Supply/supply-chain-platform/vendor/laravel/framework/src/Illuminate/Pipeline/Pipeline.php(209): Illuminate/Foundation/Http/Middleware/VerifyCsrfToken->handle(Object(Illuminate/Http/Request), Object(Closure))
#20 D:/laragon/www/Global Supply/supply-chain-platform/vendor/laravel/framework/src/Illuminate/View/Middleware/ShareErrorsFromSession.php(49): Illuminate/Pipeline/Pipeline->Illuminate/Pipeline/{closure}(Object(Illuminate/Http/Request))
#21 D:/laragon/www/Global Supply/supply-chain-platform/vendor/laravel/framework/src/Illuminate/Pipeline/Pipeline.php(209): Illuminate/View/Middleware/ShareErrorsFromSession->handle(Object(Illuminate/Http/Request), Object(Closure))
#22 D:/laragon/www/Global Supply/supply-chain-platform/vendor/laravel/framework/src/Illuminate/Session/Middleware/StartSession.php(121): Illuminate/Pipeline/Pipeline->Illuminate/Pipeline/{closure}(Object(Illuminate/Http/Request))
#23 D:/laragon/www/Global Supply/supply-chain-platform/vendor/laravel/framework/src/Illuminate/Session/Middleware/StartSession.php(64): Illuminate/Session/Middleware/StartSession->handleStatefulRequest(Object(Illuminate/Http/Request), Object(Illuminate/Session/Store), Object(Closure))
#24 D:/laragon/www/Global Supply/supply-chain-platform/vendor/laravel/framework/src/Illuminate/Pipeline/Pipeline.php(209): Illuminate/Session/Middleware/StartSession->handle(Object(Illuminate/Http/Request), Object(Closure))
#25 D:/laragon/www/Global Supply/supply-chain-platform/vendor/laravel/framework/src/Illuminate/Cookie/Middleware/AddQueuedCookiesToResponse.php(37): Illuminate/Pipeline/Pipeline->Illuminate/Pipeline/{closure}(Object(Illuminate/Http/Request))
#26 D:/laragon/www/Global Supply/supply-chain-platform/vendor/laravel/framework/src/Illuminate/Pipeline/Pipeline.php(209): Illuminate/Cookie/Middleware/AddQueuedCookiesToResponse->handle(Object(Illuminate/Http/Request), Object(Closure))
#27 D:/laragon/www/Global Supply/supply-chain-platform/vendor/laravel/framework/src/Illuminate/Cookie/Middleware/EncryptCookies.php(75): Illuminate/Pipeline/Pipeline->Illuminate/Pipeline/{closure}(Object(Illuminate/Http/Request))
#28 D:/laragon/www/Global Supply/supply-chain-platform/vendor/laravel/framework/src/Illuminate/Pipeline/Pipeline.php(209): Illuminate/Cookie/Middleware/EncryptCookies->handle(Object(Illuminate/Http/Request), Object(Closure))
#29 D:/laragon/www/Global Supply/supply-chain-platform/vendor/laravel/framework/src/Illuminate/Pipeline/Pipeline.php(127): Illuminate/Pipeline/Pipeline->Illuminate/Pipeline/{closure}(Object(Illuminate/Http/Request))
#30 D:/laragon/www/Global Supply/supply-chain-platform/vendor/laravel/framework/src/Illuminate/Routing/Router.php(807): Illuminate/Pipeline/Pipeline->then(Object(Closure))
#31 D:/laragon/www/Global Supply/supply-chain-platform/vendor/laravel/framework/src/Illuminate/Routing/Router.php(786): Illuminate/Routing/Router->runRouteWithinStack(Object(Illuminate/Routing/Route), Object(Illuminate/Http/Request))
#32 D:/laragon/www/Global Supply/supply-chain-platform/vendor/laravel/framework/src/Illuminate/Routing/Router.php(750): Illuminate/Routing/Router->runRoute(Object(Illuminate/Http/Request), Object(Illuminate/Routing/Route))
#33 D:/laragon/www/Global Supply/supply-chain-platform/vendor/laravel/framework/src/Illuminate/Routing/Router.php(739): Illuminate/Routing/Router->dispatchToRoute(Object(Illuminate/Http/Request))
#34 D:/laragon/www/Global Supply/supply-chain-platform/vendor/laravel/framework/src/Illuminate/Foundation/Http/Kernel.php(201): Illuminate/Routing/Router->dispatch(Object(Illuminate/Http/Request))
#35 D:/laragon/www/Global Supply/supply-chain-platform/vendor/laravel/framework/src/Illuminate/Pipeline/Pipeline.php(170): Illuminate/Foundation/Http/Kernel->Illuminate/Foundation/Http/{closure}(Object(Illuminate/Http/Request))
#36 D:/laragon/www/Global Supply/supply-chain-platform/vendor/laravel/framework/src/Illuminate/Foundation/Http/Middleware/TransformsRequest.php(21): Illuminate/Pipeline/Pipeline->Illuminate/Pipeline/{closure}(Object(Illuminate/Http/Request))
#37 D:/laragon/www/Global Supply/supply-chain-platform/vendor/laravel/framework/src/Illuminate/Foundation/Http/Middleware/ConvertEmptyStringsToNull.php(31): Illuminate/Foundation/Http/Middleware/TransformsRequest->handle(Object(Illuminate/Http/Request), Object(Closure))
#38 D:/laragon/www/Global Supply/supply-chain-platform/vendor/laravel/framework/src/Illuminate/Pipeline/Pipeline.php(209): Illuminate/Foundation/Http/Middleware/ConvertEmptyStringsToNull->handle(Object(Illuminate/Http/Request), Object(Closure))
#39 D:/laragon/www/Global Supply/supply-chain-platform/vendor/laravel/framework/src/Illuminate/Foundation/Http/Middleware/TransformsRequest.php(21): Illuminate/Pipeline/Pipeline->Illuminate/Pipeline/{closure}(Object(Illuminate/Http/Request))
#40 D:/laragon/www/Global Supply/supply-chain-platform/vendor/laravel/framework/src/Illuminate/Foundation/Http/Middleware/TrimStrings.php(51): Illuminate/Foundation/Http/Middleware/TransformsRequest->handle(Object(Illuminate/Http/Request), Object(Closure))
#41 D:/laragon/www/Global Supply/supply-chain-platform/vendor/laravel/framework/src/Illuminate/Pipeline/Pipeline.php(209): Illuminate/Foundation/Http/Middleware/TrimStrings->handle(Object(Illuminate/Http/Request), Object(Closure))
#42 D:/laragon/www/Global Supply/supply-chain-platform/vendor/laravel/framework/src/Illuminate/Http/Middleware/ValidatePostSize.php(27): Illuminate/Pipeline/Pipeline->Illuminate/Pipeline/{closure}(Object(Illuminate/Http/Request))
#43 D:/laragon/www/Global Supply/supply-chain-platform/vendor/laravel/framework/src/Illuminate/Pipeline/Pipeline.php(209): Illuminate/Http/Middleware/ValidatePostSize->handle(Object(Illuminate/Http/Request), Object(Closure))
#44 D:/laragon/www/Global Supply/supply-chain-platform/vendor/laravel/framework/src/Illuminate/Foundation/Http/Middleware/PreventRequestsDuringMaintenance.php(110): Illuminate/Pipeline/Pipeline->Illuminate/Pipeline/{closure}(Object(Illuminate/Http/Request))
#45 D:/laragon/www/Global Supply/supply-chain-platform/vendor/laravel/framework/src/Illuminate/Pipeline/Pipeline.php(209): Illuminate/Foundation/Http/Middleware/PreventRequestsDuringMaintenance->handle(Object(Illuminate/Http/Request), Object(Closure))
#46 D:/laragon/www/Global Supply/supply-chain-platform/vendor/laravel/framework/src/Illuminate/Http/Middleware/HandleCors.php(49): Illuminate/Pipeline/Pipeline->Illuminate/Pipeline/{closure}(Object(Illuminate/Http/Request))
#47 D:/laragon/www/Global Supply/supply-chain-platform/vendor/laravel/framework/src/Illuminate/Pipeline/Pipeline.php(209): Illuminate/Http/Middleware/HandleCors->handle(Object(Illuminate/Http/Request), Object(Closure))
#48 D:/laragon/www/Global Supply/supply-chain-platform/vendor/laravel/framework/src/Illuminate/Http/Middleware/TrustProxies.php(58): Illuminate/Pipeline/Pipeline->Illuminate/Pipeline/{closure}(Object(Illuminate/Http/Request))
#49 D:/laragon/www/Global Supply/supply-chain-platform/vendor/laravel/framework/src/Illuminate/Pipeline/Pipeline.php(209): Illuminate/Http/Middleware/TrustProxies->handle(Object(Illuminate/Http/Request), Object(Closure))
#50 D:/laragon/www/Global Supply/supply-chain-platform/vendor/laravel/framework/src/Illuminate/Foundation/Http/Middleware/InvokeDeferredCallbacks.php(22): Illuminate/Pipeline/Pipeline->Illuminate/Pipeline/{closure}(Object(Illuminate/Http/Request))
#51 D:/laragon/www/Global Supply/supply-chain-platform/vendor/laravel/framework/src/Illuminate/Pipeline/Pipeline.php(209): Illuminate/Foundation/Http/Middleware/InvokeDeferredCallbacks->handle(Object(Illuminate/Http/Request), Object(Closure))
#52 D:/laragon/www/Global Supply/supply-chain-platform/vendor/laravel/framework/src/Illuminate/Pipeline/Pipeline.php(127): Illuminate/Pipeline/Pipeline->Illuminate/Pipeline/{closure}(Object(Illuminate/Http/Request))
#53 D:/laragon/www/Global Supply/supply-chain-platform/vendor/laravel/framework/src/Illuminate/Foundation/Http/Kernel.php(176): Illuminate/Pipeline/Pipeline->then(Object(Closure))
#54 D:/laragon/www/Global Supply/supply-chain-platform/vendor/laravel/framework/src/Illuminate/Foundation/Http/Kernel.php(145): Illuminate/Foundation/Http/Kernel->sendRequestThroughRouter(Object(Illuminate/Http/Request))
#55 D:/laragon/www/Global Supply/supply-chain-platform/vendor/laravel/framework/src/Illuminate/Foundation/Application.php(1220): Illuminate/Foundation/Http/Kernel->handle(Object(Illuminate/Http/Request))
#56 D:/laragon/www/Global Supply/supply-chain-platform/public/index.php(20): Illuminate/Foundation/Application->handleRequest(Object(Illuminate/Http/Request))
#57 D:/laragon/www/Global Supply/supply-chain-platform/vendor/laravel/framework/src/Illuminate/Foundation/resources/server.php(23): require_once('D://laragon//www//...')
#58 {main}
"} 
[2026-07-13 23:36:44] local.WARNING: [exchangerate] HTTP 404 → https://v6.exchangerate-api.com/v6/your_exchangerate_api_key_here/latest/EUR  
[2026-07-13 23:36:47] local.WARNING: [exchangerate] HTTP 404 → https://v6.exchangerate-api.com/v6/your_exchangerate_api_key_here/latest/USD  
[2026-07-13 23:36:48] local.WARNING: [exchangerate] HTTP 404 → https://v6.exchangerate-api.com/v6/your_exchangerate_api_key_here/latest/USD  
[2026-07-13 23:37:08] local.WARNING: [exchangerate] HTTP 404 → https://v6.exchangerate-api.com/v6/your_exchangerate_api_key_here/latest/USD  
[2026-07-13 23:37:42] local.WARNING: [exchangerate] HTTP 404 → https://v6.exchangerate-api.com/v6/your_exchangerate_api_key_here/latest/USD  
[2026-07-13 23:37:43] local.WARNING: [exchangerate] HTTP 404 → https://v6.exchangerate-api.com/v6/your_exchangerate_api_key_here/latest/USD  
[2026-07-13 23:37:44] local.WARNING: [exchangerate] HTTP 404 → https://v6.exchangerate-api.com/v6/your_exchangerate_api_key_here/latest/USD  
[2026-07-13 23:37:49] local.WARNING: [exchangerate] HTTP 404 → https://v6.exchangerate-api.com/v6/your_exchangerate_api_key_here/latest/USD  
[2026-07-13 23:37:50] local.WARNING: [exchangerate] HTTP 404 → https://v6.exchangerate-api.com/v6/your_exchangerate_api_key_here/latest/USD  
[2026-07-13 23:37:51] local.WARNING: [exchangerate] HTTP 404 → https://v6.exchangerate-api.com/v6/your_exchangerate_api_key_here/latest/USD  
[2026-07-13 23:38:09] local.WARNING: [exchangerate] HTTP 404 → https://v6.exchangerate-api.com/v6/your_exchangerate_api_key_here/latest/USD  
[2026-07-13 23:38:10] local.WARNING: [exchangerate] HTTP 404 → https://v6.exchangerate-api.com/v6/your_exchangerate_api_key_here/latest/USD  
[2026-07-13 23:38:11] local.WARNING: [exchangerate] HTTP 404 → https://v6.exchangerate-api.com/v6/your_exchangerate_api_key_here/latest/USD  
[2026-07-13 23:41:38] local.ERROR: syntax error, unexpected identifier "ExchangeRateService" {"userId":2,"exception":"[object] (ParseError(code: 0): syntax error, unexpected identifier \"ExchangeRateService\" at D:/laragon/www/Global Supply/supply-chain-platform/app/Services/ExchangeRateService.php:13)
[stacktrace]
#0 D:/laragon/www/Global Supply/supply-chain-platform/vendor/composer/ClassLoader.php(427): Composer/Autoload/{closure}('D://laragon//www//...')
#1 [internal function]: Composer/Autoload/ClassLoader->loadClass('App//Services//Ex...')
#2 D:/laragon/www/Global Supply/supply-chain-platform/vendor/laravel/framework/src/Illuminate/Container/Container.php(959): ReflectionClass->__construct('App//Services//Ex...')
#3 D:/laragon/www/Global Supply/supply-chain-platform/vendor/laravel/framework/src/Illuminate/Container/Container.php(832): Illuminate/Container/Container->build('App//Services//Ex...')
#4 D:/laragon/www/Global Supply/supply-chain-platform/vendor/laravel/framework/src/Illuminate/Foundation/Application.php(1078): Illuminate/Container/Container->resolve('App//Services//Ex...', Array, true)
#5 D:/laragon/www/Global Supply/supply-chain-platform/vendor/laravel/framework/src/Illuminate/Container/Container.php(763): Illuminate/Foundation/Application->resolve('App//Services//Ex...', Array)
#6 D:/laragon/www/Global Supply/supply-chain-platform/vendor/laravel/framework/src/Illuminate/Foundation/Application.php(1058): Illuminate/Container/Container->make('App//Services//Ex...', Array)
#7 D:/laragon/www/Global Supply/supply-chain-platform/vendor/laravel/framework/src/Illuminate/Container/Container.php(1133): Illuminate/Foundation/Application->make('App//Services//Ex...')
#8 D:/laragon/www/Global Supply/supply-chain-platform/vendor/laravel/framework/src/Illuminate/Container/Container.php(1043): Illuminate/Container/Container->resolveClass(Object(ReflectionParameter))
#9 D:/laragon/www/Global Supply/supply-chain-platform/vendor/laravel/framework/src/Illuminate/Container/Container.php(994): Illuminate/Container/Container->resolveDependencies(Array)
#10 D:/laragon/www/Global Supply/supply-chain-platform/vendor/laravel/framework/src/Illuminate/Container/Container.php(832): Illuminate/Container/Container->build('App//Http//Contro...')
#11 D:/laragon/www/Global Supply/supply-chain-platform/vendor/laravel/framework/src/Illuminate/Foundation/Application.php(1078): Illuminate/Container/Container->resolve('App//Http//Contro...', Array, true)
#12 D:/laragon/www/Global Supply/supply-chain-platform/vendor/laravel/framework/src/Illuminate/Container/Container.php(763): Illuminate/Foundation/Application->resolve('App//Http//Contro...', Array)
#13 D:/laragon/www/Global Supply/supply-chain-platform/vendor/laravel/framework/src/Illuminate/Foundation/Application.php(1058): Illuminate/Container/Container->make('App//Http//Contro...', Array)
#14 D:/laragon/www/Global Supply/supply-chain-platform/vendor/laravel/framework/src/Illuminate/Routing/Route.php(285): Illuminate/Foundation/Application->make('App//Http//Contro...')
#15 D:/laragon/www/Global Supply/supply-chain-platform/vendor/laravel/framework/src/Illuminate/Routing/Route.php(267): Illuminate/Routing/Route->getController()
#16 D:/laragon/www/Global Supply/supply-chain-platform/vendor/laravel/framework/src/Illuminate/Routing/Route.php(212): Illuminate/Routing/Route->runController()
#17 D:/laragon/www/Global Supply/supply-chain-platform/vendor/laravel/framework/src/Illuminate/Routing/Router.php(808): Illuminate/Routing/Route->run()
#18 D:/laragon/www/Global Supply/supply-chain-platform/vendor/laravel/framework/src/Illuminate/Pipeline/Pipeline.php(170): Illuminate/Routing/Router->Illuminate/Routing/{closure}(Object(Illuminate/Http/Request))
#19 D:/laragon/www/Global Supply/supply-chain-platform/vendor/laravel/framework/src/Illuminate/Routing/Middleware/SubstituteBindings.php(51): Illuminate/Pipeline/Pipeline->Illuminate/Pipeline/{closure}(Object(Illuminate/Http/Request))
#20 D:/laragon/www/Global Supply/supply-chain-platform/vendor/laravel/framework/src/Illuminate/Pipeline/Pipeline.php(209): Illuminate/Routing/Middleware/SubstituteBindings->handle(Object(Illuminate/Http/Request), Object(Closure))
#21 D:/laragon/www/Global Supply/supply-chain-platform/vendor/laravel/framework/src/Illuminate/Auth/Middleware/Authenticate.php(64): Illuminate/Pipeline/Pipeline->Illuminate/Pipeline/{closure}(Object(Illuminate/Http/Request))
#22 D:/laragon/www/Global Supply/supply-chain-platform/vendor/laravel/framework/src/Illuminate/Pipeline/Pipeline.php(209): Illuminate/Auth/Middleware/Authenticate->handle(Object(Illuminate/Http/Request), Object(Closure))
#23 D:/laragon/www/Global Supply/supply-chain-platform/vendor/laravel/framework/src/Illuminate/Foundation/Http/Middleware/VerifyCsrfToken.php(88): Illuminate/Pipeline/Pipeline->Illuminate/Pipeline/{closure}(Object(Illuminate/Http/Request))
#24 D:/laragon/www/Global Supply/supply-chain-platform/vendor/laravel/framework/src/Illuminate/Pipeline/Pipeline.php(209): Illuminate/Foundation/Http/Middleware/VerifyCsrfToken->handle(Object(Illuminate/Http/Request), Object(Closure))
#25 D:/laragon/www/Global Supply/supply-chain-platform/vendor/laravel/framework/src/Illuminate/View/Middleware/ShareErrorsFromSession.php(49): Illuminate/Pipeline/Pipeline->Illuminate/Pipeline/{closure}(Object(Illuminate/Http/Request))
#26 D:/laragon/www/Global Supply/supply-chain-platform/vendor/laravel/framework/src/Illuminate/Pipeline/Pipeline.php(209): Illuminate/View/Middleware/ShareErrorsFromSession->handle(Object(Illuminate/Http/Request), Object(Closure))
#27 D:/laragon/www/Global Supply/supply-chain-platform/vendor/laravel/framework/src/Illuminate/Session/Middleware/StartSession.php(121): Illuminate/Pipeline/Pipeline->Illuminate/Pipeline/{closure}(Object(Illuminate/Http/Request))
#28 D:/laragon/www/Global Supply/supply-chain-platform/vendor/laravel/framework/src/Illuminate/Session/Middleware/StartSession.php(64): Illuminate/Session/Middleware/StartSession->handleStatefulRequest(Object(Illuminate/Http/Request), Object(Illuminate/Session/Store), Object(Closure))
#29 D:/laragon/www/Global Supply/supply-chain-platform/vendor/laravel/framework/src/Illuminate/Pipeline/Pipeline.php(209): Illuminate/Session/Middleware/StartSession->handle(Object(Illuminate/Http/Request), Object(Closure))
#30 D:/laragon/www/Global Supply/supply-chain-platform/vendor/laravel/framework/src/Illuminate/Cookie/Middleware/AddQueuedCookiesToResponse.php(37): Illuminate/Pipeline/Pipeline->Illuminate/Pipeline/{closure}(Object(Illuminate/Http/Request))
#31 D:/laragon/www/Global Supply/supply-chain-platform/vendor/laravel/framework/src/Illuminate/Pipeline/Pipeline.php(209): Illuminate/Cookie/Middleware/AddQueuedCookiesToResponse->handle(Object(Illuminate/Http/Request), Object(Closure))
#32 D:/laragon/www/Global Supply/supply-chain-platform/vendor/laravel/framework/src/Illuminate/Cookie/Middleware/EncryptCookies.php(75): Illuminate/Pipeline/Pipeline->Illuminate/Pipeline/{closure}(Object(Illuminate/Http/Request))
#33 D:/laragon/www/Global Supply/supply-chain-platform/vendor/laravel/framework/src/Illuminate/Pipeline/Pipeline.php(209): Illuminate/Cookie/Middleware/EncryptCookies->handle(Object(Illuminate/Http/Request), Object(Closure))
#34 D:/laragon/www/Global Supply/supply-chain-platform/vendor/laravel/framework/src/Illuminate/Pipeline/Pipeline.php(127): Illuminate/Pipeline/Pipeline->Illuminate/Pipeline/{closure}(Object(Illuminate/Http/Request))
#35 D:/laragon/www/Global Supply/supply-chain-platform/vendor/laravel/framework/src/Illuminate/Routing/Router.php(807): Illuminate/Pipeline/Pipeline->then(Object(Closure))
#36 D:/laragon/www/Global Supply/supply-chain-platform/vendor/laravel/framework/src/Illuminate/Routing/Router.php(786): Illuminate/Routing/Router->runRouteWithinStack(Object(Illuminate/Routing/Route), Object(Illuminate/Http/Request))
#37 D:/laragon/www/Global Supply/supply-chain-platform/vendor/laravel/framework/src/Illuminate/Routing/Router.php(750): Illuminate/Routing/Router->runRoute(Object(Illuminate/Http/Request), Object(Illuminate/Routing/Route))
#38 D:/laragon/www/Global Supply/supply-chain-platform/vendor/laravel/framework/src/Illuminate/Routing/Router.php(739): Illuminate/Routing/Router->dispatchToRoute(Object(Illuminate/Http/Request))
#39 D:/laragon/www/Global Supply/supply-chain-platform/vendor/laravel/framework/src/Illuminate/Foundation/Http/Kernel.php(201): Illuminate/Routing/Router->dispatch(Object(Illuminate/Http/Request))
#40 D:/laragon/www/Global Supply/supply-chain-platform/vendor/laravel/framework/src/Illuminate/Pipeline/Pipeline.php(170): Illuminate/Foundation/Http/Kernel->Illuminate/Foundation/Http/{closure}(Object(Illuminate/Http/Request))
#41 D:/laragon/www/Global Supply/supply-chain-platform/vendor/laravel/framework/src/Illuminate/Foundation/Http/Middleware/TransformsRequest.php(21): Illuminate/Pipeline/Pipeline->Illuminate/Pipeline/{closure}(Object(Illuminate/Http/Request))
#42 D:/laragon/www/Global Supply/supply-chain-platform/vendor/laravel/framework/src/Illuminate/Foundation/Http/Middleware/ConvertEmptyStringsToNull.php(31): Illuminate/Foundation/Http/Middleware/TransformsRequest->handle(Object(Illuminate/Http/Request), Object(Closure))
#43 D:/laragon/www/Global Supply/supply-chain-platform/vendor/laravel/framework/src/Illuminate/Pipeline/Pipeline.php(209): Illuminate/Foundation/Http/Middleware/ConvertEmptyStringsToNull->handle(Object(Illuminate/Http/Request), Object(Closure))
#44 D:/laragon/www/Global Supply/supply-chain-platform/vendor/laravel/framework/src/Illuminate/Foundation/Http/Middleware/TransformsRequest.php(21): Illuminate/Pipeline/Pipeline->Illuminate/Pipeline/{closure}(Object(Illuminate/Http/Request))
#45 D:/laragon/www/Global Supply/supply-chain-platform/vendor/laravel/framework/src/Illuminate/Foundation/Http/Middleware/TrimStrings.php(51): Illuminate/Foundation/Http/Middleware/TransformsRequest->handle(Object(Illuminate/Http/Request), Object(Closure))
#46 D:/laragon/www/Global Supply/supply-chain-platform/vendor/laravel/framework/src/Illuminate/Pipeline/Pipeline.php(209): Illuminate/Foundation/Http/Middleware/TrimStrings->handle(Object(Illuminate/Http/Request), Object(Closure))
#47 D:/laragon/www/Global Supply/supply-chain-platform/vendor/laravel/framework/src/Illuminate/Http/Middleware/ValidatePostSize.php(27): Illuminate/Pipeline/Pipeline->Illuminate/Pipeline/{closure}(Object(Illuminate/Http/Request))
#48 D:/laragon/www/Global Supply/supply-chain-platform/vendor/laravel/framework/src/Illuminate/Pipeline/Pipeline.php(209): Illuminate/Http/Middleware/ValidatePostSize->handle(Object(Illuminate/Http/Request), Object(Closure))
#49 D:/laragon/www/Global Supply/supply-chain-platform/vendor/laravel/framework/src/Illuminate/Foundation/Http/Middleware/PreventRequestsDuringMaintenance.php(110): Illuminate/Pipeline/Pipeline->Illuminate/Pipeline/{closure}(Object(Illuminate/Http/Request))
#50 D:/laragon/www/Global Supply/supply-chain-platform/vendor/laravel/framework/src/Illuminate/Pipeline/Pipeline.php(209): Illuminate/Foundation/Http/Middleware/PreventRequestsDuringMaintenance->handle(Object(Illuminate/Http/Request), Object(Closure))
#51 D:/laragon/www/Global Supply/supply-chain-platform/vendor/laravel/framework/src/Illuminate/Http/Middleware/HandleCors.php(49): Illuminate/Pipeline/Pipeline->Illuminate/Pipeline/{closure}(Object(Illuminate/Http/Request))
#52 D:/laragon/www/Global Supply/supply-chain-platform/vendor/laravel/framework/src/Illuminate/Pipeline/Pipeline.php(209): Illuminate/Http/Middleware/HandleCors->handle(Object(Illuminate/Http/Request), Object(Closure))
#53 D:/laragon/www/Global Supply/supply-chain-platform/vendor/laravel/framework/src/Illuminate/Http/Middleware/TrustProxies.php(58): Illuminate/Pipeline/Pipeline->Illuminate/Pipeline/{closure}(Object(Illuminate/Http/Request))
#54 D:/laragon/www/Global Supply/supply-chain-platform/vendor/laravel/framework/src/Illuminate/Pipeline/Pipeline.php(209): Illuminate/Http/Middleware/TrustProxies->handle(Object(Illuminate/Http/Request), Object(Closure))
#55 D:/laragon/www/Global Supply/supply-chain-platform/vendor/laravel/framework/src/Illuminate/Foundation/Http/Middleware/InvokeDeferredCallbacks.php(22): Illuminate/Pipeline/Pipeline->Illuminate/Pipeline/{closure}(Object(Illuminate/Http/Request))
#56 D:/laragon/www/Global Supply/supply-chain-platform/vendor/laravel/framework/src/Illuminate/Pipeline/Pipeline.php(209): Illuminate/Foundation/Http/Middleware/InvokeDeferredCallbacks->handle(Object(Illuminate/Http/Request), Object(Closure))
#57 D:/laragon/www/Global Supply/supply-chain-platform/vendor/laravel/framework/src/Illuminate/Pipeline/Pipeline.php(127): Illuminate/Pipeline/Pipeline->Illuminate/Pipeline/{closure}(Object(Illuminate/Http/Request))
#58 D:/laragon/www/Global Supply/supply-chain-platform/vendor/laravel/framework/src/Illuminate/Foundation/Http/Kernel.php(176): Illuminate/Pipeline/Pipeline->then(Object(Closure))
#59 D:/laragon/www/Global Supply/supply-chain-platform/vendor/laravel/framework/src/Illuminate/Foundation/Http/Kernel.php(145): Illuminate/Foundation/Http/Kernel->sendRequestThroughRouter(Object(Illuminate/Http/Request))
#60 D:/laragon/www/Global Supply/supply-chain-platform/vendor/laravel/framework/src/Illuminate/Foundation/Application.php(1220): Illuminate/Foundation/Http/Kernel->handle(Object(Illuminate/Http/Request))
#61 D:/laragon/www/Global Supply/supply-chain-platform/public/index.php(20): Illuminate/Foundation/Application->handleRequest(Object(Illuminate/Http/Request))
#62 D:/laragon/www/Global Supply/supply-chain-platform/vendor/laravel/framework/src/Illuminate/Foundation/resources/server.php(23): require_once('D://laragon//www//...')
#63 {main}
"} 
[2026-07-13 23:43:01] local.ERROR: Class "App\Services\Log" not found {"userId":2,"exception":"[object] (Error(code: 0): Class \"App\\Services\\Log\" not found at D:/laragon/www/Global Supply/supply-chain-platform/app/Services/ExchangeRateService.php:54)
[stacktrace]
#0 D:/laragon/www/Global Supply/supply-chain-platform/vendor/laravel/framework/src/Illuminate/Cache/Repository.php(427): App/Services/ExchangeRateService->App/Services/{closure}()
#1 D:/laragon/www/Global Supply/supply-chain-platform/vendor/laravel/framework/src/Illuminate/Cache/CacheManager.php(453): Illuminate/Cache/Repository->remember('exchange_rates_...', Object(Illuminate/Support/Carbon), Object(Closure))
#2 D:/laragon/www/Global Supply/supply-chain-platform/vendor/laravel/framework/src/Illuminate/Support/Facades/Facade.php(361): Illuminate/Cache/CacheManager->__call('remember', Array)
#3 D:/laragon/www/Global Supply/supply-chain-platform/app/Services/ExchangeRateService.php(34): Illuminate/Support/Facades/Facade::__callStatic('remember', Array)
#4 D:/laragon/www/Global Supply/supply-chain-platform/app/Http/Controllers/CurrencyController.php(17): App/Services/ExchangeRateService->getRates('USD')
#5 D:/laragon/www/Global Supply/supply-chain-platform/vendor/laravel/framework/src/Illuminate/Routing/ControllerDispatcher.php(47): App/Http/Controllers/CurrencyController->index(Object(Illuminate/Http/Request))
#6 D:/laragon/www/Global Supply/supply-chain-platform/vendor/laravel/framework/src/Illuminate/Routing/Route.php(266): Illuminate/Routing/ControllerDispatcher->dispatch(Object(Illuminate/Routing/Route), Object(App/Http/Controllers/CurrencyController), 'index')
#7 D:/laragon/www/Global Supply/supply-chain-platform/vendor/laravel/framework/src/Illuminate/Routing/Route.php(212): Illuminate/Routing/Route->runController()
#8 D:/laragon/www/Global Supply/supply-chain-platform/vendor/laravel/framework/src/Illuminate/Routing/Router.php(808): Illuminate/Routing/Route->run()
#9 D:/laragon/www/Global Supply/supply-chain-platform/vendor/laravel/framework/src/Illuminate/Pipeline/Pipeline.php(170): Illuminate/Routing/Router->Illuminate/Routing/{closure}(Object(Illuminate/Http/Request))
#10 D:/laragon/www/Global Supply/supply-chain-platform/vendor/laravel/framework/src/Illuminate/Routing/Middleware/SubstituteBindings.php(51): Illuminate/Pipeline/Pipeline->Illuminate/Pipeline/{closure}(Object(Illuminate/Http/Request))
#11 D:/laragon/www/Global Supply/supply-chain-platform/vendor/laravel/framework/src/Illuminate/Pipeline/Pipeline.php(209): Illuminate/Routing/Middleware/SubstituteBindings->handle(Object(Illuminate/Http/Request), Object(Closure))
#12 D:/laragon/www/Global Supply/supply-chain-platform/vendor/laravel/framework/src/Illuminate/Auth/Middleware/Authenticate.php(64): Illuminate/Pipeline/Pipeline->Illuminate/Pipeline/{closure}(Object(Illuminate/Http/Request))
#13 D:/laragon/www/Global Supply/supply-chain-platform/vendor/laravel/framework/src/Illuminate/Pipeline/Pipeline.php(209): Illuminate/Auth/Middleware/Authenticate->handle(Object(Illuminate/Http/Request), Object(Closure))
#14 D:/laragon/www/Global Supply/supply-chain-platform/vendor/laravel/framework/src/Illuminate/Foundation/Http/Middleware/VerifyCsrfToken.php(88): Illuminate/Pipeline/Pipeline->Illuminate/Pipeline/{closure}(Object(Illuminate/Http/Request))
#15 D:/laragon/www/Global Supply/supply-chain-platform/vendor/laravel/framework/src/Illuminate/Pipeline/Pipeline.php(209): Illuminate/Foundation/Http/Middleware/VerifyCsrfToken->handle(Object(Illuminate/Http/Request), Object(Closure))
#16 D:/laragon/www/Global Supply/supply-chain-platform/vendor/laravel/framework/src/Illuminate/View/Middleware/ShareErrorsFromSession.php(49): Illuminate/Pipeline/Pipeline->Illuminate/Pipeline/{closure}(Object(Illuminate/Http/Request))
#17 D:/laragon/www/Global Supply/supply-chain-platform/vendor/laravel/framework/src/Illuminate/Pipeline/Pipeline.php(209): Illuminate/View/Middleware/ShareErrorsFromSession->handle(Object(Illuminate/Http/Request), Object(Closure))
#18 D:/laragon/www/Global Supply/supply-chain-platform/vendor/laravel/framework/src/Illuminate/Session/Middleware/StartSession.php(121): Illuminate/Pipeline/Pipeline->Illuminate/Pipeline/{closure}(Object(Illuminate/Http/Request))
#19 D:/laragon/www/Global Supply/supply-chain-platform/vendor/laravel/framework/src/Illuminate/Session/Middleware/StartSession.php(64): Illuminate/Session/Middleware/StartSession->handleStatefulRequest(Object(Illuminate/Http/Request), Object(Illuminate/Session/Store), Object(Closure))
#20 D:/laragon/www/Global Supply/supply-chain-platform/vendor/laravel/framework/src/Illuminate/Pipeline/Pipeline.php(209): Illuminate/Session/Middleware/StartSession->handle(Object(Illuminate/Http/Request), Object(Closure))
#21 D:/laragon/www/Global Supply/supply-chain-platform/vendor/laravel/framework/src/Illuminate/Cookie/Middleware/AddQueuedCookiesToResponse.php(37): Illuminate/Pipeline/Pipeline->Illuminate/Pipeline/{closure}(Object(Illuminate/Http/Request))
#22 D:/laragon/www/Global Supply/supply-chain-platform/vendor/laravel/framework/src/Illuminate/Pipeline/Pipeline.php(209): Illuminate/Cookie/Middleware/AddQueuedCookiesToResponse->handle(Object(Illuminate/Http/Request), Object(Closure))
#23 D:/laragon/www/Global Supply/supply-chain-platform/vendor/laravel/framework/src/Illuminate/Cookie/Middleware/EncryptCookies.php(75): Illuminate/Pipeline/Pipeline->Illuminate/Pipeline/{closure}(Object(Illuminate/Http/Request))
#24 D:/laragon/www/Global Supply/supply-chain-platform/vendor/laravel/framework/src/Illuminate/Pipeline/Pipeline.php(209): Illuminate/Cookie/Middleware/EncryptCookies->handle(Object(Illuminate/Http/Request), Object(Closure))
#25 D:/laragon/www/Global Supply/supply-chain-platform/vendor/laravel/framework/src/Illuminate/Pipeline/Pipeline.php(127): Illuminate/Pipeline/Pipeline->Illuminate/Pipeline/{closure}(Object(Illuminate/Http/Request))
#26 D:/laragon/www/Global Supply/supply-chain-platform/vendor/laravel/framework/src/Illuminate/Routing/Router.php(807): Illuminate/Pipeline/Pipeline->then(Object(Closure))
#27 D:/laragon/www/Global Supply/supply-chain-platform/vendor/laravel/framework/src/Illuminate/Routing/Router.php(786): Illuminate/Routing/Router->runRouteWithinStack(Object(Illuminate/Routing/Route), Object(Illuminate/Http/Request))
#28 D:/laragon/www/Global Supply/supply-chain-platform/vendor/laravel/framework/src/Illuminate/Routing/Router.php(750): Illuminate/Routing/Router->runRoute(Object(Illuminate/Http/Request), Object(Illuminate/Routing/Route))
#29 D:/laragon/www/Global Supply/supply-chain-platform/vendor/laravel/framework/src/Illuminate/Routing/Router.php(739): Illuminate/Routing/Router->dispatchToRoute(Object(Illuminate/Http/Request))
#30 D:/laragon/www/Global Supply/supply-chain-platform/vendor/laravel/framework/src/Illuminate/Foundation/Http/Kernel.php(201): Illuminate/Routing/Router->dispatch(Object(Illuminate/Http/Request))
#31 D:/laragon/www/Global Supply/supply-chain-platform/vendor/laravel/framework/src/Illuminate/Pipeline/Pipeline.php(170): Illuminate/Foundation/Http/Kernel->Illuminate/Foundation/Http/{closure}(Object(Illuminate/Http/Request))
#32 D:/laragon/www/Global Supply/supply-chain-platform/vendor/laravel/framework/src/Illuminate/Foundation/Http/Middleware/TransformsRequest.php(21): Illuminate/Pipeline/Pipeline->Illuminate/Pipeline/{closure}(Object(Illuminate/Http/Request))
#33 D:/laragon/www/Global Supply/supply-chain-platform/vendor/laravel/framework/src/Illuminate/Foundation/Http/Middleware/ConvertEmptyStringsToNull.php(31): Illuminate/Foundation/Http/Middleware/TransformsRequest->handle(Object(Illuminate/Http/Request), Object(Closure))
#34 D:/laragon/www/Global Supply/supply-chain-platform/vendor/laravel/framework/src/Illuminate/Pipeline/Pipeline.php(209): Illuminate/Foundation/Http/Middleware/ConvertEmptyStringsToNull->handle(Object(Illuminate/Http/Request), Object(Closure))
#35 D:/laragon/www/Global Supply/supply-chain-platform/vendor/laravel/framework/src/Illuminate/Foundation/Http/Middleware/TransformsRequest.php(21): Illuminate/Pipeline/Pipeline->Illuminate/Pipeline/{closure}(Object(Illuminate/Http/Request))
#36 D:/laragon/www/Global Supply/supply-chain-platform/vendor/laravel/framework/src/Illuminate/Foundation/Http/Middleware/TrimStrings.php(51): Illuminate/Foundation/Http/Middleware/TransformsRequest->handle(Object(Illuminate/Http/Request), Object(Closure))
#37 D:/laragon/www/Global Supply/supply-chain-platform/vendor/laravel/framework/src/Illuminate/Pipeline/Pipeline.php(209): Illuminate/Foundation/Http/Middleware/TrimStrings->handle(Object(Illuminate/Http/Request), Object(Closure))
#38 D:/laragon/www/Global Supply/supply-chain-platform/vendor/laravel/framework/src/Illuminate/Http/Middleware/ValidatePostSize.php(27): Illuminate/Pipeline/Pipeline->Illuminate/Pipeline/{closure}(Object(Illuminate/Http/Request))
#39 D:/laragon/www/Global Supply/supply-chain-platform/vendor/laravel/framework/src/Illuminate/Pipeline/Pipeline.php(209): Illuminate/Http/Middleware/ValidatePostSize->handle(Object(Illuminate/Http/Request), Object(Closure))
#40 D:/laragon/www/Global Supply/supply-chain-platform/vendor/laravel/framework/src/Illuminate/Foundation/Http/Middleware/PreventRequestsDuringMaintenance.php(110): Illuminate/Pipeline/Pipeline->Illuminate/Pipeline/{closure}(Object(Illuminate/Http/Request))
#41 D:/laragon/www/Global Supply/supply-chain-platform/vendor/laravel/framework/src/Illuminate/Pipeline/Pipeline.php(209): Illuminate/Foundation/Http/Middleware/PreventRequestsDuringMaintenance->handle(Object(Illuminate/Http/Request), Object(Closure))
#42 D:/laragon/www/Global Supply/supply-chain-platform/vendor/laravel/framework/src/Illuminate/Http/Middleware/HandleCors.php(49): Illuminate/Pipeline/Pipeline->Illuminate/Pipeline/{closure}(Object(Illuminate/Http/Request))
#43 D:/laragon/www/Global Supply/supply-chain-platform/vendor/laravel/framework/src/Illuminate/Pipeline/Pipeline.php(209): Illuminate/Http/Middleware/HandleCors->handle(Object(Illuminate/Http/Request), Object(Closure))
#44 D:/laragon/www/Global Supply/supply-chain-platform/vendor/laravel/framework/src/Illuminate/Http/Middleware/TrustProxies.php(58): Illuminate/Pipeline/Pipeline->Illuminate/Pipeline/{closure}(Object(Illuminate/Http/Request))
#45 D:/laragon/www/Global Supply/supply-chain-platform/vendor/laravel/framework/src/Illuminate/Pipeline/Pipeline.php(209): Illuminate/Http/Middleware/TrustProxies->handle(Object(Illuminate/Http/Request), Object(Closure))
#46 D:/laragon/www/Global Supply/supply-chain-platform/vendor/laravel/framework/src/Illuminate/Foundation/Http/Middleware/InvokeDeferredCallbacks.php(22): Illuminate/Pipeline/Pipeline->Illuminate/Pipeline/{closure}(Object(Illuminate/Http/Request))
#47 D:/laragon/www/Global Supply/supply-chain-platform/vendor/laravel/framework/src/Illuminate/Pipeline/Pipeline.php(209): Illuminate/Foundation/Http/Middleware/InvokeDeferredCallbacks->handle(Object(Illuminate/Http/Request), Object(Closure))
#48 D:/laragon/www/Global Supply/supply-chain-platform/vendor/laravel/framework/src/Illuminate/Pipeline/Pipeline.php(127): Illuminate/Pipeline/Pipeline->Illuminate/Pipeline/{closure}(Object(Illuminate/Http/Request))
#49 D:/laragon/www/Global Supply/supply-chain-platform/vendor/laravel/framework/src/Illuminate/Foundation/Http/Kernel.php(176): Illuminate/Pipeline/Pipeline->then(Object(Closure))
#50 D:/laragon/www/Global Supply/supply-chain-platform/vendor/laravel/framework/src/Illuminate/Foundation/Http/Kernel.php(145): Illuminate/Foundation/Http/Kernel->sendRequestThroughRouter(Object(Illuminate/Http/Request))
#51 D:/laragon/www/Global Supply/supply-chain-platform/vendor/laravel/framework/src/Illuminate/Foundation/Application.php(1220): Illuminate/Foundation/Http/Kernel->handle(Object(Illuminate/Http/Request))
#52 D:/laragon/www/Global Supply/supply-chain-platform/public/index.php(20): Illuminate/Foundation/Application->handleRequest(Object(Illuminate/Http/Request))
#53 D:/laragon/www/Global Supply/supply-chain-platform/vendor/laravel/framework/src/Illuminate/Foundation/resources/server.php(23): require_once('D://laragon//www//...')
#54 {main}
"} 
[2026-07-13 23:43:43] local.WARNING: [exchangerate] HTTP 404 → https://v6.exchangerate-api.com/v6/your_exchangerate_api_key_here/latest/USD  
[2026-07-13 23:43:45] local.WARNING: [exchangerate] HTTP 404 → https://v6.exchangerate-api.com/v6/your_exchangerate_api_key_here/latest/USD  
[2026-07-13 23:43:46] local.WARNING: [exchangerate] HTTP 404 → https://v6.exchangerate-api.com/v6/your_exchangerate_api_key_here/latest/USD  
[2026-07-13 23:44:03] local.WARNING: [exchangerate] HTTP 404 → https://v6.exchangerate-api.com/v6/your_exchangerate_api_key_here/latest/USD  
[2026-07-13 23:45:15] local.WARNING: [exchangerate] HTTP 404 → https://v6.exchangerate-api.com/v6/your_exchangerate_api_key_here/latest/USD  
[2026-07-13 23:45:16] local.WARNING: [exchangerate] HTTP 404 → https://v6.exchangerate-api.com/v6/your_exchangerate_api_key_here/latest/USD  
[2026-07-13 23:45:17] local.WARNING: [exchangerate] HTTP 404 → https://v6.exchangerate-api.com/v6/your_exchangerate_api_key_here/latest/USD  
[2026-07-13 23:50:11] local.ERROR: [worldbank] cURL error 28: Operation timed out after 15009 milliseconds with 0 bytes received (see https://curl.se/libcurl/c/libcurl-errors.html) for https://api.worldbank.org/v2/country/ID/indicator/NY.GDP.MKTP.CD?format=json&date=2025%3A2025&per_page=1  
[2026-07-13 23:50:26] local.ERROR: [worldbank] cURL error 28: Operation timed out after 15004 milliseconds with 0 bytes received (see https://curl.se/libcurl/c/libcurl-errors.html) for https://api.worldbank.org/v2/country/ID/indicator/NY.GDP.PCAP.CD?format=json&date=2025%3A2025&per_page=1  
[2026-07-13 23:51:39] local.ERROR: [worldbank] cURL error 56: Recv failure: Connection was reset (see https://curl.se/libcurl/c/libcurl-errors.html) for https://api.worldbank.org/v2/country/CN/indicator/NY.GDP.PCAP.CD?format=json&date=2025%3A2025&per_page=1  
[2026-07-13 23:51:39] local.ERROR: [worldbank] cURL error 6: Could not resolve host: api.worldbank.org (see https://curl.se/libcurl/c/libcurl-errors.html) for https://api.worldbank.org/v2/country/CN/indicator/FP.CPI.TOTL.ZG?format=json&date=2025%3A2025&per_page=1  
[2026-07-13 23:51:39] local.ERROR: [worldbank] cURL error 6: Could not resolve host: api.worldbank.org (see https://curl.se/libcurl/c/libcurl-errors.html) for https://api.worldbank.org/v2/country/CN/indicator/SL.UEM.TOTL.ZS?format=json&date=2025%3A2025&per_page=1  
[2026-07-13 23:51:39] local.ERROR: [worldbank] cURL error 6: Could not resolve host: api.worldbank.org (see https://curl.se/libcurl/c/libcurl-errors.html) for https://api.worldbank.org/v2/country/CN/indicator/SP.POP.TOTL?format=json&date=2025%3A2025&per_page=1  
[2026-07-13 23:51:39] local.ERROR: [worldbank] cURL error 6: Could not resolve host: api.worldbank.org (see https://curl.se/libcurl/c/libcurl-errors.html) for https://api.worldbank.org/v2/country/CN/indicator/NE.EXP.GNFS.CD?format=json&date=2025%3A2025&per_page=1  
[2026-07-13 23:51:39] local.ERROR: [worldbank] cURL error 6: Could not resolve host: api.worldbank.org (see https://curl.se/libcurl/c/libcurl-errors.html) for https://api.worldbank.org/v2/country/CN/indicator/NE.IMP.GNFS.CD?format=json&date=2025%3A2025&per_page=1  
[2026-07-13 23:51:39] local.ERROR: [openmeteo] cURL error 6: Could not resolve host: api.open-meteo.com (see https://curl.se/libcurl/c/libcurl-errors.html) for https://api.open-meteo.com/v1/forecast?latitude=51.5&longitude=10.5&current=temperature_2m%2Capparent_temperature%2Cprecipitation%2Cwindspeed_10m%2Cwindgusts_10m%2Cweathercode%2Ccloudcover%2Crelativehumidity_2m&timezone=auto&forecast_days=1  
[2026-07-13 23:51:39] local.ERROR: [worldbank] cURL error 6: Could not resolve host: api.worldbank.org (see https://curl.se/libcurl/c/libcurl-errors.html) for https://api.worldbank.org/v2/country/DE/indicator/NY.GDP.MKTP.CD?format=json&date=2025%3A2025&per_page=1  
[2026-07-13 23:51:39] local.ERROR: [worldbank] cURL error 6: Could not resolve host: api.worldbank.org (see https://curl.se/libcurl/c/libcurl-errors.html) for https://api.worldbank.org/v2/country/DE/indicator/NY.GDP.PCAP.CD?format=json&date=2025%3A2025&per_page=1  
[2026-07-13 23:51:39] local.ERROR: [worldbank] cURL error 6: Could not resolve host: api.worldbank.org (see https://curl.se/libcurl/c/libcurl-errors.html) for https://api.worldbank.org/v2/country/DE/indicator/FP.CPI.TOTL.ZG?format=json&date=2025%3A2025&per_page=1  
[2026-07-13 23:51:40] local.ERROR: [worldbank] cURL error 6: Could not resolve host: api.worldbank.org (see https://curl.se/libcurl/c/libcurl-errors.html) for https://api.worldbank.org/v2/country/DE/indicator/SL.UEM.TOTL.ZS?format=json&date=2025%3A2025&per_page=1  
[2026-07-13 23:51:55] local.ERROR: [worldbank] cURL error 28: Operation timed out after 15005 milliseconds with 0 bytes received (see https://curl.se/libcurl/c/libcurl-errors.html) for https://api.worldbank.org/v2/country/DE/indicator/SP.POP.TOTL?format=json&date=2025%3A2025&per_page=1  
[2026-07-13 23:52:10] local.ERROR: [worldbank] cURL error 28: Operation timed out after 15003 milliseconds with 0 bytes received (see https://curl.se/libcurl/c/libcurl-errors.html) for https://api.worldbank.org/v2/country/DE/indicator/NE.EXP.GNFS.CD?format=json&date=2025%3A2025&per_page=1  
[2026-07-13 23:52:25] local.ERROR: [worldbank] cURL error 28: Operation timed out after 15013 milliseconds with 0 bytes received (see https://curl.se/libcurl/c/libcurl-errors.html) for https://api.worldbank.org/v2/country/DE/indicator/NE.IMP.GNFS.CD?format=json&date=2025%3A2025&per_page=1  
[2026-07-13 23:53:21] local.ERROR: [worldbank] cURL error 28: Operation timed out after 15016 milliseconds with 0 bytes received (see https://curl.se/libcurl/c/libcurl-errors.html) for https://api.worldbank.org/v2/country/US/indicator/SL.UEM.TOTL.ZS?format=json&date=2025%3A2025&per_page=1  
[2026-07-13 23:54:28] local.WARNING: [exchangerate] HTTP 404 → https://v6.exchangerate-api.com/v6/your_exchangerate_api_key_here/latest/USD  
[2026-07-13 23:54:30] local.WARNING: [exchangerate] HTTP 404 → https://v6.exchangerate-api.com/v6/your_exchangerate_api_key_here/latest/USD  
[2026-07-13 23:54:31] local.WARNING: [exchangerate] HTTP 404 → https://v6.exchangerate-api.com/v6/your_exchangerate_api_key_here/latest/USD  
[2026-07-13 23:55:19] local.WARNING: [exchangerate] HTTP 404 → https://v6.exchangerate-api.com/v6/your_exchangerate_api_key_here/latest/USD  
[2026-07-13 23:55:20] local.WARNING: [exchangerate] HTTP 404 → https://v6.exchangerate-api.com/v6/your_exchangerate_api_key_here/latest/USD  
[2026-07-13 23:55:21] local.WARNING: [exchangerate] HTTP 404 → https://v6.exchangerate-api.com/v6/your_exchangerate_api_key_here/latest/USD  
[2026-07-13 23:55:25] local.WARNING: [exchangerate] HTTP 404 → https://v6.exchangerate-api.com/v6/your_exchangerate_api_key_here/latest/USD  
[2026-07-13 23:55:31] local.WARNING: [exchangerate] HTTP 404 → https://v6.exchangerate-api.com/v6/your_exchangerate_api_key_here/latest/USD  
[2026-07-13 23:55:33] local.WARNING: [exchangerate] HTTP 404 → https://v6.exchangerate-api.com/v6/your_exchangerate_api_key_here/latest/USD  
[2026-07-13 23:55:33] local.WARNING: [exchangerate] HTTP 404 → https://v6.exchangerate-api.com/v6/your_exchangerate_api_key_here/latest/USD  
[2026-07-14 00:51:13] local.ERROR: [worldbank] cURL error 28: Operation timed out after 15007 milliseconds with 0 bytes received (see https://curl.se/libcurl/c/libcurl-errors.html) for https://api.worldbank.org/v2/country/JP/indicator/NY.GDP.PCAP.CD?format=json&date=2025%3A2025&per_page=1  
[2026-07-14 00:51:28] local.ERROR: [worldbank] cURL error 28: Operation timed out after 15015 milliseconds with 0 bytes received (see https://curl.se/libcurl/c/libcurl-errors.html) for https://api.worldbank.org/v2/country/JP/indicator/FP.CPI.TOTL.ZG?format=json&date=2025%3A2025&per_page=1  
[2026-07-14 00:51:43] local.ERROR: [worldbank] cURL error 28: Operation timed out after 15002 milliseconds with 0 bytes received (see https://curl.se/libcurl/c/libcurl-errors.html) for https://api.worldbank.org/v2/country/JP/indicator/SL.UEM.TOTL.ZS?format=json&date=2025%3A2025&per_page=1  
[2026-07-14 00:51:58] local.ERROR: [worldbank] cURL error 28: Operation timed out after 15011 milliseconds with 0 bytes received (see https://curl.se/libcurl/c/libcurl-errors.html) for https://api.worldbank.org/v2/country/JP/indicator/SP.POP.TOTL?format=json&date=2025%3A2025&per_page=1  
[2026-07-14 00:52:13] local.ERROR: [worldbank] cURL error 28: Operation timed out after 15004 milliseconds with 0 bytes received (see https://curl.se/libcurl/c/libcurl-errors.html) for https://api.worldbank.org/v2/country/JP/indicator/NE.EXP.GNFS.CD?format=json&date=2025%3A2025&per_page=1  
[2026-07-14 00:52:29] local.ERROR: [worldbank] cURL error 28: Operation timed out after 15003 milliseconds with 0 bytes received (see https://curl.se/libcurl/c/libcurl-errors.html) for https://api.worldbank.org/v2/country/JP/indicator/NE.IMP.GNFS.CD?format=json&date=2025%3A2025&per_page=1  
[2026-07-14 00:52:56] local.WARNING: [exchangerate] HTTP 404 → https://v6.exchangerate-api.com/v6/your_exchangerate_api_key_here/latest/USD  
[2026-07-14 00:52:58] local.WARNING: [exchangerate] HTTP 404 → https://v6.exchangerate-api.com/v6/your_exchangerate_api_key_here/latest/USD  
[2026-07-14 00:52:58] local.WARNING: [exchangerate] HTTP 404 → https://v6.exchangerate-api.com/v6/your_exchangerate_api_key_here/latest/USD  
[2026-07-14 00:53:19] local.WARNING: [gnews] HTTP 400 → https://gnews.io/api/v4/search  
[2026-07-14 00:53:41] local.WARNING: [exchangerate] HTTP 404 → https://v6.exchangerate-api.com/v6/your_exchangerate_api_key_here/latest/USD  
[2026-07-14 00:53:55] local.WARNING: [exchangerate] HTTP 404 → https://v6.exchangerate-api.com/v6/your_exchangerate_api_key_here/latest/USD  
[2026-07-18 16:39:48] local.WARNING: [worldbank] HTTP 400 → https://api.worldbank.org/v2/country/ID/indicator/NY.GDP.PCAP.CD  
[2026-07-18 16:41:32] local.ERROR: [worldbank] cURL error 28: Operation timed out after 15016 milliseconds with 0 bytes received (see https://curl.se/libcurl/c/libcurl-errors.html) for https://api.worldbank.org/v2/country/CN/indicator/NE.IMP.GNFS.CD?format=json&date=2025%3A2025&per_page=1  
[2026-07-18 16:41:48] local.ERROR: [worldbank] cURL error 28: Operation timed out after 15013 milliseconds with 0 bytes received (see https://curl.se/libcurl/c/libcurl-errors.html) for https://api.worldbank.org/v2/country/DE/indicator/NY.GDP.MKTP.CD?format=json&date=2025%3A2025&per_page=1  
[2026-07-18 16:42:03] local.ERROR: [worldbank] cURL error 28: Operation timed out after 15017 milliseconds with 0 bytes received (see https://curl.se/libcurl/c/libcurl-errors.html) for https://api.worldbank.org/v2/country/DE/indicator/NY.GDP.PCAP.CD?format=json&date=2025%3A2025&per_page=1  
[2026-07-18 16:42:03] local.ERROR: [worldbank] cURL error 6: Could not resolve host: api.worldbank.org (see https://curl.se/libcurl/c/libcurl-errors.html) for https://api.worldbank.org/v2/country/DE/indicator/FP.CPI.TOTL.ZG?format=json&date=2025%3A2025&per_page=1  
[2026-07-18 16:42:03] local.ERROR: [worldbank] cURL error 6: Could not resolve host: api.worldbank.org (see https://curl.se/libcurl/c/libcurl-errors.html) for https://api.worldbank.org/v2/country/DE/indicator/SL.UEM.TOTL.ZS?format=json&date=2025%3A2025&per_page=1  
[2026-07-18 16:42:03] local.ERROR: [worldbank] cURL error 6: Could not resolve host: api.worldbank.org (see https://curl.se/libcurl/c/libcurl-errors.html) for https://api.worldbank.org/v2/country/DE/indicator/SP.POP.TOTL?format=json&date=2025%3A2025&per_page=1  
[2026-07-18 16:42:03] local.ERROR: [worldbank] cURL error 6: Could not resolve host: api.worldbank.org (see https://curl.se/libcurl/c/libcurl-errors.html) for https://api.worldbank.org/v2/country/DE/indicator/NE.EXP.GNFS.CD?format=json&date=2025%3A2025&per_page=1  
[2026-07-18 16:42:03] local.ERROR: [worldbank] cURL error 6: Could not resolve host: api.worldbank.org (see https://curl.se/libcurl/c/libcurl-errors.html) for https://api.worldbank.org/v2/country/DE/indicator/NE.IMP.GNFS.CD?format=json&date=2025%3A2025&per_page=1  
[2026-07-18 16:42:03] local.ERROR: [openmeteo] cURL error 6: Could not resolve host: api.open-meteo.com (see https://curl.se/libcurl/c/libcurl-errors.html) for https://api.open-meteo.com/v1/forecast?latitude=-25&longitude=133&current=temperature_2m%2Capparent_temperature%2Cprecipitation%2Cwindspeed_10m%2Cwindgusts_10m%2Cweathercode%2Ccloudcover%2Crelativehumidity_2m&timezone=auto&forecast_days=1  
[2026-07-18 16:42:03] local.ERROR: [worldbank] cURL error 6: Could not resolve host: api.worldbank.org (see https://curl.se/libcurl/c/libcurl-errors.html) for https://api.worldbank.org/v2/country/AU/indicator/NY.GDP.MKTP.CD?format=json&date=2025%3A2025&per_page=1  
[2026-07-18 16:42:03] local.ERROR: [worldbank] cURL error 6: Could not resolve host: api.worldbank.org (see https://curl.se/libcurl/c/libcurl-errors.html) for https://api.worldbank.org/v2/country/AU/indicator/NY.GDP.PCAP.CD?format=json&date=2025%3A2025&per_page=1  
[2026-07-18 16:42:03] local.ERROR: [worldbank] cURL error 6: Could not resolve host: api.worldbank.org (see https://curl.se/libcurl/c/libcurl-errors.html) for https://api.worldbank.org/v2/country/AU/indicator/FP.CPI.TOTL.ZG?format=json&date=2025%3A2025&per_page=1  
[2026-07-18 16:42:03] local.ERROR: [worldbank] cURL error 6: Could not resolve host: api.worldbank.org (see https://curl.se/libcurl/c/libcurl-errors.html) for https://api.worldbank.org/v2/country/AU/indicator/SL.UEM.TOTL.ZS?format=json&date=2025%3A2025&per_page=1  
[2026-07-18 16:42:03] local.ERROR: [worldbank] cURL error 6: Could not resolve host: api.worldbank.org (see https://curl.se/libcurl/c/libcurl-errors.html) for https://api.worldbank.org/v2/country/AU/indicator/SP.POP.TOTL?format=json&date=2025%3A2025&per_page=1  
[2026-07-18 16:42:03] local.ERROR: [worldbank] cURL error 6: Could not resolve host: api.worldbank.org (see https://curl.se/libcurl/c/libcurl-errors.html) for https://api.worldbank.org/v2/country/AU/indicator/NE.EXP.GNFS.CD?format=json&date=2025%3A2025&per_page=1  
[2026-07-18 16:42:03] local.ERROR: [worldbank] cURL error 6: Could not resolve host: api.worldbank.org (see https://curl.se/libcurl/c/libcurl-errors.html) for https://api.worldbank.org/v2/country/AU/indicator/NE.IMP.GNFS.CD?format=json&date=2025%3A2025&per_page=1  
[2026-07-18 16:42:03] local.ERROR: [openmeteo] cURL error 6: Could not resolve host: api.open-meteo.com (see https://curl.se/libcurl/c/libcurl-errors.html) for https://api.open-meteo.com/v1/forecast?latitude=38&longitude=-97&current=temperature_2m%2Capparent_temperature%2Cprecipitation%2Cwindspeed_10m%2Cwindgusts_10m%2Cweathercode%2Ccloudcover%2Crelativehumidity_2m&timezone=auto&forecast_days=1  
[2026-07-18 16:42:03] local.ERROR: [worldbank] cURL error 6: Could not resolve host: api.worldbank.org (see https://curl.se/libcurl/c/libcurl-errors.html) for https://api.worldbank.org/v2/country/US/indicator/NY.GDP.MKTP.CD?format=json&date=2025%3A2025&per_page=1  
[2026-07-18 16:42:03] local.ERROR: [worldbank] cURL error 6: Could not resolve host: api.worldbank.org (see https://curl.se/libcurl/c/libcurl-errors.html) for https://api.worldbank.org/v2/country/US/indicator/NY.GDP.PCAP.CD?format=json&date=2025%3A2025&per_page=1  
[2026-07-18 16:42:03] local.ERROR: [worldbank] cURL error 6: Could not resolve host: api.worldbank.org (see https://curl.se/libcurl/c/libcurl-errors.html) for https://api.worldbank.org/v2/country/US/indicator/FP.CPI.TOTL.ZG?format=json&date=2025%3A2025&per_page=1  
[2026-07-18 16:42:03] local.ERROR: [worldbank] cURL error 6: Could not resolve host: api.worldbank.org (see https://curl.se/libcurl/c/libcurl-errors.html) for https://api.worldbank.org/v2/country/US/indicator/SL.UEM.TOTL.ZS?format=json&date=2025%3A2025&per_page=1  
[2026-07-18 16:42:03] local.ERROR: [worldbank] cURL error 6: Could not resolve host: api.worldbank.org (see https://curl.se/libcurl/c/libcurl-errors.html) for https://api.worldbank.org/v2/country/US/indicator/SP.POP.TOTL?format=json&date=2025%3A2025&per_page=1  
[2026-07-18 16:42:03] local.ERROR: [worldbank] cURL error 6: Could not resolve host: api.worldbank.org (see https://curl.se/libcurl/c/libcurl-errors.html) for https://api.worldbank.org/v2/country/US/indicator/NE.EXP.GNFS.CD?format=json&date=2025%3A2025&per_page=1  
[2026-07-18 16:42:03] local.ERROR: [worldbank] cURL error 6: Could not resolve host: api.worldbank.org (see https://curl.se/libcurl/c/libcurl-errors.html) for https://api.worldbank.org/v2/country/US/indicator/NE.IMP.GNFS.CD?format=json&date=2025%3A2025&per_page=1  
[2026-07-18 16:42:03] local.ERROR: [openmeteo] cURL error 6: Could not resolve host: api.open-meteo.com (see https://curl.se/libcurl/c/libcurl-errors.html) for https://api.open-meteo.com/v1/forecast?latitude=36.2048&longitude=138.2529&current=temperature_2m%2Capparent_temperature%2Cprecipitation%2Cwindspeed_10m%2Cwindgusts_10m%2Cweathercode%2Ccloudcover%2Crelativehumidity_2m&timezone=auto&forecast_days=1  
[2026-07-18 16:42:03] local.ERROR: [worldbank] cURL error 6: Could not resolve host: api.worldbank.org (see https://curl.se/libcurl/c/libcurl-errors.html) for https://api.worldbank.org/v2/country/JP/indicator/NY.GDP.MKTP.CD?format=json&date=2025%3A2025&per_page=1  
[2026-07-18 16:42:03] local.ERROR: [worldbank] cURL error 6: Could not resolve host: api.worldbank.org (see https://curl.se/libcurl/c/libcurl-errors.html) for https://api.worldbank.org/v2/country/JP/indicator/NY.GDP.PCAP.CD?format=json&date=2025%3A2025&per_page=1  
[2026-07-18 16:42:03] local.ERROR: [worldbank] cURL error 6: Could not resolve host: api.worldbank.org (see https://curl.se/libcurl/c/libcurl-errors.html) for https://api.worldbank.org/v2/country/JP/indicator/FP.CPI.TOTL.ZG?format=json&date=2025%3A2025&per_page=1  
[2026-07-18 16:42:03] local.ERROR: [worldbank] cURL error 6: Could not resolve host: api.worldbank.org (see https://curl.se/libcurl/c/libcurl-errors.html) for https://api.worldbank.org/v2/country/JP/indicator/SL.UEM.TOTL.ZS?format=json&date=2025%3A2025&per_page=1  
[2026-07-18 16:42:03] local.ERROR: [worldbank] cURL error 6: Could not resolve host: api.worldbank.org (see https://curl.se/libcurl/c/libcurl-errors.html) for https://api.worldbank.org/v2/country/JP/indicator/SP.POP.TOTL?format=json&date=2025%3A2025&per_page=1  
[2026-07-18 16:42:03] local.ERROR: [worldbank] cURL error 6: Could not resolve host: api.worldbank.org (see https://curl.se/libcurl/c/libcurl-errors.html) for https://api.worldbank.org/v2/country/JP/indicator/NE.EXP.GNFS.CD?format=json&date=2025%3A2025&per_page=1  
[2026-07-18 16:42:03] local.ERROR: [worldbank] cURL error 6: Could not resolve host: api.worldbank.org (see https://curl.se/libcurl/c/libcurl-errors.html) for https://api.worldbank.org/v2/country/JP/indicator/NE.IMP.GNFS.CD?format=json&date=2025%3A2025&per_page=1  
[2026-07-18 16:42:44] local.WARNING: [gnews] HTTP 400 → https://gnews.io/api/v4/search  
[2026-07-18 16:43:21] local.ERROR: [worldbank] cURL error 28: Operation timed out after 15013 milliseconds with 0 bytes received (see https://curl.se/libcurl/c/libcurl-errors.html) for https://api.worldbank.org/v2/country/AU/indicator/FP.CPI.TOTL.ZG?format=json&date=2021%3A2025&per_page=5  
[2026-07-18 16:43:22] local.WARNING: [exchangerate] HTTP 404 → https://v6.exchangerate-api.com/v6/your_exchangerate_api_key_here/latest/USD  
[2026-07-18 16:52:52] local.WARNING: [exchangerate] HTTP 404 → https://v6.exchangerate-api.com/v6/your_exchangerate_api_key_here/latest/USD  
[2026-07-18 16:53:57] local.WARNING: [exchangerate] HTTP 404 → https://v6.exchangerate-api.com/v6/your_exchangerate_api_key_here/latest/USD  
[2026-07-18 16:53:58] local.WARNING: [exchangerate] HTTP 404 → https://v6.exchangerate-api.com/v6/your_exchangerate_api_key_here/latest/USD  
[2026-07-18 16:53:59] local.WARNING: [exchangerate] HTTP 404 → https://v6.exchangerate-api.com/v6/your_exchangerate_api_key_here/latest/USD  
[2026-07-18 16:54:33] local.WARNING: [exchangerate] HTTP 404 → https://v6.exchangerate-api.com/v6/your_exchangerate_api_key_here/latest/USD  
[2026-07-18 16:54:35] local.WARNING: [exchangerate] HTTP 404 → https://v6.exchangerate-api.com/v6/your_exchangerate_api_key_here/latest/USD  
[2026-07-18 16:54:36] local.WARNING: [exchangerate] HTTP 404 → https://v6.exchangerate-api.com/v6/your_exchangerate_api_key_here/latest/USD  
[2026-07-21 00:57:04] local.WARNING: [exchangerate] HTTP 404 → https://v6.exchangerate-api.com/v6/your_exchangerate_api_key_here/latest/USD  
[2026-07-21 00:57:07] local.WARNING: [exchangerate] HTTP 404 → https://v6.exchangerate-api.com/v6/your_exchangerate_api_key_here/latest/USD  
[2026-07-21 00:57:09] local.WARNING: [exchangerate] HTTP 404 → https://v6.exchangerate-api.com/v6/your_exchangerate_api_key_here/latest/USD  
[2026-07-21 00:57:15] local.WARNING: [exchangerate] HTTP 404 → https://v6.exchangerate-api.com/v6/your_exchangerate_api_key_here/latest/EUR  
[2026-07-21 00:57:17] local.WARNING: [exchangerate] HTTP 404 → https://v6.exchangerate-api.com/v6/your_exchangerate_api_key_here/latest/USD  
[2026-07-21 00:57:18] local.WARNING: [exchangerate] HTTP 404 → https://v6.exchangerate-api.com/v6/your_exchangerate_api_key_here/latest/USD  
[2026-07-21 00:57:29] local.WARNING: [exchangerate] HTTP 404 → https://v6.exchangerate-api.com/v6/your_exchangerate_api_key_here/latest/JPY  
[2026-07-21 00:57:31] local.WARNING: [exchangerate] HTTP 404 → https://v6.exchangerate-api.com/v6/your_exchangerate_api_key_here/latest/USD  
[2026-07-21 00:57:31] local.WARNING: [exchangerate] HTTP 404 → https://v6.exchangerate-api.com/v6/your_exchangerate_api_key_here/latest/USD  
[2026-07-21 00:57:37] local.WARNING: [exchangerate] HTTP 404 → https://v6.exchangerate-api.com/v6/your_exchangerate_api_key_here/latest/USD  
[2026-07-21 00:57:37] local.WARNING: [exchangerate] HTTP 404 → https://v6.exchangerate-api.com/v6/your_exchangerate_api_key_here/latest/USD  
[2026-07-21 00:57:44] local.WARNING: [exchangerate] HTTP 404 → https://v6.exchangerate-api.com/v6/your_exchangerate_api_key_here/latest/CNY  
[2026-07-21 00:57:45] local.WARNING: [exchangerate] HTTP 404 → https://v6.exchangerate-api.com/v6/your_exchangerate_api_key_here/latest/USD  
[2026-07-21 00:57:46] local.WARNING: [exchangerate] HTTP 404 → https://v6.exchangerate-api.com/v6/your_exchangerate_api_key_here/latest/USD  
[2026-07-21 00:58:22] local.WARNING: [exchangerate] HTTP 404 → https://v6.exchangerate-api.com/v6/your_exchangerate_api_key_here/latest/USD  
[2026-07-21 00:58:24] local.WARNING: [exchangerate] HTTP 404 → https://v6.exchangerate-api.com/v6/your_exchangerate_api_key_here/latest/USD  
[2026-07-21 00:58:25] local.WARNING: [exchangerate] HTTP 404 → https://v6.exchangerate-api.com/v6/your_exchangerate_api_key_here/latest/USD  
[2026-07-21 01:12:40] local.WARNING: [exchangerate] HTTP 404 → https://v6.exchangerate-api.com/v6/your_exchangerate_api_key_here/latest/USD  
[2026-07-21 01:12:40] local.WARNING: [exchangerate] HTTP 404 → https://v6.exchangerate-api.com/v6/your_exchangerate_api_key_here/latest/USD  
[2026-07-21 01:12:45] local.WARNING: [exchangerate] HTTP 404 → https://v6.exchangerate-api.com/v6/your_exchangerate_api_key_here/latest/USD  
[2026-07-21 01:12:46] local.WARNING: [exchangerate] HTTP 404 → https://v6.exchangerate-api.com/v6/your_exchangerate_api_key_here/latest/USD  
[2026-07-21 01:13:07] local.WARNING: [exchangerate] HTTP 404 → https://v6.exchangerate-api.com/v6/your_exchangerate_api_key_here/latest/USD  
[2026-07-21 01:16:10] local.WARNING: [exchangerate] HTTP 404 → https://v6.exchangerate-api.com/v6/your_exchangerate_api_key_here/latest/USD  
[2026-07-21 01:16:10] local.WARNING: [exchangerate] HTTP 404 → https://v6.exchangerate-api.com/v6/your_exchangerate_api_key_here/latest/USD  
[2026-07-21 01:17:28] local.WARNING: [exchangerate] HTTP 404 → https://v6.exchangerate-api.com/v6/your_exchangerate_api_key_here/latest/USD  
[2026-07-21 01:17:30] local.WARNING: [exchangerate] HTTP 404 → https://v6.exchangerate-api.com/v6/your_exchangerate_api_key_here/latest/USD  
[2026-07-21 01:17:30] local.WARNING: [exchangerate] HTTP 404 → https://v6.exchangerate-api.com/v6/your_exchangerate_api_key_here/latest/USD  
[2026-07-21 01:17:35] local.WARNING: [exchangerate] HTTP 404 → https://v6.exchangerate-api.com/v6/your_exchangerate_api_key_here/latest/USD  
[2026-07-21 01:17:36] local.WARNING: [exchangerate] HTTP 404 → https://v6.exchangerate-api.com/v6/your_exchangerate_api_key_here/latest/USD  
[2026-07-21 01:17:43] local.WARNING: [exchangerate] HTTP 404 → https://v6.exchangerate-api.com/v6/your_exchangerate_api_key_here/latest/USD  
[2026-07-21 01:17:43] local.WARNING: [exchangerate] HTTP 404 → https://v6.exchangerate-api.com/v6/your_exchangerate_api_key_here/latest/USD  
[2026-07-21 01:17:55] local.WARNING: [exchangerate] HTTP 404 → https://v6.exchangerate-api.com/v6/your_exchangerate_api_key_here/latest/USD  
[2026-07-21 22:00:55] local.WARNING: [exchangerate] HTTP 404 → https://v6.exchangerate-api.com/v6/your_exchangerate_api_key_here/latest/USD  
[2026-07-21 22:00:57] local.WARNING: [exchangerate] HTTP 404 → https://v6.exchangerate-api.com/v6/your_exchangerate_api_key_here/latest/USD  
[2026-07-21 22:00:58] local.WARNING: [exchangerate] HTTP 404 → https://v6.exchangerate-api.com/v6/your_exchangerate_api_key_here/latest/USD  
[2026-07-21 22:00:59] local.WARNING: [exchangerate] HTTP 404 → https://v6.exchangerate-api.com/v6/your_exchangerate_api_key_here/latest/USD  
[2026-07-21 22:01:05] local.WARNING: [exchangerate] HTTP 404 → https://v6.exchangerate-api.com/v6/your_exchangerate_api_key_here/latest/SGD  
[2026-07-21 22:01:06] local.WARNING: [exchangerate] HTTP 404 → https://v6.exchangerate-api.com/v6/your_exchangerate_api_key_here/latest/USD  
[2026-07-21 22:01:07] local.WARNING: [exchangerate] HTTP 404 → https://v6.exchangerate-api.com/v6/your_exchangerate_api_key_here/latest/USD  
[2026-07-21 22:01:11] local.WARNING: [exchangerate] HTTP 404 → https://v6.exchangerate-api.com/v6/your_exchangerate_api_key_here/latest/EUR  
[2026-07-21 22:01:13] local.WARNING: [exchangerate] HTTP 404 → https://v6.exchangerate-api.com/v6/your_exchangerate_api_key_here/latest/USD  
[2026-07-21 22:01:14] local.WARNING: [exchangerate] HTTP 404 → https://v6.exchangerate-api.com/v6/your_exchangerate_api_key_here/latest/USD  
[2026-07-21 22:01:20] local.WARNING: [exchangerate] HTTP 404 → https://v6.exchangerate-api.com/v6/your_exchangerate_api_key_here/latest/USD  
[2026-07-21 23:42:42] local.WARNING: [gnews] HTTP 400 → https://gnews.io/api/v4/search  
[2026-07-21 23:46:54] local.WARNING: [exchangerate] HTTP 404 → https://v6.exchangerate-api.com/v6/your_exchangerate_api_key_here/latest/USD  
[2026-07-21 23:46:55] local.WARNING: [exchangerate] HTTP 404 → https://v6.exchangerate-api.com/v6/your_exchangerate_api_key_here/latest/USD  
[2026-07-21 23:46:56] local.WARNING: [exchangerate] HTTP 404 → https://v6.exchangerate-api.com/v6/your_exchangerate_api_key_here/latest/USD  
[2026-07-21 23:51:51] local.WARNING: [worldbank] HTTP 400 → https://api.worldbank.org/v2/country/VN/indicator/NY.GDP.MKTP.CD  
[2026-07-21 23:52:20] local.ERROR: [worldbank] cURL error 28: Operation timed out after 15003 milliseconds with 0 bytes received (see https://curl.se/libcurl/c/libcurl-errors.html) for https://api.worldbank.org/v2/country/VN/indicator/FP.CPI.TOTL.ZG?format=json&date=2025%3A2025&per_page=1  
[2026-07-21 23:52:35] local.ERROR: [worldbank] cURL error 28: Operation timed out after 15002 milliseconds with 0 bytes received (see https://curl.se/libcurl/c/libcurl-errors.html) for https://api.worldbank.org/v2/country/VN/indicator/SL.UEM.TOTL.ZS?format=json&date=2025%3A2025&per_page=1  
[2026-07-21 23:52:50] local.ERROR: [worldbank] cURL error 28: Operation timed out after 15011 milliseconds with 0 bytes received (see https://curl.se/libcurl/c/libcurl-errors.html) for https://api.worldbank.org/v2/country/VN/indicator/SP.POP.TOTL?format=json&date=2025%3A2025&per_page=1  
[2026-07-21 23:56:16] local.WARNING: [exchangerate] HTTP 404 → https://v6.exchangerate-api.com/v6/your_exchangerate_api_key_here/latest/USD  
[2026-07-21 23:57:43] local.WARNING: [gnews] HTTP 400 → https://gnews.io/api/v4/search  
[2026-07-21 23:57:46] local.WARNING: [gnews] HTTP 400 → https://gnews.io/api/v4/search  
[2026-07-21 23:57:49] local.WARNING: [gnews] HTTP 400 → https://gnews.io/api/v4/search  
[2026-07-21 23:57:52] local.WARNING: [gnews] HTTP 400 → https://gnews.io/api/v4/search  
[2026-07-22 00:20:06] local.ERROR: [worldbank] cURL error 28: Operation timed out after 15009 milliseconds with 0 bytes received (see https://curl.se/libcurl/c/libcurl-errors.html) for https://api.worldbank.org/v2/country/BR/indicator/NY.GDP.MKTP.CD?format=json&date=2021%3A2025&per_page=5  
[2026-07-22 00:20:21] local.ERROR: [worldbank] cURL error 28: Operation timed out after 15008 milliseconds with 0 bytes received (see https://curl.se/libcurl/c/libcurl-errors.html) for https://api.worldbank.org/v2/country/BR/indicator/FP.CPI.TOTL.ZG?format=json&date=2021%3A2025&per_page=5  
[2026-07-22 00:20:22] local.WARNING: [exchangerate] HTTP 404 → https://v6.exchangerate-api.com/v6/your_exchangerate_api_key_here/latest/USD  
[2026-07-22 00:20:23] local.WARNING: [exchangerate] HTTP 404 → https://v6.exchangerate-api.com/v6/your_exchangerate_api_key_here/latest/USD  
[2026-07-22 00:20:40] local.WARNING: [exchangerate] HTTP 404 → https://v6.exchangerate-api.com/v6/your_exchangerate_api_key_here/latest/USD  
[2026-07-22 00:20:41] local.WARNING: [exchangerate] HTTP 404 → https://v6.exchangerate-api.com/v6/your_exchangerate_api_key_here/latest/USD  
[2026-07-22 00:20:55] local.WARNING: [exchangerate] HTTP 404 → https://v6.exchangerate-api.com/v6/your_exchangerate_api_key_here/latest/USD  
[2026-07-22 00:20:56] local.WARNING: [exchangerate] HTTP 404 → https://v6.exchangerate-api.com/v6/your_exchangerate_api_key_here/latest/USD  
[2026-07-22 00:21:57] local.WARNING: [exchangerate] HTTP 404 → https://v6.exchangerate-api.com/v6/your_exchangerate_api_key_here/latest/USD  
[2026-07-22 00:21:58] local.WARNING: [exchangerate] HTTP 404 → https://v6.exchangerate-api.com/v6/your_exchangerate_api_key_here/latest/USD  
[2026-07-22 00:21:59] local.WARNING: [exchangerate] HTTP 404 → https://v6.exchangerate-api.com/v6/your_exchangerate_api_key_here/latest/USD  
[2026-07-22 00:22:04] local.WARNING: [exchangerate] HTTP 404 → https://v6.exchangerate-api.com/v6/your_exchangerate_api_key_here/latest/EUR  
[2026-07-22 00:22:05] local.WARNING: [exchangerate] HTTP 404 → https://v6.exchangerate-api.com/v6/your_exchangerate_api_key_here/latest/USD  
[2026-07-22 00:22:06] local.WARNING: [exchangerate] HTTP 404 → https://v6.exchangerate-api.com/v6/your_exchangerate_api_key_here/latest/USD  
[2026-07-22 00:24:33] local.WARNING: [exchangerate] HTTP 404 → https://v6.exchangerate-api.com/v6/your_exchangerate_api_key_here/latest/USD  
[2026-07-22 00:29:22] local.WARNING: [exchangerate] HTTP 404 → https://v6.exchangerate-api.com/v6/your_exchangerate_api_key_here/latest/USD  
[2026-07-22 00:29:23] local.WARNING: [exchangerate] HTTP 404 → https://v6.exchangerate-api.com/v6/your_exchangerate_api_key_here/latest/USD  
[2026-07-22 00:29:24] local.WARNING: [exchangerate] HTTP 404 → https://v6.exchangerate-api.com/v6/your_exchangerate_api_key_here/latest/USD  
[2026-07-22 00:29:40] local.WARNING: [exchangerate] HTTP 404 → https://v6.exchangerate-api.com/v6/your_exchangerate_api_key_here/latest/USD  
[2026-07-22 00:29:54] local.WARNING: [exchangerate] HTTP 404 → https://v6.exchangerate-api.com/v6/your_exchangerate_api_key_here/latest/USD  
